:020000040000fa
:020000041fc01b
:042ff000fffffffae6
:020000040000fa
:020000041fc01b
:042ff400d9fff8ff0a
:020000040000fa
:020000041fc01b
:042ff800fbcc7fff90
:020000040000fa
:020000041fc01b
:042ffc00f7ffff7f5d
:020000040000fa
:020000041fc01b
:10000000c0bf1a3c10005a2708004003000000003f
:1000100000601a40c0045a7f050040130000000031
:10002000029d1a3cbc275a2708004003000000002c
:1000300002a01d3cf0ffbd2701a01c3c30809c2786
:100040000260094020582001801e2a7d8449497d94
:1000500002608940c000000000e0dc4102608b408b
:10006000029d083ce428082509f800010000000072
:1000700000a0083c5800082500a0093c3438292578
:100080000600001000000000000000ad040000adfc
:10009000080000ad0c0000ad100008252b08090178
:1000a000f9ff201400000000029d083ca0e2082592
:1000b0000000098d180020110400082500000a8d99
:1000c0000400082500000b8d0900601104000825bc
:1000d00000000c91ffff4a250100082500002ca11b
:1000e000fbff40150100292505000010000000005d
:1000f000000020a1ffff4a25fdff40150100292532
:1001000003000825fcff0a24244048010000098d53
:10011000e7ff2015000000000000093c0000292531
:1001200010002011000000000200093c00002925f9
:1001300088bf0a3c10204a25000049ad0200093c56
:100140000000292588bf0a3c20204a25000049ad2f
:100150000200093c0000292588bf0a3c30204a25be
:10016000000049ad00488040ffff0a2400588a4043
:10017000c09f093c00102925017889400000093cf6
:100180000100292500000a2444492a7d01608a4093
:100190008000093c00688940008008408005097d96
:1001a000404c0900006008405800013c2440010117
:1001b0002540280100608840029d083cec28082565
:1001c00009f800010000000000600840bfff013c8a
:1001d000ffff21342440010100608840000084308a
:1001e0000000a530029d083c5c280825080000019d
:0401f000000000000b
:020000040000fa
:020000041fc01b
:10038000029d1a3cc0285a270800400300000000c4
:020000040000fa
:020000041fc01b
:10118000029d1a3cec0f5a270800400300000000a3
:020000040000fa
:020000041fc01b
:08128000b677400b00000000ee
:020000040000fa
:020000041fc01b
:081820005e37400b00000000e0
:020000040000fa
:020000041d00dd
:100000000000000000001440000000000000394023
:1000100000000000008883400000000084d71741e2
:100020000080e03779c34142176e05b5b5b89344f7
:10003000f5f93fe9034f3849321d30f948778252cc
:080040003cbf737fdd4f156525
:020000040000fa
:020000041d00dd
:10005000e0ffbd271c00bfaf1800beaf21f0a0031a
:1000600011808393108082933d0062100000000095
:1000700011808393fe0002241c0062100000000027
:100080001180829301a0043c00190200801003003b
:100090002310430078ed8324211043000000428c9c
:1000a000d4ff44241180829301a0053c0019020072
:1000b000801003002310430078eda3242110430097
:1000c0002c0042902118400001a0023c78f042240c
:1000d0002c0005241000a5af21286000213040002d
:1000e000010007247321400f00000000108082935c
:1000f000118082a301a0023c78f0442410808293f6
:1001000001a0053c001902008010030023104300e9
:1001100078eda324211043000000428cd4ff462434
:100120001080829301a0053c00190200801003009a
:100130002310430078eda324211043002c004290ab
:100140002c0003241000a3af010005242138400037
:100150007321400f000000005900400b0000000018
:100160000000000021e8c0031c00bf8f1800be8ff4
:100170002000bd270800e00300000000d0ffbd27dd
:100180002c00bfaf2800beaf21f0a00300a0023cae
:10019000483842241400c2af3080829709004014ce
:1001a00000000000774e400f00000000ffff4230cb
:1001b000ff074230ffff423000044224ffff42307d
:1001c000308082a701a0023ca4f044242128000032
:1001d000900106244385400f000000001800c0a3d2
:1001e0001000c0a31501400b000000001000c293d6
:1001f000108082a31000c293029d043c40180200ac
:100200008010030023104300c01c832421104300ee
:10021000010042901900c2a31000c293029d043c49
:10022000401802008010030023104300c01c8324e8
:1002300021104300020042941a00c2a71000c2938a
:10024000029d043c4018020080100300231043006c
:10025000c01c832421104300040042941c00c2a748
:100260001900c39301000224030062100000000083
:100270001301400b000000001400c28f2000c2af29
:100280001a00c3971c00c297211862001400c28f85
:10029000211062002e0042241400c2af00000000b2
:1002a00000a0023c4838432430b5023421106200db
:1002b0001400c38f2b104300f9ff4014000000000e
:1002c0001080829301a0043c0019020080100300fa
:1002d0002310430078ed8324211043001900c393b9
:1002e0002c0043a0108082932000c38f2c00642434
:1002f00001a0053c001902008010030023104300f8
:1003000078eda32421104300000044ac10808293b8
:10031000212840001080829301a0043c00190200b3
:10032000801003002310430078ed83242110430044
:100330000000438c1a00c297211062000100432480
:1003400001a0023c78ed44242110a000001102001d
:10035000802802002310a20021108200040043ac78
:1003600010808293211840001080829301a0043ce9
:1003700078ed842400110200802802002310a200de
:10038000211082000400448c1c00c29721208200ae
:1003900001a0053c2110600000190200801003003c
:1003a0002310430078eda32421104300080044ac3f
:1003b0001080829301a0033c78ed632400110200b9
:1003c0008020020023108200211062000d0003240f
:1003d000240043ac1080829301a0043c0019020069
:1003e000801003002310430078ed8324211843007c
:1003f0002800628cc418027c280062ac1400400ff4
:10040000000000001000c293029d043c401802004e
:100410008010030023104300c01c832421104300dc
:100420000000439001a0023c78f042242b0043a03e
:100430002b15400f000000001000c2930100422461
:100440001000c2a31501400b000000001301400b77
:10045000000000001000c2931000422c63ff401403
:100460000000000021e8c0032c00bf8f2800be8fd1
:100470003000bd270800e00300000000d8ffbd27c2
:100480002400bfaf2000beaf1c00b0af21f0a0031e
:100490002800c4af2120a0002118c0002110e000d6
:1004a0002c00c4a33000c3a73400c2a31000c0a313
:1004b0003202400b000000001000c293108082a3a3
:1004c0001080829301a0033c78ed632400110200a8
:1004d0008020020023108200211062002400438c3f
:1004e0000d000224f1006214000000001400400f0f
:1004f0000000000001a0023c78f042242b00429052
:100500003400c393ec0062140000000001a0023c20
:1005100078f0422418020324280043a42c00c2933c
:10052000240040140000000001a0023c78f04224a6
:100530003000c397120043a41080829301a0043cb2
:1005400000190200801003002310430078ed83247b
:10055000211843002800628c01000424c418827c06
:10056000280062ac1080829301a0033c78ed6324e4
:10057000001102008020020023108200211062007e
:1005800004000324240043ac1080829301a0043ca7
:1005900000190200801003002310430078ed83242b
:1005a000211043003000c3972a0043a42802400bc7
:1005b00000000000308082970004422c05004014a7
:1005c00000000000308082978913422c0300401401
:1005d0000000000000040224308082a7308082974f
:1005e00001a0033c78f06324120062a401004224bd
:1005f000ffff4230308082a701a0023c78f0422405
:100600003000c397100043a41080829321804000e3
:100610005677400f000000002118400001a0023c66
:1006200078ed44242110000200110200802802000d
:100630002310a200211082001c0043ac1080829382
:1006400001a0043c001902008010030023104300a5
:1006500078ed8324211843002800628c01000424d3
:100660000421827c280062ac2c00c2930300032486
:10067000250043100000000004004328060060101d
:100680000000000001004228850040140000000026
:10069000ab01400b0000000004000324480043109d
:1006a000000000002802400b000000002800c38f5b
:1006b00001a0023c78f04224180043ac2c00c29305
:1006c000020042380100422cff00443001a0023ced
:1006d00078f043242400628c8494827c240062acf1
:1006e0001080829301a0033c78ed63240011020086
:1006f000802002002310820021106200240040ac00
:100700002802400b00000000108082932800c327bd
:10071000020064942800c32700006394211883001a
:10072000ffff64303000c39721188300ffff633060
:100730002026037c01a0033c78f06324120063941c
:10074000201e037c26188300201e037cffff6430dc
:1007500001a0053c00190200801003002310430093
:1007600078eda324211043002a0044a42800c38f5d
:1007700001a0023c78f04224180043ac01a0023ce6
:1007800078f042242a0040a001a0023c3101032459
:1007900078f043ac1080829301a0033c78ed632491
:1007a000001102008020020023108200211062004c
:1007b00002000324240043ac2802400b0000000088
:1007c00010808293211840002800c28f02004490bc
:1007d000030042900012020025104400ffff443045
:1007e0002800c28f000045900100429000120200d4
:1007f00025104500ffff423021108200ffff4430ea
:100800003000c29721108200ffff42302026027c78
:1008100001a0023c78f04224120042942016027c8f
:10082000261082002016027cffff443001a0053c08
:100830002110600000190200801003002310430003
:1008400078eda324211043002a0044a42800c28f7d
:1008500001a0033c90f06424212840000a000624f3
:10086000e47f400f000000001080829301a0033c51
:1008700078ed632400110200802002002310820022
:100880002110620005000324240043ac020004246c
:1008900001000524e90f400f0000000000000000e7
:1008a0001000c2933702400b00000000000000005f
:1008b0002f02400b00000000000000001000c29357
:1008c000010042241000c2a31000c2931000422c69
:1008d000f9fe401400000000fe00022421e8c003dd
:1008e0002400bf8f2000be8f1c00b08f2800bd27c2
:1008f0000800e00300000000f8ffbd270400beafc1
:1009000021f0a003211080000800c2a30800c293b8
:100910001000422c040040140000000001000224da
:100920006602400b000000000800c293108082a302
:100930001080829301a0043c001902008010030083
:100940002310430078ed8324211043002800428cbb
:100950000003427cff0042300e0040100000000007
:100960001080829301a0043c001902008010030053
:100970002310430078ed8324211843002800628c63
:100980000463027c280062ac010002246602400b72
:10099000000000002110000021e8c0030400be8f09
:1009a0000800bd270800e00300000000f8ffbd2795
:1009b0000400beaf21f0a003211080000800c2a3f4
:1009c0000800c2931000422c0400401400000000f4
:1009d000211000008302400b000000000800c293b9
:1009e000108082a31080829301a0033c78ed6324e1
:1009f00000110200802002002310820021106200fa
:100a00002400428c070042380100422c21e8c00338
:100a10000400be8f0800bd270800e00300000000ae
:100a2000f8ffbd270400beaf21f0a0032110800015
:100a30000800c2a30800c293108082a31080829392
:100a400001a0033c78ed6324001102008020020025
:100a500023108200211062002400428cff004230eb
:100a600021e8c0030400be8f0800bd270800e00392
:100a700000000000e8ffbd271400bfaf1000beafac
:100a800021f0a003211080001800c2a31800c29317
:100a90001000422c9c004010000000001800c2937f
:100aa000108082a3108082932118400010808293ce
:100ab00001a0043c78ed842400110200802802008b
:100ac0002310a200211082001400448c01a0053cd8
:100ad0002110600000190200801003002310430061
:100ae00078eda32421104300180044ac10808293b9
:100af00001a0033c78ed6324001102008020020075
:100b000023108200211062002400428c0f00432c2d
:100b1000740060100000000080180200009d023c7c
:100b2000340b4224211062000000428c0800400077
:100b300000000000880b009d700b009d880b009d3d
:100b4000880b009de40c009d880b009d980b009d78
:100b5000980b009de40c009de40c009de40c009dae
:100b6000280c009de40c009de40c009db80c009d39
:100b70008f5f400f000000002b15400f00000000a9
:100b80004303400b000000002b15400f0000000045
:100b90004303400b00000000110004240100052461
:100ba000e90f400f0000000001a0023c78f0422451
:100bb0001400429410004010000000001080829346
:100bc00001a0033c78ed63240011020080200200a4
:100bd00023108200211062000c00438c01a0023c13
:100be00078f042240c00428cebff621400000000fd
:100bf000ff02400b00000000000000001080829304
:100c000001a0033c78ed6324001102008020020063
:100c1000231082002110620008000324240043ac4a
:100c20004303400b000000001100042401000524d0
:100c3000e90f400f0000000001a0023c78f04224c0
:100c400014004294100040100000000010808293b5
:100c500001a0033c78ed6324001102008020020013
:100c600023108200211062000c00438c01a0023c82
:100c700078f042240c00428cebff6214000000006c
:100c80002303400b0000000000000000108082934e
:100c900001a0033c78ed63240011020080200200d3
:100ca00023108200211062000c000324240043acb6
:100cb0004303400b000000001080829301a0033c1e
:100cc00078ed6324001102008020020023108200ce
:100cd000211062000d000324240043ac4303400ba9
:100ce000000000001400042421280000e90f400f38
:100cf000000000002b15400f000000000000000065
:100d00004303400b000000000000000021e8c00386
:100d10001400bf8f1000be8f1800bd270800e0032d
:100d200000000000e8ffbd271400bfaf1000beaff9
:100d300021f0a003211080001800c2a31800c29364
:100d40001000422c13004010000000001800c29355
:100d5000108082a31080829301a0043c001902003d
:100d6000801003002310430078ed832421184300f2
:100d70002800628cc418027c280062ac1800c29360
:100d8000212040009d02400f000000006603400b40
:100d9000000000000000000021e8c0031400bf8f25
:100da0001000be8f1800bd270800e00300000000ff
:100db000e8ffbd271400bfaf1000beaf21f0a003b5
:100dc000211080001800c2a31800c2931000422c0a
:100dd0000400401400000000211000008c03400bb0
:100de000000000001800c293108082a31400400f7e
:100df0000000000001a0023c34f2442401a0023ca7
:100e000090f045240a000624e47f400f0000000013
:100e100001a0023c78f042241000439401a0023c5f
:100e200034f242240a0043a401a0023c34f24224da
:100e300021e8c0031400bf8f1000be8f1800bd272b
:100e40000800e00300000000e8ffbd271400bfaf6a
:100e50001000beaf21f0a003211080001800c2a333
:100e60001800c2931000422c18004010000000002f
:100e70001800c293108082a31400400f00000000ed
:100e80001080829301a0033c78ed632400110200de
:100e90008020020023108200211062000c00438c8d
:100ea00001a0023c78f042240c00428c0800621041
:100eb000000000001000042401000524e90f400f89
:100ec00000000000b403400b000000000000000020
:100ed00021e8c0031400bf8f1000be8f1800bd278b
:100ee0000800e00300000000f0ffbd270c00beafcb
:100ef00021f0a003211080001000c2a31000c293b3
:100f00001000422c040040140000000021100000da
:100f10003304400b000000001000c293108082a335
:100f20001080829301a0033c78ed6324001102003d
:100f30008020020023108200211062002400428cd5
:100f40000000c2a30000c39307000224080062103f
:100f5000000000000000c3930b0002240400621094
:100f600000000000211000003304400b00000000ce
:100f70001080829301a0033c78ed632400110200ed
:100f80008020020023108200211062000c00448c9b
:100f90001080829301a0053c00190200801003001c
:100fa0002310430078eda324211043001000428c4d
:100fb0002b1082002f00401400000000108082934c
:100fc00001a0033c78ed63240011020080200200a0
:100fd00023108200211062000400428cffff443085
:100fe0001080829301a0053c0019020080100300cc
:100ff0002310430078eda324211043000000428c0d
:10100000ffff423023108200ffff443010808293a4
:1010100001a0053c001902008010030023104300ca
:1010200078eda324211043001000428cffff4330d1
:101030001080829301a0053c78eda52400110200e8
:10104000803002002310c2002110a2000c00428c4c
:10105000ffff423023106200ffff42302110820068
:10106000ffff4230ffff4224ffff42303304400bba
:10107000000000001080829301a0043c00190200cf
:10108000801003002310430078ed832421104300d7
:101090001000428cffff43301080829301a0043c7b
:1010a00078ed842400110200802802002310a200a1
:1010b000211082000c00428cffff4230231062009e
:1010c000ffff4230ffff4224ffff423021e8c00310
:1010d0000c00be8f1000bd270800e00300000000d8
:1010e000d0ffbd272c00bfaf2800beaf2400b0af9b
:1010f00021f0a003211880002110a0003000c3a31c
:101100003400c2a33000c2931000422c04004014eb
:1011100000000000211000000e05400b0000000040
:101120003000c293108082a33000c293212040007f
:10113000ba03400f000000001800c2a71800c297b1
:101140000400401400000000211000000e05400bb8
:10115000000000001800c39701000224050062147b
:10116000000000003000c293212040009203400f95
:10117000000000001080829301a0043c00190200ce
:10118000801003002310430078ed832421104300d6
:101190002800428c0002427cff00423026004014ae
:1011a000000000001800c4971080829301a0033c47
:1011b00078ed632400110200802802002310a200b1
:1011c000211062000400458c1080829301a0063c2f
:1011d00000190200801003002310430078edc3249f
:1011e000211043000000428c2310a2004210020094
:1011f0002b10440010004014000000003000c29387
:10120000212040009203400f0000000010808293d4
:1012100001a0043c001902008010030023104300c9
:1012200078ed8324211843002800628c01000424f7
:101230000442827c280062ac1080829301a0033caf
:1012400078ed632400110200802002002310820048
:10125000211062000c00448c1080829301a0053c98
:1012600000190200801003002310430078eda3242e
:10127000211043002c004290211840003400c22766
:10128000010005241000a5af212860002130400096
:10129000010007247321400f00000000108082939a
:1012a00001a0033c78ed64242118400000190300dc
:1012b000802803002318a300211883000c00638cee
:1012c0000100642401a0033c78ed6524211840004e
:1012d00000190300803003002318c3002118a30065
:1012e0000c0064ac01a0033c78ed63240011020003
:1012f0008020020023108200211062000c00438c29
:101300001080829301a0043c78ed84240011020037
:10131000802802002310a200211082000400428cc9
:101320002b10620013004014000000001080829314
:10133000212840001080829301a0043c0019020083
:10134000801003002310430078ed83242110430014
:101350000000438c01a0023c78ed44242110a00041
:1013600000110200802802002310a2002110820038
:101370000c0043ac1800c39701000224070062145c
:10138000000000003000c293212040009203400f73
:10139000000000000d05400b00000000108082934b
:1013a00001a0043c00190200801003002310430038
:1013b00078ed8324211043002800428c4001427cb8
:1013c000ff0042301b004014000000001080829398
:1013d00001a0043c00190200801003002310430008
:1013e00078ed8324211843002800628c0100042436
:1013f0004429827c280062ac1080829321804000c6
:101400006477400f00000000ffff423030004224ac
:10141000ffff443001a0053c21100002001902002a
:10142000801003002310430078eda3242110430013
:10143000200044a40100022421e8c0032c00bf8f37
:101440002800be8f2400b08f3000bd270800e003c5
:1014500000000000d0ffbd272c00bfaf2800beafaa
:101460002400b0af21f0a003211880003400c5afe4
:101470002110c0003000c3a33800c2a71a00c0a7c3
:101480003000c2931000422c040040140000000001
:10149000211000003006400b000000003000c29315
:1014a000108082a33000c29321204000ba03400f75
:1014b000000000001c00c2a71c00c29708004014d6
:1014c000000000003000c293212040009203400f32
:1014d00000000000211000003006400b000000005a
:1014e0001c00c2971800c2a71c00c3973800c297ff
:1014f0002b10430003004010000000003800c2978a
:101500001800c2a71080829301a0043c00190200b9
:10151000801003002310430078ed83242110430042
:101520002800428c0002427cff004230260040141a
:10153000000000001c00c4971080829301a0033caf
:1015400078ed632400110200802802002310a2001d
:10155000211062000400458c1080829301a0063c9b
:1015600000190200801003002310430078edc3240b
:10157000211043000000428c2310a2004210020000
:101580002b10440010004014000000003000c293f3
:10159000212040009203400f000000001080829341
:1015a00001a0043c00190200801003002310430036
:1015b00078ed8324211843002800628c0100042464
:1015c0000442827c280062ac1080829301a0033c1c
:1015d00078ed6324001102008020020023108200b5
:1015e000211062000c00438c1800c2972118620081
:1015f0001080829301a0043c78ed84240011020045
:10160000802802002310a200211082000400428cd6
:101610002b106200480040140000000010808293ec
:1016200001a0033c78ed6324001102008020020039
:1016300023108200211062000400428cffff43301f
:101640001080829301a0043c78ed842400110200f4
:10165000802802002310a200211082000c00428c7e
:10166000ffff4230231062001a00c2a7108082934d
:1016700001a0033c78ed63240011020080200200e9
:1016800023108200211062000c00448c1080829391
:1016900001a0053c00190200801003002310430044
:1016a00078eda324211043002c0042902118400023
:1016b0003400c28f1a00c5971000a5af2128600022
:1016c00021304000010007247321400f000000007a
:1016d0001a00c2973400c38f211062003400c2afd9
:1016e0001800c3971a00c297231062001800c2a7ff
:1016f00010808293212840001080829301a0043c36
:1017000000190200801003002310430078ed8324a9
:10171000211043000000438c01a0023c78ed4424da
:101720002110a00000110200802802002310a20056
:10173000211082000c0043ac1080829301a0033c76
:1017400078ed632400110200802002002310820043
:10175000211062000c00448c1080829301a0053c93
:1017600000190200801003002310430078eda32429
:10177000211043002c004290211840003400c28ff9
:101780001800c5971000a5af212860002130400047
:10179000010007247321400f000000001080829395
:1017a000212840001080829301a0033c78ed63243f
:1017b000001102008020020023108200211062002c
:1017c0000c00438c1800c2972118620001a0023c53
:1017d00078ed44242110a0000011020080280200ae
:1017e0002310a200211082000c0043ac1c00c39700
:1017f0003800c2972b10430007004014000000007f
:101800003000c293212040009203400f00000000ee
:101810002c06400b000000001080829301a0043cc5
:1018200000190200801003002310430078ed832488
:10183000211043002800428c4001427cff004230ce
:101840001b004014000000001080829301a0043ca3
:1018500000190200801003002310430078ed832458
:10186000211843002800628c010004244429827c52
:10187000280062ac10808293218040006477400f82
:1018800000000000ffff423030004224ffff4430e0
:1018900001a0053c21100002001902008010030085
:1018a0002310430078eda32421104300200044a41a
:1018b0001800c3971a00c29721106200ffff423040
:1018c00021e8c0032c00bf8f2800be8f2400b08ffa
:1018d0003000bd270800e00300000000e0ffbd2746
:1018e0001c00bfaf1800beaf1400b0af21f0a003c2
:1018f000211080002400c5af2000c2a32000d09397
:101900002400c28f212040003e80400f00000000d4
:10191000ffff4230212000022400c58f213040000b
:101920001505400f000000002400c38f2110620045
:1019300021e8c0031c00bf8f1800be8f1400b08fb9
:101940002000bd270800e00300000000e0ffbd27e5
:101950001c00bfaf1800beaf21f0a0032110800013
:101960002000c2a32000c2931000422c04004014a7
:1019700000000000211000008106400b0000000064
:101980002000c293108082a31080829301a0033ca8
:1019900078ed6324001102008020020023108200f1
:1019a000211062000400428cffff443010808293bb
:1019b00001a0053c00190200801003002310430021
:1019c00078eda324211043000000428cffff423039
:1019d00023108200ffff4230ffff42241000c2a705
:1019e0002000c29321204000ba03400f00000000f5
:1019f0001200c2a71000c3971200c2972310620002
:101a0000ffff423021e8c0031c00bf8f1800be8fcb
:101a10002000bd270800e00300000000e8ffbd270c
:101a20001400bfaf1000beaf21f0a0032110800052
:101a30001800c2a31800c29321204000b106400f35
:101a40000000000019004010000000001800c293c0
:101a5000108082a31080829321184000108082930e
:101a600001a0043c78ed84240011020080280200cb
:101a70002310a200211082001400448c01a0053c18
:101a800021106000001902008010030023104300a1
:101a900078eda32421104300180044ac1000042466
:101aa00001000524e90f400f0000000021e8c003f9
:101ab0001400bf8f1000be8f1800bd270800e00380
:101ac00000000000f8ffbd270400beaf21f0a00316
:101ad000211080000800c2a30800c2931000422c0d
:101ae0000400401400000000211000001407400b07
:101af000000000000800c293108082a3108082932f
:101b000001a0033c78ed6324001102008020020054
:101b100023108200211062001400448c10808293f4
:101b200001a0053c001902008010030023104300af
:101b300078eda324211043001800428c2b10820062
:101b400017004014000000001080829301a0033ca5
:101b500078ed63240011020080200200231082002f
:101b6000211062001400428cffff443010808293e9
:101b700001a0053c0019020080100300231043005f
:101b800078eda324211043001800428cffff42305f
:101b900023108200ffff42301407400b00000000ba
:101ba0001080829301a0043c001902008010030001
:101bb0002310430078ed8324211043000800428c59
:101bc000ffff44301080829301a0053c0019020001
:101bd000801003002310430078eda324211043005c
:101be0001800428cffff423023108200ffff433079
:101bf0001080829301a0043c78ed8424001102003f
:101c0000802802002310a200211082001400428cc0
:101c1000ffff44301080829301a0053c78eda5249d
:101c200000110200803002002310c2002110a20027
:101c30000400428cffff423023108200ffff42303d
:101c400021106200ffff423001004224ffff4230ba
:101c500021e8c0030400be8f0800bd270800e00390
:101c600000000000d0ffbd272c00bfaf2800beaf92
:101c70002400b0af21f0a003211080003400c5afd4
:101c80003000c2a33000c29321204000b106400fb3
:101c9000000000001800c2a71800c29704004014fa
:101ca0000000000021100000b607400b00000000fb
:101cb0003000c293108082a33400c28f18004010fd
:101cc000000000003400c48f1080829301a0053c06
:101cd00000190200801003002310430078eda324b4
:101ce000211043001800468c1080829301a0053c0f
:101cf00000190200801003002310430078eda32494
:101d0000211043002c004290010003241000a3afd7
:101d100001000524213840007321400f000000001d
:101d20001080829301a0053c21184000002103008f
:101d3000801804002318640078eda424211864009e
:101d40001800638c0100652401a0063c21184000a6
:101d500000210300801804002318640078edc424d7
:101d600021186400180065ac01a0043c00190200b1
:101d7000801003002310430078ed832421104300da
:101d80001800448c1080829301a0053c00190200c9
:101d9000801003002310430078eda324211043009a
:101da0000800428c2b10440013004010000000007b
:101db00010808293211840001080829301a0043c7f
:101dc00078ed842400110200802802002310a20074
:101dd000211082000400448c01a0053c2110600009
:101de00000190200801003002310430078eda324a3
:101df00021104300180044ac1800c39701000224ce
:101e00000e006214000000001080829301a0043cc8
:101e100000190200801003002310430078ed832492
:101e2000211843002800628c010004248452827c23
:101e3000280062acb507400b0000000010808293c0
:101e400001a0043c0019020080100300231043008d
:101e500078ed8324211043002800428c4001427c0d
:101e6000ff0042301b0040140000000010808293ed
:101e700001a0043c0019020080100300231043005d
:101e800078ed8324211843002800628c010004248b
:101e90004429827c280062ac10808293218040001b
:101ea0006477400f00000000ffff4230f40042243e
:101eb000ffff443001a0053c211000020019020080
:101ec000801003002310430078eda3242110430069
:101ed000200044a40100022421e8c0032c00bf8f8d
:101ee0002800be8f2400b08f3000bd270800e0031b
:101ef00000000000d0ffbd272c00bfaf2800beaf00
:101f00002400b0af21f0a003211880003400c5af39
:101f10002110c0003000c3a33800c2a71800c0a71a
:101f20003000c29321204000b106400f00000000a5
:101f30001a00c2a71a00c297040040140000000053
:101f400021100000a808400b000000003000c293e0
:101f5000108082a33800c3971a00c2972b10430049
:101f600003004010000000001a00c2973800c2a70a
:101f70001080829301a0043c00190200801003002d
:101f80002310430078ed8324211043001800438c74
:101f90003800c297212062001080829301a0053c86
:101fa00000190200801003002310430078eda324e1
:101fb000211043000800428c2b1044004b004010bd
:101fc000000000001080829301a0043c0019020070
:101fd000801003002310430078ed83242110430078
:101fe0000800428cffff44301080829301a0053c22
:101ff00000190200801003002310430078eda32491
:10200000211043001800428cffff42302310820051
:10201000ffff4230010042241800c2a73400c28fe3
:102020001c004010000000003400c48f1080829318
:1020300001a0053c0019020080100300231043009a
:1020400078eda324211043001800468c1080829361
:1020500001a0053c0019020080100300231043007a
:1020600078eda324211043002c0042901800c39760
:102070001000a3af01000524213840007321400f58
:10208000000000001800c2973400c38f21106200c6
:102090003400c2af3800c3971800c2972310620003
:1020a0003800c2a7108082932118400010808293cc
:1020b00001a0043c78ed8424001102008028020075
:1020c0002310a200211082000400448c01a0053cd2
:1020d000211060000019020080100300231043004b
:1020e00078eda32421104300180044ac3400c28fc3
:1020f00018004010000000003400c48f108082934c
:1021000001a0053c001902008010030023104300c9
:1021100078eda324211043001800468c1080829390
:1021200001a0053c001902008010030023104300a9
:1021300078eda324211043002c0042903800c3976f
:102140001000a3af01000524213840007321400f87
:1021500000000000108082932130400010808293a4
:1021600001a0043c0019020080100300231043006a
:1021700078ed8324211043001800438c3800c29767
:102180002120620001a0053c2110c00000190200be
:10219000801003002310430078eda3242110430096
:1021a000180044ac3800c3971800c2972110620091
:1021b0003800c2a71a00c3973800c29723186200dc
:1021c0003800c2972a1043000e004014000000009f
:1021d0001080829301a0043c0019020080100300cb
:1021e0002310430078ed8324211843002800628cdb
:1021f000010004248452827c280062aca708400bb2
:10220000000000001080829301a0043c001902002d
:10221000801003002310430078ed83242110430035
:102220002800428c4001427cff0042301b004014d9
:10223000000000001080829301a0043c00190200fd
:10224000801003002310430078ed832421184300fd
:102250002800628c010004244429827c280062ac9e
:1022600010808293218040006477400f00000000be
:10227000ffff4230f4004224ffff443001a0053c40
:1022800021100002001902008010030023104300f7
:1022900078eda32421104300200044a43800c29705
:1022a00021e8c0032c00bf8f2800be8f2400b08f10
:1022b0003000bd270800e00300000000e0ffbd275c
:1022c0001c00bfaf1800beaf21f0a003211080009a
:1022d0002000c2a32000c2931000422c040040142e
:1022e0000000000021100000db08400b000000008f
:1022f0002000c293108082a31080829301a0043c2e
:1023000000190200801003002310430078ed83249d
:10231000211043000800428cffff4330108082935d
:1023200001a0043c78ed8424001102008028020002
:102330002310a200211082000400428cffff4230d3
:10234000231062001000c2a72000c2932120400089
:10235000b106400f000000001200c2a71000c39792
:102360001200c29723106200ffff423021e8c00331
:102370001c00bf8f1800be8f2000bd270800e0039f
:1023800000000000d8ffbd272400bfaf2000beaf73
:1023900021f0a0032c00c5af2118c0002110e000df
:1023a0002800c4a33000c3a73400c2a72800c293ea
:1023b0001000422c04004010000000003000c297c2
:1023c0000400401400000000211000008609400baa
:1023d000000000002800c293108082a32800c2934e
:1023e00021204000b106400f000000001c00c2a7e1
:1023f0003400c3973000c297211862001c00c297b6
:102400002a10430005004010000000001c00c39784
:102410003400c297231062003000c2a7108082935c
:1024200001a0043c001902008010030023104300a7
:1024300078ed8324211043001800438c3400c297a8
:10244000211062001800c2af1080829301a0043cea
:1024500000190200801003002310430078ed83244c
:10246000211043000800438c1800c28f2b1062001b
:1024700016004010000000001080829301a0043c70
:1024800000190200801003002310430078ed83241c
:10249000211043000800438c1080829301a0043c6b
:1024a00078ed842400110200802802002310a2008d
:1024b000211082000400428c2310620027100200c9
:1024c0001800c38f211062001800c2af10808293e1
:1024d00001a0043c001902008010030023104300f7
:1024e00078ed8324211043000800428cffff433025
:1024f0001800c28fffff423023106200ffff4230fe
:10250000010042241e00c2a73000c3971e00c297dc
:102510002b10430013004014000000002c00c48f57
:102520001080829301a0053c001902008010030076
:102530002310430078eda324211043002c00429087
:102540003000c3971000a3af010005241800c68f08
:10255000213840007321400f000000008509400b26
:10256000000000002c00c48f1080829301a0053c65
:1025700000190200801003002310430078eda3240b
:10258000211043002c0042901e00c3971000a3afff
:10259000010005241800c68f213840007321400f28
:1025a000000000001e00c3972c00c28f2120620093
:1025b0001080829301a0033c78ed63240011020097
:1025c000802802002310a200211062000400468c23
:1025d0001080829301a0053c0019020080100300c6
:1025e0002310430078eda324211043002c004290d7
:1025f0003000c5971e00c3972318a300ffff633068
:102600001000a3af01000524213840007321400fc2
:10261000000000003000c29721e8c0032400bf8ff3
:102620002000be8f2800bd270800e0030000000046
:10263000e0ffbd271c00bfaf1800beaf21f0a00314
:10264000211880002110a0002000c3a32400c2a7ed
:102650002000c3932400c297212060001000c327ec
:10266000212860000100062421384000e108400fc5
:10267000000000001000c29321e8c0031c00bf8fbf
:102680001800be8f2000bd270800e00300000000f6
:1026900098ffbd276400bfaf6000beaf21f0a0036c
:1026a000214080006c00c5af2120c0002118e0004f
:1026b0007800c28f6800c8a37000c4a77400c3a7c5
:1026c0005800c2a76800c2931000422c04004010ba
:1026d000000000007000c2970400401400000000d9
:1026e00021100000280b400b000000006800c2937e
:1026f000108082a36800c29321204000b106400fe1
:1027000000000000211840007400c29723106200ee
:102710001c00c2a71c00c3977000c2972b10620058
:102720000400401000000000ffff0234280b400ba3
:10273000000000005800c297080040100000000090
:102740001c00c3975800c2972b1043000300401091
:10275000000000005800c2971c00c2a7108082939e
:1027600001a0043c00190200801003002310430064
:1027700078ed8324211043001800438c7400c29725
:10278000211062002000c2af1080829301a0043c9f
:1027900000190200801003002310430078ed832409
:1027a000211043000800438c2000c28f2b106200d0
:1027b00016004010000000001080829301a0043c2d
:1027c00000190200801003002310430078ed8324d9
:1027d000211043000800438c1080829301a0043c28
:1027e00078ed842400110200802802002310a2004a
:1027f000211082000400428c231062002710020086
:102800002000c38f211062002000c2af2000c28fc1
:102810001800c2af1080829301a0043c001902008e
:10282000801003002310430078ed8324211043001f
:102830000800428cffff43302000c28fffff423070
:1028400023106200ffff4230010042241e00c2a795
:102850007400c2972000c2af7000c2972c00c2a7bc
:102860006c00c28f3000c2af6c00c28f000042907b
:102870002500c2a36c00c28f010042246c00c2afcd
:102880002800c0af7c00c28f0c0040100000000088
:102890002500c2936100422c080040140000000093
:1028a0002500c2937b00422c040040100000000071
:1028b0002500c293e0ff42242500c2a32000022489
:1028c0002600c2a32600c293ffff42301e00c3971a
:1028d0002b10620003004010000000001e00c29791
:1028e0002600c2a32600c293ffff42301c00c397fc
:1028f0002b10620003004010000000001c00c29773
:102900002600c2a33400c4271080829301a0053c96
:1029100000190200801003002310430078eda32467
:10292000211043002c0042902600c3931000a3af57
:10293000010005241800c68f213840007321400f84
:10294000000000002600c2931800c38f211062000f
:102950001800c2af2600c293ffff42301e00c3978b
:10296000231062001e00c2a71e00c2970c00401474
:10297000000000001080829301a0033c78ed6324e6
:10298000001102008020020023108200211062004a
:102990000400428c1800c2afffff02241e00c2a731
:1029a0007c00c28f6e004010000000002400c0a315
:1029b000d10a400b000000002400c2931800c32776
:1029c000211062001c0042906100422c1200401451
:1029d000000000002400c2931800c32721106200e9
:1029e0001c0042907b00422c0b00401000000000b5
:1029f0002400c2932400c3931800c4272118830025
:102a00001c006390e0ff6324ff0063301800c427bc
:102a1000211082001c0043a02400c2931800c32789
:102a2000211062001c0042902500c393290062140b
:102a3000000000007000c297ffff42247000c2a790
:102a40007000c2970e004014000000002000c28fea
:102a5000ffff43302c00c29723106200ffff43307a
:102a60002400c293ffff423021106200ffff42307a
:102a700001004224ffff4230280b400b0000000001
:102a80006c00c28f000042902500c2a36c00c28f70
:102a9000010042246c00c2af010002242800c2af32
:102aa0002500c2936100422c230040140000000066
:102ab0002500c2937b00422c1f0040100000000044
:102ac0002500c293e0ff42242500c2a3ce0a400b9a
:102ad000000000002c00c2977000c2a72800c28f1f
:102ae00015004010000000003000c28f6c00c2af23
:102af0006c00c28f000042902500c2a36c00c28f00
:102b0000010042246c00c2af2500c2936100422c38
:102b100008004014000000002500c2937b00422cf6
:102b200004004010000000002500c293e0ff422492
:102b30002500c2a32800c0af2400c2930100422494
:102b40002400c2a32400c3932600c2932b1062006a
:102b500099ff401400000000150b400b000000001e
:102b60002400c0a3100b400b000000002400c293ff
:102b70001800c327211062001c0042902500c39357
:102b80001e006214000000007000c297ffff422484
:102b90007000c2a77000c2970e0040140000000031
:102ba0002000c28fffff43302c00c2972310620029
:102bb000ffff43302400c293ffff42302110620028
:102bc000ffff423001004224ffff4230280b400b40
:102bd000000000006c00c28f000042902500c2a3dc
:102be0006c00c28f010042246c00c2af01000224bd
:102bf0002800c2af0d0b400b000000002c00c29754
:102c00007000c2a72800c28f0a0040100000000018
:102c10003000c28f6c00c2af6c00c28f00004290c7
:102c20002500c2a36c00c28f010042246c00c2af19
:102c30002800c0af2400c293010042242400c2a394
:102c40002400c3932600c2932b106200c7ff4014d8
:102c5000000000002600c293ffff42301c00c39713
:102c6000231062001c00c2a71c00c3977000c2970b
:102c70002b1062000400401000000000ffff02342f
:102c8000280b400b000000002600c2932000c38fd9
:102c9000211062002000c2af2f0a400b000000008c
:102ca00021e8c0036400bf8f6000be8f6800bd27ad
:102cb0000800e00300000000e0ffbd271c00bfafdc
:102cc0001800beaf21f0a003214080002120a00009
:102cd0002118c0002110e0002000c8a32400c4a3d4
:102ce0002800c3a72c00c2a72000c4932800c297c5
:102cf0002c00c5972400c3271000a5af3000c58f56
:102d00001400a5af212860000100062421384000ee
:102d1000a409400f0000000021e8c0031c00bf8f81
:102d20001800be8f2000bd270800e003000000004f
:102d3000c0ffbd273c00bfaf3800beaf3400b0af0e
:102d400021f0a0031800c0a32e0f400b00000000cc
:102d50001800c293108082a32400c0a31c00c0af3f
:102d60002000c0af1080829301a0043c0019020033
:102d7000801003002310430078ed832421104300ca
:102d80002800428c4002427cff0042300d0040147b
:102d9000000000001080829301a0043c0019020092
:102da000801003002310430078ed8324211043009a
:102db0002800428c8002427cff004230120040100a
:102dc00000000000e15c400f000000000e00401019
:102dd00000000000100002242400c2a3108082938f
:102de00001a0043c001902008010030023104300de
:102df00078ed8324211043002800428c8002427c1d
:102e0000ff0042301c00c2af1080829301a0043c3e
:102e100000190200801003002310430078ed832482
:102e2000211043002800428c4001427cff004230c8
:102e300013004010000000001080829301a0043ca9
:102e400000190200801003002310430078ed832452
:102e500021104300200050946477400f00000000d0
:102e6000ffff423023100202ffff42302016027c97
:102e70000300401c00000000100002242400c2a334
:102e80001080829301a0043c00190200801003000e
:102e90002310430078ed8324211043002800428c46
:102ea0008001427cff00423013004010000000000f
:102eb0001080829301a0043c0019020080100300de
:102ec0002310430078ed8324211043002200509406
:102ed0006477400f00000000ffff42302310020221
:102ee000ffff42302016027c0300401c000000005f
:102ef000100002242400c2a31080829301a0033c8e
:102f000078ed63240011020080200200231082006b
:102f1000211062002400438c0b0002241c00621468
:102f2000000000001080829301a0043c0019020000
:102f3000801003002310430078ed83242110430008
:102f4000220050946477400f00000000ffff4230e1
:102f500023100202ffff42302016027c0c00401cae
:102f600000000000110002242400c2a310808293fc
:102f700001a0033c78ed63240011020080200200d0
:102f800023108200211062000c000324240043acb3
:102f90001080829301a0033c78ed632400110200ad
:102fa0008020020023108200211062002400438c44
:102fb000040002249f006214000000002600c0a745
:102fc000860c400b000000002600c29701a0033cc5
:102fd000801002008020020021104400a4f063242d
:102fe00021104300100042949100401000000000a6
:102ff0002600c29701a0033c80100200802002003e
:1030000021104400a4f063242110430010004494d4
:103010001080829301a0053c00190200801003007b
:103020002310430078eda324211043002a0042948a
:1030300076008214000000001400400f0000000021
:103040002600c29780100200801802002110430061
:1030500001a0033ca4f063242110430001a0033c21
:1030600090f06424212840000a000624e47f400fe9
:10307000000000002600c29701a0033c801002005f
:103080008020020021104400a4f06324211043009a
:103090000a00439401a0023c78f04224100043a4ab
:1030a0002600c29701a0033ca4f063248010020014
:1030b0008020020021104400211062000c00428c8c
:1030c0000100432401a0023c78f04224080043acf4
:1030d0001080829301a0033c78f063241a0064946a
:1030e00001a0033c78f06324180063942118830046
:1030f000ffff643001a0033c78f063241000639468
:1031000021188300ffff63302026037c01a0033ccd
:1031100078f0632412006394201e037c2618830039
:10312000201e037cffff643001a0053c0019020053
:10313000801003002310430078eda32421104300e6
:103140002a0044a4120002242400c2a31080829307
:1031500001a0033c78ed63240011020080200200ee
:10316000231082002110620006000324240043acd7
:103170002600c29780100200801802002118430028
:1031800001a0023ca4f04224211062002120400052
:103190002600c2970100422480100200801802001d
:1031a0002118430001a0023ca4f042242110620037
:1031b000211840002600c2978010020021284000fc
:1031c00080300500212840002110c0002110a200fd
:1031d00023100200ffff42307c014224ffff4230f7
:1031e0001000a2af01000524213060000100072477
:1031f0007321400f0000000001a0023ca4f0422413
:103200008c0140a48d0c400b000000002600c297ea
:10321000010042242600c2a72600c2971400422cb7
:1032200069ff4014000000008d0c400b00000000fe
:10323000000000002400c2930800401000000000bd
:103240002400c3931c00c28f0100422c2120600087
:1032500021284000e90f400f0000000010808293f9
:1032600001a0043c00190200801003002310430059
:1032700078ed8324211043002800428c0001427c19
:10328000ff00423060004014000000001080829374
:1032900001a0033c78ed63240011020080200200ad
:1032a00023108200211062002400438c07000224b6
:1032b00074026214000000005677400f0000000006
:1032c000211840001080829301a0043c78ed8424f2
:1032d00000110200802802002310a20021108200a9
:1032e0001c00428c231062006902400400000000b0
:1032f0001080829301a0043c00190200801003009a
:103300002310430078ed8324211043002800428cd1
:103310000010427cff0043300600022422006214a9
:10332000000000001080829301a0043c00190200fc
:10333000801003002310430078ed83242110430004
:103340002800428cc000427cff0042302400c2a30f
:103350001800c293212040009d02400f0000000091
:103360001800c293212040009d02400f0000000081
:103370002400c29349024014000000001080829390
:1033800001a0033c78ed63240011020080200200bc
:1033900023108200211062000e000324240043ac9d
:1033a0002b0f400b000000001400400f0000000035
:1033b0001000042402000524e90f400f0000000063
:1033c00010808293218040005677400f000000005b
:1033d000211840002f00023c08af4234211862003f
:1033e00001a0023c78ed44242110000200110200eb
:1033f000802802002310a200211082001c0043ac90
:103400002b0f400b000000005677400f000000001b
:10341000211840001080829301a0043c78ed8424a0
:1034200000110200802802002310a2002110820057
:103430001c00428c231062001b02400400000000ac
:103440001400400f000000001080829301a0033c94
:1034500078ed632400110200802002002310820016
:10346000211062002400428c0d00432c7f0160106b
:103470000000000080180200009d023c90344224ad
:10348000211062000000428c080040000000000093
:10349000c434009d5c35009db436009d2437009dea
:1034a000783a009d4038009d9038009d1839009d65
:1034b0007c39009dc439009ddc39009d1839009d80
:1034c000243a009d7a5f400f000000006d0140101b
:1034d000000000001080829301a0033c78ed63247b
:1034e00000110200802002002310820021106200df
:1034f00001000324240043ac01a0023c78f04224e4
:103500002400438c0400023c241062000a00401096
:103510000000000001a0023c78f042241800428c18
:103520002120400001000524ab5f400f0000000097
:10353000ab0e400b0000000001a0023c78f04224da
:103540001800428c2120400001000524ab5f400f91
:1035500000000000ab0e400b000000002800c22756
:1035600021204000d05f400f0000000048014010c3
:10357000000000008f5f400f00000000330040108b
:10358000000000002800c38f01a0023c78f0422414
:10359000180043ac1080829301a0033c78ed6324b3
:1035a000001102008020020023108200211062001e
:1035b00002000324240043ac1080829301a0033c4a
:1035c00078f063241a00649401a0033c78f063242b
:1035d0001800639421188300ffff643001a0033cae
:1035e00078f063241000639421188300ffff633098
:1035f0002026037c01a0033c78f06324120063942e
:10360000201e037c26188300201e037cffff6430ed
:1036100001a0053c001902008010030023104300a4
:1036200078eda324211043002a0044a401a0023c09
:1036300078f042242a0040a001a0023c310103247a
:1036400078f043acab0e400b00000000108082937a
:10365000218040005677400f0000000021184000f4
:103660002f00023c08af42342118620001a0023c46
:1036700078ed44242110000200110200802802008d
:103680002310a200211082001c0043ac1080829302
:1036900001a0033c78ed63240011020080200200a9
:1036a0002310820021106200240040acab0e400bbe
:1036b0000000000010808293218040006477400f5a
:1036c00000000000ffff443001a0053c2110000273
:1036d00000190200801003002310430078eda3249a
:1036e00021104300200044a401a0023c90f0442497
:1036f000506f400f000000001080829301a0033c37
:1037000078ed632400110200802002002310820063
:103710002110620003000324240043acab0e400bd5
:103720000000000001a0023c90f0442401a0023cf3
:1037300094f04524896f400f0000000032004014cf
:10374000000000006477400f00000000ffff4230df
:10375000212040001080829301a0053c0019020046
:10376000801003002310430078eda32421104300b0
:10377000200042942318820001a0023c78f0428c81
:10378000ffff42302a104300c40040100000000038
:1037900001a0023c78f042242a0042900600422c0c
:1037a0000e0040100000000001a0023c78f042240e
:1037b0002a00429001004224ff00433001a0023c55
:1037c00078f042242a0043a001a0023c78f0428c09
:1037d0004018020001a0023c78f043ac10808293b4
:1037e00001a0033c78ed6324001102008020020058
:1037f000231082002110620002000324240043ac45
:10380000ab0e400b00000000020002242400c2a303
:103810001c00c0af1080829301a0033c78ed6324ac
:10382000001102008020020023108200211062009b
:1038300005000324240043acab0e400b0000000045
:10384000020002242400c2a3010002241c00c2af13
:1038500001a0023c78f042242a0042900400422c4d
:10386000910040140000000001a0023c78f04224c6
:10387000040003242a0043a001a0023c4c00033ca6
:10388000404b633478f043acab0e400b00000000bb
:1038900001a0023c78f042242a0042900200422c0f
:1038a0000700401000000000120002242400c2a300
:1038b000010002241c00c2afab0e400b0000000050
:1038c0001080829301a0043c0019020080100300c4
:1038d0002310430078ed8324211043002800428cfc
:1038e000c000427cff004230070040100000000092
:1038f000140002242400c2a3010002242000c2af4d
:10390000ab0e400b00000000020002242400c2a302
:10391000ab0e400b0000000001a0023c78f04224f6
:103920002a0042900500422c0700401000000000d1
:10393000100002242400c2a3010002241c00c2af14
:10394000ab0e400b000000001080829301a0033cee
:1039500078ed632400110200802002002310820011
:103960002110620008000324240043ac110002244b
:103970002400c2a3ab0e400b0000000001a0023cdb
:1039800078f042242a0042900500422c07004010a3
:1039900000000000110002242400c2a30100022440
:1039a0001c00c2afab0e400b00000000140002244c
:1039b0002400c2a3010002242000c2afab0e400bc2
:1039c00000000000140002242400c2a3010002240d
:1039d0002000c2afab0e400b0000000001a0023c73
:1039e00078f042242a0042900500422c0700401043
:1039f00000000000100002242400c2a301000224e1
:103a00001c00c2afab0e400b0000000014000224eb
:103a10002400c2a3010002242000c2afab0e400b61
:103a20000000000001a0023c78f042242a004290ed
:103a30000500422c07004010000000001100022485
:103a40002400c2a3010002241c00c2afab0e400b35
:103a500000000000140002242400c2a3010002247c
:103a60002000c2afab0e400b0000000000000000c1
:103a7000ab0e400b0000000000000000ab0e400b3e
:103a80000000000000000000ab0e400b0000000032
:103a900000000000ab0e400b000000000000000022
:103aa000ab0e400b00000000000000002400c29399
:103ab0006d004010000000001c00c28f6500401027
:103ac0000000000001a0023c78f042242a0042904d
:103ad00001004224ff00433001a0023c78f0422460
:103ae0002a0043a001a0023c78f0428c401802005a
:103af00001a0023c78f043ac01a0023c78f04224e3
:103b00000c00428cffff44301080829301a0053ce2
:103b100000190200801003002310430078eda32455
:103b2000211043001000428cffff4230231082001e
:103b30002600c2a701a0023c78f042240c00448c6d
:103b40001080829301a0053c001902008010030040
:103b50002310430078eda324211043001000428c71
:103b60002b1082001800401000000000108082938b
:103b700001a0033c78ed63240011020080200200c4
:103b800023108200211062000400428cffff4430a9
:103b90001080829301a0053c0019020080100300f0
:103ba0002310430078eda324211043000000428c31
:103bb000ffff423023108200ffff43302600c297f0
:103bc000211062002600c2a701a0023c78f0422426
:103bd0000400438c2600c2972318620001a0023c17
:103be00078f04224040043ac01a0023c78f0422467
:103bf000140043942600c29721106200ffff433057
:103c000001a0023c78f04224140043a41080829367
:103c100001a0043c0019020080100300231043009f
:103c200078ed8324211043001000438c01a0023c56
:103c300078f042240c0043ac2400c29321204000c1
:103c400021280000e90f400f000000001a0f400b70
:103c5000000000002400c293212040000100052440
:103c6000e90f400f000000002000c28f0f0040103d
:103c7000000000002b15400f000000002b0f400b30
:103c800000000000000000002b0f400b00000000af
:103c9000000000002b0f400b00000000000000009f
:103ca0002b0f400b00000000000000001800c29322
:103cb000010042241800c2a31800c2931000422c35
:103cc00023fc4014000000002600c0a77a0f400b20
:103cd000000000002600c29701a0033c80100200f3
:103ce0008020020021104400a4f06324211043002e
:103cf0001000429442004010000000006477400f22
:103d000000000000ffff4230211840002600c2974b
:103d100001a0043c80100200802802002110450010
:103d2000a4f0842421104400120042942310620065
:103d30004f0e422829004014000000002600c297c0
:103d400080100200801802002118430001a0023cec
:103d5000a4f0422421106200212040002600c297d6
:103d60000100422480100200801802002118430044
:103d700001a0023ca4f0422421106200211840005e
:103d80002600c297801002002128400080300500e4
:103d9000212840002110c0002110a20023100200a1
:103da000ffff42307c014224ffff42301000a2afef
:103db0000100052421306000010007247321400f19
:103dc0000000000001a0023ca4f042248c0140a4a9
:103dd0002600c297ffff42242600c2a72600c297f2
:103de000010042242600c2a72600c2971400422cdc
:103df000b8ff401400000000810f400b00000000dd
:103e00000000000021e8c0033c00bf8f3800be8fd7
:103e10003400b08f4000bd270800e0030000000020
:103e2000b8ffbd274400bfaf4000beaf21f0a003e4
:103e30004800c4af4c00c5af2110c0005000c2a75d
:103e40004800c28f0300438821206000000044988e
:103e5000211080002800c2af4c00c28f0000428cad
:103e60002c00c2af3000c0a3060002243100c2a360
:103e70005000c2973200c2a73200c29721204000f2
:103e8000d651400f000000003200c2a72800c22710
:103e9000212040000c0005242352400f00000000a8
:103ea00027100200ffff42303400c2a75000c29723
:103eb00021204000fc5e400f000000003800c2a737
:103ec0003400c3973800c29706006210000000005b
:103ed000cc5d400f0000000001000224e30f400b06
:103ee00000000000212000007178400f0000000059
:103ef0001400c2272120400014000524995e400fc1
:103f0000000000001400c22721204000e814400fe8
:103f1000000000002000c28f0019427cff004230e8
:103f200080100200ff004230ecff42241000c2a3c8
:103f30001000c293ffff42305000c397231062006d
:103f4000ffff4230ecff42245000c2a71400c227fa
:103f5000212040004800c58f6313400f000000007f
:103f600007004010000000005000c2971400c32753
:103f70002120600021284000c116400f00000000f1
:103f8000cc5d400f000000000100022421e8c003c6
:103f90004400bf8f4000be8f4800bd270800e003eb
:103fa00000000000a8ffbd275400bfaf5000beaf07
:103fb0004c00b0af21f0a003211880002110a00018
:103fc0005800c3a35c00c2a31400400f000000000f
:103fd0005800c29301004230ff00423010004010f0
:103fe000000000001080829301a0043c0019020030
:103ff000801003002310430078ed83242118430030
:104000002800628c01000424c45a827c280062ac1f
:104010005800c393feff0224241062005800c2a37c
:104020001080829301a0043c00190200801003005c
:104030002310430078ed8324211843002800628c6c
:104040004429027c280062ac1080829301a0043cc9
:1040500000190200801003002310430078ed832430
:10406000211843002800628c8431027c280062ac55
:104070001080829301a0043c00190200801003000c
:104080002310430078ed8324211843002800628c1c
:10409000c439027c280062ac1080829301a0043ce9
:1040a00000190200801003002310430078ed8324e0
:1040b000211843002800628c444a027c280062ac2c
:1040c0001080829301a0043c0019020080100300bc
:1040d0002310430078ed8324211843002800628ccc
:1040e0008452027c280062ac1080829301a0043cc0
:1040f00000190200801003002310430078ed832490
:10410000211843002800628c0442027c280062ac23
:1041100000000000e15c400f00000000fdff4010c7
:10412000000000005800c293060042300400401016
:10413000000000001800c0a79711400b000000000d
:104140001080829301a0033c78ed632400110200eb
:104150008020020023108200211062000c00438c9a
:1041600001a0023c78f042240c00428c040062144e
:10417000000000001800c0a77c11400b00000000e8
:104180001080829301a0033c78ed632400110200ab
:104190008020020023108200211062000c00438c5a
:1041a00001a0023c78f042240c00428c2b1043000a
:1041b0004f004010000000001080829301a0033cdb
:1041c00078ed632400110200802002002310820099
:1041d000211062000c00428cffff433001a0023c22
:1041e00078f042240c00428cffff42302310620022
:1041f0001800c2a701a0023c78f0422414004294a7
:104200001800c3972b104300050040100000000069
:1042100001a0023c78f04224140042941800c2a786
:1042200001a0023c78f04224280042941800c39771
:104230002b104300100040100000000001a0023cc1
:1042400078f04224280042941800c2a7108082937c
:1042500001a0043c00190200801003002310430059
:1042600078ed8324211843002800628c0100042487
:104270008452827c280062acaf5c400f00000000da
:104280003600442401a0023c78f042240c00468c05
:104290001080829301a0053c0019020080100300e9
:1042a0002310430078eda324211043002c004290fa
:1042b0001800c3971000a3af212800002138400048
:1042c0007321400f0000000001a0023c78f042245e
:1042d0000c00438c1800c2972118620001a0023c18
:1042e00078f042240c0043ac7c11400b000000002d
:1042f0001080829301a0033c78ed6324001102003a
:104300008020020023108200211062000400428cf1
:10431000ffff433001a0023c78f042240c00428ca5
:10432000ffff423023106200ffff42304200c2a76d
:104330004200c3971080829301a0043c78ed84244e
:1043400000110200802802002310a2002110820028
:104350000c00428cffff423021106200ffff44300e
:104360001080829301a0053c001902008010030018
:104370002310430078eda324211043000000428c59
:10438000ffff4230231082001800c2a701a0023ca8
:1043900078f04224140042941800c3972b10430075
:1043a000050040100000000001a0023c78f042240b
:1043b000140042941800c2a701a0023c78f04224e5
:1043c000280042941800c3972b104300100040109f
:1043d0000000000001a0023c78f042242800429432
:1043e0001800c2a71080829301a0043c00190200ab
:1043f000801003002310430078ed8324211843002c
:104400002800628c010004248452827c280062ac63
:104410004200c2971800c3972b106200030040109f
:10442000000000001800c2974200c2a7af5c400f16
:10443000000000003600442401a0023c78f0422431
:104440000c00468c1080829301a0053c00190200ec
:10445000801003002310430078eda32421104300b3
:104460002c0042904200c3971000a3af2128000007
:10447000213840007321400f000000004200c29725
:104480001800c39723106200ffff42304200c2a70a
:104490004200c2972800401000000000af5c400faf
:1044a00000000000211840001080829301a0043c0d
:1044b00078ed842400110200802802002310a2005d
:1044c000211082000400448c01a0023c78f04224b8
:1044d0000c00428c2310820021106200360044241c
:1044e0001080829301a0053c001902008010030097
:1044f0002310430078eda324211043000000468cd4
:104500001080829301a0053c001902008010030076
:104510002310430078eda324211043002c00429087
:104520004200c3971000a3af2128000021384000ab
:104530007321400f0000000001a0023c78f04224eb
:104540000c00438c1800c2972118620001a0023ca5
:1045500078f042240c0043ac01a0023c78f04224e5
:104560000c00438c1080829301a0043c78ed8424dd
:1045700000110200802802002310a20021108200f6
:104580000400428c2b10620019004014000000004f
:1045900001a0023c78f042240c00448c10808293ed
:1045a00001a0053c00190200801003002310430005
:1045b00078eda324211043000000438c10808293e7
:1045c00001a0053c78eda524001102008030020016
:1045d0002310c2002110a2000400428c23106200ac
:1045e0002118820001a0023c78f042240c0043ac68
:1045f0001080829301a0043c001902008010030087
:104600002310430078ed8324211043002800428cbe
:10461000c002427cff004230100040100000000049
:1046200001a0023c78f04224140042941800c39781
:104630000a0062100000000001a0023c78f0422451
:10464000280042941800c397040062100000000084
:104650005800c293010042345800c2a31800c29708
:1046600005004014000000005800c29303004230cf
:10467000390040100000000001a0023c78f0422404
:10468000140043941800c29723106200ffff4330c8
:1046900001a0023c78f04224140043a41800c29701
:1046a00004004010000000005800c293080042348b
:1046b0005800c2a35c00c29301004230ff004230a8
:1046c000080040100000000001a0023c78f04224e5
:1046d0002a0040a001a0023c0400033cb4c463349f
:1046e00078f043ac10808293218040005677400fd1
:1046f000000000002118400001a0023c78f0428c2c
:104700002118620001a0023c78ed4424211000022f
:1047100000110200802802002310a2002110820054
:104720001c0043ac1080829301a0043c00190200dd
:10473000801003002310430078ed832421184300e8
:104740002800628c010004240421827c280062acd1
:104750003012400b000000005c00c29302004230a7
:1047600025004010000000001080829321184000b6
:1047700001a0053c2110600000210200801004000f
:104780002310440078eda424211044002800428c1a
:104790000010427cff0042300100422407004230fa
:1047a000ff00443001a0053c211060000019020008
:1047b000801003002310430078eda3242118430048
:1047c0002800628c0410827c280062ac01a0023cac
:1047d00078f042240400428cffff432401a0023cf5
:1047e00078f04224040043ac010002241800c2a760
:1047f0003012400b000000001080829301a0043ca6
:1048000000190200801003002310430078ed832478
:10481000211043002800428c0001427cff004230fe
:1048200027004010000000005c00c29301004230ed
:10483000130040140000000001a0023c78f0422464
:104840002a0042900e0040100000000001a0023c2f
:1048500078f042242a004290ffff4224ff004330b8
:1048600001a0023c78f042242a0043a001a0023caf
:1048700078f0428c4218020001a0023c78f043ac70
:1048800010808293218040005677400f0000000086
:104890002118400001a0023c78f0428c21186200ef
:1048a00001a0023c78ed4424211000020011020016
:1048b000802802002310a200211082001c0043acbb
:1048c00001a0023c78f04224120042942000c2a7ca
:1048d00001a0023c78f04224100042942200c2a7ba
:1048e00001a0023c78f042240400428c2400c2afb4
:1048f00001a0023c78f042240800428c2800c2af9c
:104900002c00c28f847b027c2c00c2af2c00c28f93
:104910000418027c2c00c2af5800c2932d00c2a321
:104920003200c0a701a0023c78f042240400438c6e
:104930001800c2972118620001a0023c78f04224be
:10494000040043ac5800c293020042301f004010e4
:10495000000000005800c2931000423002004014d2
:10496000000000002800c0af01a0023c78f0422403
:104970002400438c0200023c241062000600401018
:10498000000000002400c28fffff42242400c2afb9
:104990007312400b0000000001a0023c78f042249a
:1049a0000400428c0100432401a0023c78f0422420
:1049b000040043ac01a0023c78f043242400628c44
:1049c00001000424448c827c240062ac5800c29311
:1049d00001004230ff00423007004010000000009c
:1049e00001a0023c78f043242400628c01000424de
:1049f0000484827c240062ac1080829301a0033c7a
:104a000078ed632400110200802002002310820050
:104a1000211062001400448c1080829301a0053c98
:104a200000190200801003002310430078eda32436
:104a3000211043001800428c2b1082002e004014dd
:104a4000000000001080829301a0043c00190200c5
:104a5000801003002310430078ed832421104300cd
:104a60000800428cffff43301080829301a0043c79
:104a700078ed842400110200802802002310a20097
:104a8000211082000400428cffff4230231062009c
:104a9000ffff44301080829301a0053c0019020002
:104aa000801003002310430078eda324211043005d
:104ab0001800428cffff43301080829301a0053c18
:104ac00078eda52400110200803002002310c200fe
:104ad0002110a2001400428cffff4230231062001c
:104ae000ffff423021108200ffff42302e00c2a79c
:104af000d512400b000000001080829301a0043cfe
:104b000000190200801003002310430078ed832475
:104b1000211043001800428cffff43301080829325
:104b200001a0043c78ed84240011020080280200da
:104b30002310a200211082001400428cffff42309b
:104b400023106200ffff4230ffff4224ffff42308c
:104b50002e00c2a7b55e400f000000001c00c2a7d7
:104b60001c00c2974000422c0400401000000000ce
:104b70001c00c0a7e312400b000000001c00c297fd
:104b8000c0ff4224ffff42301c00c2a72e00c39783
:104b90001c00c2972b1043000300401000000000cf
:104ba0001c00c2972e00c2a72000c227212040006f
:104bb000e814400f000000001800c29714004224bf
:104bc0001800c2a72c00c28f050003240439627ca0
:104bd0002c00c2af5800c2930200423014004010b3
:104be000000000001800c297040042241800c2a769
:104bf000020002243400c2a3040002243500c2a330
:104c0000021802243600c2a72c00c28f0019427c71
:104c1000ff00423001004224ff0042300f004230ca
:104c2000ff0043302c00c28f0439627c2c00c2afdd
:104c300000a0023c00384324030063882120600068
:104c400000384498211080003800c2af01a0023c17
:104c500078f042241800428c3c00c2af4000c0a350
:104c6000060002244100c2a31800c2974200c2a756
:104c70004200c29721204000d651400f00000000a2
:104c80004200c2a73800c227212040000c000524a2
:104c90002352400f0000000027100200ffff4230a7
:104ca0003000c2a7af5c400f000000000e0042249d
:104cb00021204000d35c400f000000001800c29784
:104cc00001a0033c90f0642406000524213040003c
:104cd0002678400f000000002000c227212040005d
:104ce000140005245f5d400f000000005800c293cf
:104cf0000200423006004010000000003400c227cd
:104d000021204000040005245f5d400f00000000ea
:104d1000af5c400f00000000220042242120400030
:104d20007e5e400f000000001800c2972120400066
:104d3000fc5e400f000000001c00c2a7af5c400feb
:104d4000000000003200422421204000d35c400fcc
:104d5000000000001c00c2272120400002000524a2
:104d60005f5d400f00000000b05d400f00000000dc
:104d700021e8c0035400bf8f5000be8f4c00b08f9d
:104d80005800bd270800e00300000000d8ffbd2741
:104d90002400bfaf2000beaf1c00b0af21f0a003c5
:104da0002800c4af2c00c5af2800c28f0200429477
:104db000040040140000000021100000e114400b2a
:104dc00000000000feff02241100c2a32c00c28fcd
:104dd000020043900300429000120200251043009d
:104de000ffff43302c00c28f00004490010042902e
:104df0000012020025104400ffff42302110620023
:104e0000ffff43302800c28f00004294211062004f
:104e1000ffff4230201e027c2800c28f0200429415
:104e20002016027c261062002016027c1400c2a705
:104e30001000c0a3e713400b000000001000c29355
:104e4000108082a31080829301a0033c78ed63243c
:104e50000011020080200200231082002110620055
:104e60002400438c0d000224420062100000000068
:104e70001080829301a0033c78ed632400110200ae
:104e80008020020023108200211062002400438c45
:104e900004000224110062140000000010808293bc
:104ea00001a0043c001902008010030023104300fd
:104eb00078ed8324211043002a0043942800c28ff8
:104ec000020042942e006214000000001000c29301
:104ed0001100c2a3e413400b000000001080829375
:104ee00001a0043c001902008010030023104300bd
:104ef00078ed8324211043002a0042941400c397c4
:104f000022006214000000001400400f00000000a6
:104f10002800c28f0200439401a0023c78f0422492
:104f2000120042941a006214000000002800c28f90
:104f30000000439401a0023c78f042241000429407
:104f400013006214000000002c00c28f030043888d
:104f50000000439801a0023c78f042241800428ce3
:104f60000b0062140000000001000224e114400b59
:104f70000000000000000000e413400b00000000ef
:104f800000000000e413400b0000000000000000df
:104f90001000c293010042241000c2a31000c2936b
:104fa0001000422ca5ff4014000000001100c39324
:104fb000fe00022430006210000000001100c293c5
:104fc000108082a31400400f000000001100c39362
:104fd000fe0002242800621000000000108082936e
:104fe00001a0043c001902008010030023104300bc
:104ff00078ed8324211043001400c3972a0043a4b2
:1050000001a0023c90f044242c00c58f0a00062425
:10501000e47f400f000000002800c28f000043948e
:1050200001a0023c78f04224100043a42800c28f63
:105030000200439401a0023c78f04224120043a4f1
:105040001080829301a0043c00190200801003002c
:105050002310430078ed8324211043000000438c8b
:1050600001a0023c78f042240c0043ac0100022471
:10507000e114400b000000002800c28f0c00428c9d
:105080000002423004004014000000002110000023
:10509000e114400b0000000001a0023ca4f04224f7
:1050a0008c01429404004010000000002110000018
:1050b000e114400b000000001200c0a77b14400b5d
:1050c000000000001200c29701a0033c8010020003
:1050d0008020020021104400a4f06324211043002a
:1050e0001000429447004010000000001200c297d8
:1050f00001a0033c80100200802002002110440027
:10510000a4f0632421104300100043942800c28fb0
:10511000020042942b006214000000001200c297ab
:1051200001a0033c801002008020020021104400f6
:10513000a4f06324211043000a0043942800c28f86
:105140000000429422006214000000001200c29786
:1051500001a0033c801002008020020021104400c6
:10516000a4f06324211043000000438c2c00c28f64
:105170000300448821288000000045982110a000e9
:1051800016006214000000001200d0976477400ff0
:1051900000000000ffff433001a0043c211000028a
:1051a000801002008028020021104500a4f0842411
:1051b00021104400120043a421100000e114400b10
:1051c00000000000000000007814400b0000000008
:1051d000000000007814400b0000000000000000f8
:1051e0001200c297010042241200c2a71200c29707
:1051f0001400422cb3ff4014000000008214400b46
:1052000000000000000000001000c0a3dc14400bf0
:10521000000000001000c293108082a310808293cf
:1052200001a0043c00190200801003002310430079
:1052300078ed8324211043002800428cc000427c7a
:10524000ff00423043004010000000001400400ff7
:105250000000000001a0023c78f0422412004394b8
:105260002800c28f020042943d006214000000003a
:105270001200c29780100200801802002110430023
:1052800001a0033ca4f0632421104300212040002e
:105290002c00c58f0a000624e47f400f00000000a8
:1052a0001200c2972800c38f0000639401a0043c41
:1052b000801002008028020021104500a4f0842400
:1052c000211044000a0043a41200c2972800c38f93
:1052d0000400638c01a0043ca4f08424801002002c
:1052e0008028020021104500211082000c0043acf0
:1052f0001200c2972800c38f0200639401a0043cef
:10530000801002008028020021104500a4f08424af
:1053100021104400100043a41200d0976477400f7e
:1053200000000000ffff433001a0043c21100002f8
:10533000801002008028020021104500a4f084247f
:1053400021104400120043a421100000e114400b7e
:105350000000000000000000d914400b0000000015
:10536000000000001000c293010042241000c2a3fc
:105370001000c2931000422ca6ff40140000000051
:105380002110000021e8c0032400bf8f2000be8f41
:105390001c00b08f2800bd270800e00300000000bb
:1053a000e8ffbd271400bfaf1000beaf21f0a0037f
:1053b0001800c4af1800c28f0000429421204000a2
:1053c000d651400f00000000211840001800c28f85
:1053d000000043a41800c28f020042942120400024
:1053e000d651400f00000000211840001800c28f65
:1053f000020043a41800c28f0400428c2120400008
:10540000e951400f00000000211840001800c28f31
:10541000040043ac1800c28f0800428c21204000d9
:10542000e951400f00000000211840001800c28f11
:10543000080043ac1800c28f0e00429421204000a7
:10544000d651400f00000000211840001800c28f04
:105450000e0043a41800c28f100042942120400087
:10546000d651400f00000000211840001800c28fe4
:10547000100043a41800c28f120042942120400063
:10548000d651400f00000000211840001800c28fc4
:10549000120043a421e8c0031400bf8f1000be8f88
:1054a0001800bd270800e00300000000e0ffbd2752
:1054b0001c00bfaf1800beaf1400b0af21f0a003b6
:1054c0001400400f000000001080829301a0033cf4
:1054d00078f063241200649401a0053c00190200d6
:1054e000801003002310430078eda3242110430013
:1054f0002a0044a4108082932128400010808293c7
:1055000001a0043c00190200801003002310430096
:1055100078ed8324211043000000438c01a0023c5d
:1055200078ed44242110a000001102008028020020
:105530002310a200211082000c0043ac1080829343
:10554000213040001080829301a0043c0019020029
:10555000801003002310430078ed832421104300c2
:105560000000448c01a0053c2110c000001902007d
:10557000801003002310430078eda3242110430082
:10558000100044ac10808293212840001080829348
:1055900001a0033c78ed632400110200802002008a
:1055a00023108200211062000400438c01a0023c01
:1055b00078ed44242110a000001102008028020090
:1055c0002310a20021108200140043ac10808293ab
:1055d000211840001080829301a0043c78ed8424bf
:1055e00000110200802802002310a2002110820076
:1055f0000400448c01a0053c211060000019020049
:10560000801003002310430078eda32421104300f1
:10561000180044ac108082932128400010808293af
:1056200001a0043c00190200801003002310430075
:1056300078ed8324211043002800428cc000427c76
:10564000ff0042300400401000000000040003246a
:105650009715400b000000000d00032401a0023c40
:1056600078ed44242110a0000011020080280200df
:105670002310a20021108200240043ac10808293ea
:1056800001a0043c00190200801003002310430015
:1056900078ed8324211843002800628c0410027cda
:1056a000280062ac1080829301a0043c0019020023
:1056b000801003002310430078ed83242118430059
:1056c0002800628c0421027c280062ac1080829346
:1056d00001a0043c001902008010030023104300c5
:1056e00078ed8324211843002800628c4429027c31
:1056f000280062ac1080829301a0043c00190200d3
:10570000801003002310430078ed83242118430008
:105710002800628c8431027c280062ac1080829365
:1057200001a0043c00190200801003002310430074
:1057300078ed8324211843002800628cc439027c50
:10574000280062ac1080829301a0043c0019020082
:10575000801003002310430078ed832421184300b8
:105760002800628c0442027c280062ac1080829384
:1057700001a0043c00190200801003002310430024
:1057800078ed8324211843002800628c444a027c6f
:10579000280062ac1080829301a0043c0019020032
:1057a000801003002310430078ed83242118430068
:1057b0002800628c8452027c280062ac10808293a4
:1057c00001a0043c001902008010030023104300d4
:1057d00078ed8324211843002800628cc45a027c8f
:1057e000280062ac1080829301a0043c00190200e2
:1057f000801003002310430078ed83242118430018
:105800002800628c010004240463827c280062acbe
:1058100001a0023c78f043242400628c0484027cc2
:10582000240062ac01a0023c78f043242400628c86
:10583000448c027c240062ac01a0023c78f043243a
:105840002400628cc49c027c240062ac01a0023c57
:1058500078f043242400628c04a5027c240062ac0e
:105860001080829301a0043c001902008010030004
:105870002310430078ed8324211043000000438c63
:1058800001a0023c78f042240c0043ac01a0023c91
:105890007cf05024594e400f00000000000002a68a
:1058a00001a0023c7cf05024594e400f0000000043
:1058b000020002a601a0023c78f04224ffff03246c
:1058c000240043a401a0023c78f0422401000324f8
:1058d000140043a421e8c0031c00bf8f1800be8f32
:1058e0001400b08f2000bd270800e0030000000076
:1058f000d8ffbd272400bfaf2000beaf1c00b0af53
:1059000021f0a0030c0004247178400f0000000077
:105910008c5e400f000000001000c2a31000c29374
:10592000f000423083100200ff004230ecff4224be
:105930001000c2a31000c293040040140000000035
:1059400018020224ba16400b0000000021200000bb
:1059500007000524995e400f00000000a216400bce
:10596000000000008c5e400f000000001100c2a388
:105970001100c2934e004010000000001100c393bc
:10598000010002243f006210000000001100c393d8
:105990000200022424006214000000001000c293e0
:1059a0000300422c45004014000000001200c0a774
:1059b0008c5e400f000000001100c2a31100c393d1
:1059c000040002240a006214000000001200c22732
:1059d000010050248c5e400f00000000000002a275
:1059e0001200d0278c5e400f00000000000002a2d1
:1059f0001200c2971802422c33004014000000002d
:105a00001200c297b505422c0400401400000000ab
:105a1000b4050224ba16400b000000001200c29721
:105a2000ba16400b000000001000c2930200422c86
:105a300028004014000000008c5e400f00000000b1
:105a40001100c2a31000c3931100c2932b10620077
:105a500023004014000000001100c2932120000028
:105a600021284000995e400f000000001000c39301
:105a70001100c293231062001000c2a3a216400bb3
:105a800000000000000000001000c2932b10020074
:105a9000ff0042301000c393ffff63241000c3a334
:105aa000b0ff401400000000b916400b00000000d9
:105ab00000000000b916400b0000000000000000cc
:105ac000b916400b0000000000000000b916400ba2
:105ad0000000000000000000b916400b00000000ac
:105ae000000000001802022421e8c0032400bf8f38
:105af0002000be8f1c00b08f2800bd270800e003e7
:105b000000000000b0ffbd274c00bfaf4800beaf93
:105b10004400b0af21f0a0035000c4af2110a0009a
:105b20005400c2a75000c28f0d0042903000c2a3a3
:105b30005000c28f0800428c2400c2af5000c28fb8
:105b40000400428c3400c2af1080829301a0043c58
:105b500000190200801003002310430078ed832415
:105b6000211843002800628c0410027c280062acdb
:105b70001080829301a0043c0019020080100300f1
:105b80002310430078ed8324211043002800428c29
:105b90000001427cff004230110040140000000070
:105ba00010808293218040005677400f0000000053
:105bb000211840002f00023c08af42342118620037
:105bc00001a0023c78ed44242110000200110200e3
:105bd000802802002310a200211082001c0043ac88
:105be0001080829301a0033c78ed63240011020031
:105bf0008020020023108200211062002400428cc9
:105c000004000324060043100000000005000324e4
:105c10003d00431000000000b217400b00000000e0
:105c20003000c29304004230050040100000000024
:105c30002b15400f00000000941f400b00000000d7
:105c40003000c293100042300d00401000000000f0
:105c500001a0023c78f042242400c38f040043ac2e
:105c60000400042421280000e90f400f0000000078
:105c70002b15400f00000000941f400b0000000097
:105c80003000c293020042301b00401000000000b0
:105c90003400c28f0100432401a0023c78f042246a
:105ca000080043ac3c16400f0000000021184000e3
:105cb00001a0023c78f04224280043a412000424ee
:105cc00001000524e90f400f0000000010808293be
:105cd00001a0033c78ed6324001102008020020043
:105ce000231082002110620006000324240043ac2c
:105cf000941f400b000000002b15400f0000000017
:105d0000941f400b000000003000c293040042309a
:105d100033084014000000003000c29310004230ed
:105d2000190040100000000001a0023c78f042245d
:105d30000400438c2400c28f130062100000000096
:105d400001a0023c78f042240400428c3400c2af2f
:105d500001a0023c78f042242400c38f040043ac2d
:105d60000400042401000524e90f400f0000000096
:105d700001a0023c78f042243400c38f040043acfd
:105d8000941f400b000000003000c293020042301c
:105d900016084010000000003400c28f01004324a8
:105da00001a0023c78f04224080043ac5000c28fae
:105db0000e00439401a0023c78f04224140043a456
:105dc0003c16400f000000002118400001a0023cda
:105dd00078f04224280043a43000c29310004230df
:105de0002a004010000000001000042401000524d7
:105df000e90f400f000000001080829301a0033cd7
:105e000078ed63240011020080200200231082003c
:105e10002110620007000324240043ac1080829309
:105e2000218040005677400f0000000021184000fc
:105e30002f00023c08af42342118620001a0023c4e
:105e400078ed442421100002001102008028020095
:105e50002310a200211082001c0043ac108082930a
:105e600001a0043c0019020080100300231043002d
:105e700078ed8324211843002800628c0421027ce1
:105e8000280062ac941f400b0000000012000424a4
:105e900001000524e90f400f0000000010808293ec
:105ea00001a0033c78ed6324001102008020020071
:105eb000231082002110620006000324240043ac5a
:105ec000941f400b000000005400c2972800c2a796
:105ed0003000c29301004230ff0042300400401005
:105ee000000000002800c297010042242800c2a739
:105ef0003000c29302004230040040100000000055
:105f00002800c297010042242800c2a71080829373
:105f100001a0033c78ed6324001102008020020000
:105f200023108200211062001400448c10808293a0
:105f300001a0053c0019020080100300231043005b
:105f400078eda324211043001800428c2b1082000e
:105f50002d004014000000001080829301a0043c3a
:105f600000190200801003002310430078ed832401
:105f7000211043000800428cffff433010808293c1
:105f800001a0043c78ed8424001102008028020066
:105f90002310a200211082000400428cffff423037
:105fa00023106200ffff44301080829301a0053c63
:105fb00000190200801003002310430078eda32491
:105fc000211043001800428cffff43301080829361
:105fd00001a0053c78eda5240011020080300200ec
:105fe0002310c2002110a2001400428cffff423097
:105ff00023106200ffff4230211082002000c2a760
:106000001818400b000000001080829301a0043c8f
:1060100000190200801003002310430078ed832450
:10602000211043001800428cffff43301080829300
:1060300001a0043c78ed84240011020080280200b5
:106040002310a200211082001400428cffff423076
:1060500023106200ffff4230ffff42242000c2a74e
:1060600001a0023c78f042240800428c3400c38f27
:10607000231062003800c2af3800c28f3c00c2a7b4
:106080002c00c0af2800c297300040100000000074
:106090002000c2973e004010000000003800c28f70
:1060a0000a004004000000002000c3973800c28f9f
:1060b0002b104300050040100000000001000224e6
:1060c0002c00c2af4418400b000000002800c3970a
:1060d0003800c28f211062000d004018000000003f
:1060e0002000c3972800c29723106200ffff4230b0
:1060f0002016027c211840003800c28f2a1062004e
:106100000300401400000000010002242c00c2af74
:106110002000c3973800c28f2a1043001c00401093
:10612000000000003c00c287211840002800c28700
:106130002110620016004018000000000100022437
:106140002c00c2af6418400b000000003800c28f62
:106150000500401400000000010002242c00c2af22
:106160006418400b000000003800c28f0800400493
:10617000000000002000c3973800c28f2b1043009e
:106180000300401000000000010002242c00c2aff8
:106190002c00c28f0b004014000000003000c2939e
:1061a00004004230140740140000000010000424d2
:1061b00001000524e90f400f00000000941f400b70
:1061c000000000003000c29306004230050040107d
:1061d000000000002b15400f00000000941f400b32
:1061e000000000003000c29310004230050740104c
:1061f000000000001080829301a0033c78ed63242e
:106200000011020080200200231082002110620091
:106210002400428c0c00432c090060100000000098
:106220000700432c2c00601000000000060003242f
:106230000800431000000000de1b400b00000000bf
:106240000c0003242a03431000000000de1b400b57
:106250000000000001a0023c78f042240400438cbe
:106260002400c28f130062100000000001a0023c55
:1062700078f042240400428c3400c2af01a0023cfa
:1062800078f042242400c38f040043ac04000424ab
:1062900001000524e90f400f0000000001a0023cae
:1062a00078f042243400c38f040043ac941f400ba9
:1062b000000000001080829301a0033c78ed63246d
:1062c00000110200802002002310820021106200d1
:1062d00007000324240043ac1080829301a0033cf8
:1062e00078ed632400110200802002002310820058
:1062f000211062000c00438c01a0023c78f0422483
:106300000c00428c231062001c00c2af1c00c28f24
:106310002016027c150041040000000010808293ca
:1063200001a0033c78ed63240011020080200200ec
:1063300023108200211062000400448c108082939c
:1063400001a0053c00190200801003002310430047
:1063500078eda324211043000000428c231082001a
:106360001c00c38f211062001c00c2af01a0023cc0
:1063700078f042240400438c1c00c28f211062007c
:106380001800c2af2400c38f1800c28f2310620010
:106390001800c2af1800c28f15004018000000009e
:1063a00001a0023c78f042242400438c0100023c0e
:1063b0002410620005004010000000001800c38f88
:1063c00001000224070062100000000010000424f5
:1063d00021280000e90f400f00000000941f400b2f
:1063e000000000002400c28fffff42242400c2af3f
:1063f00001a0023c78f042240400448c01a0023c3d
:1064000078f042240c00428cffff453010808293cc
:1064100001a0063c00190200801003002310430075
:1064200078edc324211043001000428cffff42305e
:106430002310a200ffff42302016027c23108200ae
:106440001800c2af01a0023c78f042240c00448c3a
:106450001080829301a0053c001902008010030007
:106460002310430078eda324211043001000428c38
:106470002b10820015004010000000001080829355
:1064800001a0043c00190200801003002310430007
:1064900078ed8324211043000000438c1080829308
:1064a00001a0043c78ed8424001102008028020041
:1064b0002310a200211082000400428c23106200ed
:1064c0001800c38f211062001800c2af2400c38fd0
:1064d0001800c28f231062001800c2af1800c28fcc
:1064e00019014018000000001080829301a0033cb5
:1064f00078ed632400110200802002002310820046
:10650000211062000400448c1080829301a0053c9d
:1065100000190200801003002310430078eda3242b
:10652000211043000000428c231882001800c28f03
:106530002b106200040140140000000001a0023c86
:1065400078f043242400628cc49c027c240062ac5a
:1065500001a0023c78f043242400628c04a5027c54
:10656000240062ac1080829301a0043c0019020058
:10657000801003002310430078ed8324211843008a
:106580002800628c0442027c280062ac1080829356
:1065900001a0043c001902008010030023104300f6
:1065a00078ed8324211043001000428c1c00c2af00
:1065b00010808293213040001080829301a0043c1f
:1065c00000190200801003002310430078ed83249b
:1065d000211043001000438c1800c28f212062005c
:1065e00001a0053c2110c00000190200801003002a
:1065f0002310430078eda32421104300100044ac85
:1066000001a0023c78f042240c00438c1c00c28f95
:106610002b1062002f0040140000000001a0023c7b
:1066200078f042240c00448c1080829301a0053c39
:1066300000190200801003002310430078eda3240a
:10664000211043001000428c2b1082005f0040108c
:106650000000000001a0023c78f042240400448cb9
:106660001080829301a0053c0019020080100300f5
:106670002310430078eda324211043001000438c25
:1066800001a0023c78f042240c00428c23106200ee
:106690002118820001a0023c78f04224040043ac9f
:1066a0001080829301a0043c0019020080100300b6
:1066b0002310430078ed8324211043001000438c05
:1066c00001a0023c78f042240c0043acf319400bcb
:1066d0000000000001a0023c78f042240c00448c31
:1066e0001080829301a0033c78ed63240011020026
:1066f000802802002310a200211062000400458cb3
:106700001080829301a0063c001902008010030053
:106710002310430078edc324211043000000428c75
:106720002310a200211082001c00c2af10808293af
:1067300001a0043c00190200801003002310430054
:1067400078ed8324211043001000438c1c00c28f7d
:106750002b1043001d0040100000000001a0023c6f
:1067600078f042240400448c1080829301a0053c00
:1067700000190200801003002310430078eda324c9
:10678000211043001000438c1c00c28f23106200b4
:106790002118820001a0023c78f04224040043ac9e
:1067a0001080829301a0043c0019020080100300b5
:1067b0002310430078ed8324211043001000438c04
:1067c00001a0023c78f042240c0043ac108082937c
:1067d00001a0043c001902008010030023104300b4
:1067e00078ed8324211043001000438c10808293a5
:1067f00001a0043c78ed84240011020080280200ee
:106800002310a200211082000400428c2b10620091
:1068100025004014000000001080829321304000c9
:106820001080829301a0043c001902008010030034
:106830002310430078ed8324211043001000448c82
:106840001080829301a0053c001902008010030013
:106850002310430078eda324211043000000438c53
:106860001080829301a0053c78eda5240011020060
:10687000803802002310e2002110a2000400428ca4
:10688000231062002120820001a0053c2110c000dd
:1068900000190200801003002310430078eda324a8
:1068a00021104300100044ac01a0023c78f04224c7
:1068b0000c00438c1080829301a0043c78ed84246a
:1068c00000110200802802002310a2002110820083
:1068d0000400428c2b10620099004014000000005c
:1068e00001a0023c78f042240c00448c108082937a
:1068f00001a0053c00190200801003002310430092
:1069000078eda324211043000000438c1080829373
:1069100001a0053c78eda5240011020080300200a2
:106920002310c2002110a2000400428c2310620038
:106930002118820001a0023c78f042240c0043acf4
:10694000d01a400b000000001080829301a0043c8c
:1069500000190200801003002310430078ed832407
:10696000211043001000438c01a0023c78f0422427
:106970000c00428c720062100000000001a0023c7a
:1069800078f042242400438c0800023c241062006a
:10699000650040100000000001a0023c78f0422495
:1069a0002400438c1000023c241062005800401068
:1069b0000000000001a0023c78f042240400448c56
:1069c00001a0023c78f042240c00428cffff4530cd
:1069d0001080829301a0063c001902008010030081
:1069e0002310430078edc324211043001000428c93
:1069f000ffff42302310a200ffff42302016027c2e
:106a00002318820001a0023c78f04224040043ac29
:106a100001a0023c78f042240c00448c1080829348
:106a200001a0053c00190200801003002310430060
:106a300078eda324211043001000428c2b1082001b
:106a40001d0040100000000001a0023c78f042242c
:106a50000400448c1080829301a0033c78ed6324f1
:106a600000110200802802002310a2002110620001
:106a70000400428cffff45301080829301a0063c49
:106a800000190200801003002310430078edc32496
:106a9000211043000000428cffff42302310a2006f
:106aa000ffff42302016027c2318820001a0023c26
:106ab00078f04224040043ac1080829301a0043c8f
:106ac00000190200801003002310430078ed832496
:106ad000211043001000438c01a0023c78f04224b6
:106ae0000c0043ac1080829301a0043c001902000a
:106af000801003002310430078ed83242118430005
:106b00002800628c010004248452827c280062ac3c
:106b100001a0023c78f043242400628c010004248c
:106b200004a5827c240062ac01a0023c78f04324de
:106b30002400628c01000424c49c827c240062ac8a
:106b40001080829301a0043c001902008010030011
:106b50002310430078ed8324211043001000438c60
:106b60001080829301a0043c78ed8424001102007f
:106b7000802802002310a200211082000c00428c09
:106b80004a006214000000001080829301a0043cbf
:106b900000190200801003002310430078ed8324c5
:106ba000211043002800428cc002427cff0042308a
:106bb0001d004014000000001080829321804000de
:106bc0005677400f00000000211840002f00023cc3
:106bd00008af42342118620001a0023c78ed442441
:106be0002110000200110200802802002310a200e0
:106bf000211082001c0043ac1080829301a0043c51
:106c000000190200801003002310430078ed832454
:106c1000211843002800628c0421027c280062ac09
:106c20002b1b400b0000000001a0023c78f0422426
:106c30000400438c2400c28f1c006214000000007a
:106c400001a0023c78f042242400438c0100023c65
:106c50002410620015004010000000001080829394
:106c600001a0043c0019020080100300231043001f
:106c700078ed8324211843002800628c0421027cd3
:106c8000280062ac1080829301a0043c001902002d
:106c9000801003002310430078ed83242118430063
:106ca0002800628cc45a027c280062ac5000c28f5b
:106cb0000e0043942400c28fffff443001a0023c29
:106cc00078f042240400428cffff423023108200ff
:106cd000ffff4230211062003e00c2a701a0023c2b
:106ce00078f04224140042940f0040140000000089
:106cf0003e00c2970c0040100000000010808293fc
:106d000001a0043c0019020080100300231043007e
:106d100078ed8324211843002800628c01000424ac
:106d2000444a827c280062ac01a0023c78f04224f4
:106d30003e00c397140043a41080829301a0033c3b
:106d400078ed6324001102008020020023108200ed
:106d5000211062002400438c0800022434006214d5
:106d60000000000001a0023c78f042240400438ca3
:106d70002400c28f760062140000000001a0023cd3
:106d800078f042242400438c0100023c241062006d
:106d900072004010000000001080829321804000ab
:106da0005677400f00000000211840001700023cf9
:106db00084d742342118620001a0023c78ed4424bb
:106dc0002110000200110200802802002310a200fe
:106dd000211082001c0043ac1080829301a0043c6f
:106de00000190200801003002310430078ed832473
:106df000211843002800628c010004240421827cb5
:106e0000280062ac1080829301a0033c78ed6324db
:106e10000011020080200200231082002110620075
:106e200009000324240043acde1b400b00000000db
:106e30001080829301a0033c78ed632400110200ce
:106e40008020020023108200211062002400438c65
:106e50000900022411006214000000003000c293f7
:106e600001004230400040140000000001a0023c3c
:106e700078f042242400c38f040043ac140004249f
:106e800021280000e90f400f000000002b15400fe3
:106e900000000000941f400b00000000108082934f
:106ea00001a0033c78ed6324001102008020020061
:106eb00023108200211062002400438c0a00022467
:106ec0002c0062140000000001a0023c78f0422473
:106ed0000400438c2400c28fcd0362140000000024
:106ee0002b15400f00000000941f400b0000000015
:106ef00001a0023c78f042240400428c01004324ab
:106f00002400c28fc5036214000000001000042496
:106f100001000524e90f400f00000000108082935b
:106f200001a0033c78ed63240011020080200200e0
:106f300023108200211062000d000324240043acc2
:106f40002b15400f00000000941f400b00000000b4
:106f500000000000de1b400b0000000000000000ed
:106f6000de1b400b0000000000000000de1b400b99
:106f700000000000000000003000c29320004230fa
:106f8000a9034014000000001080829301a0033c7c
:106f900078ed63240011020080200200231082009b
:106fa000211062002400438c0b000224a103621014
:106fb000000000001080829301a0033c78ed632460
:106fc00000110200802002002310820021106200c4
:106fd0002400438c0a000224990362100000000080
:106fe0001080829301a0033c78ed6324001102001d
:106ff0008020020023108200211062002400438cb4
:107000000c00022491036210000000005400c2979b
:1070100089024010000000003c00c2874101401c72
:10702000000000005000c28f0c00428c0019427c0e
:10703000ff00423080100200ffff43303c00c29747
:1070400023106200ffff4230212040007178400f82
:10705000000000005400c3973c00c297211062005a
:107060005400c2a75400c3972000c2972b104300be
:1070700003004010000000002000c2975400c2a787
:1070800001a0023c78f042240800438c5400c297cf
:107090002118620001a0023c78f04224080043acb1
:1070a0001080829301a0033c78ed6324001102005c
:1070b0008020020023108200211062001400438c03
:1070c0005400c297212062001080829301a0053ce9
:1070d00000190200801003002310430078eda32460
:1070e000211043000800428c2b1044005f00401028
:1070f000000000001080829301a0043c00190200ef
:10710000801003002310430078ed832421104300f6
:107110000800438c1080829301a0043c78ed842405
:1071200000110200802802002310a200211082001a
:107130001400428c23106200010042241c00c2afe4
:107140001080829301a0033c78ed632400110200bb
:107150008020020023108200211062001400448c61
:107160001080829301a0053c0019020080100300ea
:107170002310430078eda324211043002c004290fb
:107180001c00c38fffff63301000a3af2128400015
:10719000ffff0624213800007321400f000000008b
:1071a0001080829301a0033c78ed6324001102005b
:1071b0008020020023108200211062000400448c11
:1071c0001080829301a0053c00190200801003008a
:1071d0002310430078eda324211043002c0042909b
:1071e0001c00c38fffff63305400c5972318a30012
:1071f000ffff63301000a3af21284000ffff0624eb
:10720000213800007321400f00000000108082939d
:10721000212840001080829301a0033c78ed632474
:107220000011020080200200231082002110620061
:107230000400438c5400c4971c00c28f23108200aa
:107240002118620001a0023c78ed44242110a00026
:1072500000110200802802002310a20021108200e9
:10726000140043acc61c400b000000001080829349
:1072700001a0033c78ed632400110200802002008d
:1072800023108200211062001400448c108082932d
:1072900001a0053c001902008010030023104300e8
:1072a00078eda324211043002c0042905400c39792
:1072b0001000a3af21284000ffff06242138000062
:1072c0007321400f000000001080829321284000ad
:1072d0001080829301a0033c78ed6324001102002a
:1072e0008020020023108200211062001400438cd1
:1072f0005400c2972118620001a0023c78ed44249a
:107300002110a00000110200802802002310a2001a
:1073100021108200140043ac01a0023c78f042240a
:1073200024004384ffff0224c30162100000000018
:1073300001a0023c78f0422424004284ffff433045
:107340005400c29723106200ffff4230201e027ccf
:1073500001a0023c78f04224240043a401a0023c96
:1073600078f04224160042942118400001a0023c0b
:1073700078f0422424004284211062001c00c2af35
:107380001c00c28f2016027c070041040000000090
:1073900001a0023c78f04224ffff0324240043a410
:1073a0008e1e400b0000000001a0023c78f0422439
:1073b00024004284a001401c0000000001a0023c07
:1073c00078f042240800438c1c00c28f2118620010
:1073d00001a0023c78f04224080043ac1080829364
:1073e000212840001080829301a0033c78ed6324a3
:1073f0000011020080200200231082002110620090
:107400001400438c1c00c28f2118620001a0023cb2
:1074100078ed44242110a000001102008028020011
:107420002310a20021108200140043ac108082932c
:1074300001a0033c78ed63240011020080200200cb
:1074400023108200211062001400448c108082936b
:1074500001a0053c00190200801003002310430026
:1074600078eda324211043000800428c2b10440027
:107470002600401000000000108082932128400068
:107480001080829301a0033c78ed63240011020078
:107490008020020023108200211062001400448c1e
:1074a0001080829301a0063c0019020080100300a6
:1074b0002310430078edc324211043000800438cbf
:1074c0001080829301a0063c78edc62400110200d2
:1074d000803802002310e2002110c2000400428c18
:1074e00023106200271002002118820001a0023c34
:1074f00078ed44242110a000001102008028020031
:107500002310a20021108200140043ac01a0023c11
:1075100078f04224ffff0324240043a48e1e400b76
:10752000000000003c00c28743014018000000003a
:107530005400c3973c00c297211862002000c297f4
:107540002a10430005004010000000002000c397ef
:107550003c00c297231062005400c2a75000c28fa3
:107560000c00428c0019427cff0042308010020067
:10757000ffff4230212040007178400f00000000e2
:107580001080829301a0033c78ed63240011020077
:107590008020020023108200211062001400438c1e
:1075a0003c00c297211862005400c297212062005b
:1075b0001080829301a0053c001902008010030096
:1075c0002310430078eda324211043000800428ccf
:1075d0002b104400800040100000000010808293b7
:1075e00001a0043c00190200801003002310430096
:1075f00078ed8324211043000800438c108082938f
:1076000001a0043c78ed84240011020080280200cf
:107610002310a200211082001400428c2318620063
:107620003c00c29723100200211062000100422496
:107630001c00c2af1c00c28f2016027c3800400420
:10764000000000001080829301a0033c78ed6324c9
:10765000001102008020020023108200211062002d
:107660001400438c3c00c29721206200108082935a
:1076700001a0053c00190200801003002310430004
:1076800078eda324211043002c0042901c00c38fee
:10769000ffff63301000a3af21284000ffff062446
:1076a000213800007321400f0000000010808293f9
:1076b00001a0033c78ed6324001102008020020049
:1076c00023108200211062000400448c10808293f9
:1076d00001a0053c001902008010030023104300a4
:1076e00078eda324211043002c0042901c00c38f8e
:1076f000ffff63305400c5972318a300ffff6330da
:107700001000a3af21284000ffff0624213800000d
:107710007321400f000000000f1e400b000000000e
:107720001080829301a0033c78ed632400110200d5
:107730008020020023108200211062001400438c7c
:107740003c00c297212062001080829301a0053c7a
:1077500000190200801003002310430078eda324d9
:10776000211043000800438c1080829301a0053c47
:1077700078eda52400110200803002002310c20021
:107780002110a2000400428c231062002710020086
:10779000212082001080829301a0053c0019020084
:1077a000801003002310430078eda3242110430030
:1077b0002c0042905400c3971000a3af2128400032
:1077c000ffff0624213800007321400f0000000055
:1077d0000f1e400b000000001080829301a0033cac
:1077e00078ed632400110200802002002310820043
:1077f000211062001400438c3c00c29721206200db
:107800001080829301a0053c001902008010030043
:107810002310430078eda324211043002c00429054
:107820005400c3971000a3af21284000ffff062497
:10783000213800007321400f0000000001a0023c2d
:1078400078f0422424004384ffff02240b006214da
:10785000000000003c00c38701a0023c78f04224f5
:10786000240043a401a0023c78f042245400c397b2
:10787000160043a48e1e400b0000000001a0023c35
:1078800078f0422424004284ffff42303c00c3973a
:107890002b10620035004010000000003c00c39730
:1078a0005400c2972118620001a0023c78f04224e3
:1078b00024004284ffff42302120400001a0023c0e
:1078c00078f0422416004294211082002a104300ce
:1078d0000b004014000000003c00c3975400c29706
:1078e0002118620001a0023c78f042242400428466
:1078f000ffff42302a106200070040100000000025
:1079000001a0023c78f042245400c397160043a41f
:10791000551e400b0000000001a0023c78f04224fc
:1079200024004284ffff433001a0023c78f042244f
:107930001600429421106200ffff43303c00c297c2
:1079400023106200ffff433001a0023c78f0422484
:10795000160043a43c00c38701a0023c78f04224f7
:10796000240043a48e1e400b000000003c00c3977f
:107970005400c2972118620001a0023c78f0422412
:1079800024004284ffff42302120400001a0023c3d
:1079900078f0422416004294211082002a104300fd
:1079a00025004010000000003c00c39701a0023ced
:1079b00078f0422424004284ffff4230212040001e
:1079c00001a0023c78f0422416004294211082006b
:1079d0002a104300180040140000000001a0023cdf
:1079e00078f04224160043943c00c4975400c29798
:1079f00021108200ffff443001a0023c78f04224b5
:107a000024004284ffff423023108200ffff4430f5
:107a100001a0023c78f04224160042942310820018
:107a2000ffff423021106200ffff433001a0023c03
:107a300078f04224160043a42800c2976300401047
:107a4000000000001080829301a0033c78ed6324c5
:107a50000011020080200200231082002110620029
:107a60002400438c07000224130062100000000071
:107a700010808293211840001080829301a0043c62
:107a800078ed842400110200802802002310a20057
:107a9000211082001400448c01a0053c21106000dc
:107aa00000190200801003002310430078eda32486
:107ab00021104300180044ac1080829301a0043cc4
:107ac00000190200801003002310430078ed832486
:107ad000211043002800428cc001427cff0042304c
:107ae00009004010000000001000042401000524db
:107af000e90f400f000000001400400f00000000dc
:107b0000f31e400b000000001080829301a0043c93
:107b100000190200801003002310430078ed832435
:107b2000211843002800628c01000424c439827c9f
:107b3000280062ac1080829301a0043c001902006e
:107b4000801003002310430078ed832421104300ac
:107b50002800428c8001427cff0042301b00401410
:107b6000000000001080829301a0043c0019020074
:107b7000801003002310430078ed83242118430074
:107b80002800628c010004248431827c280062accd
:107b900010808293218040006477400f0000000035
:107ba000ffff42307a004224ffff443001a0053c31
:107bb000211000020019020080100300231043006e
:107bc00078eda32421104300220044a43000c29386
:107bd00001004230ff0042309d00401000000000d4
:107be00001a0023c78f042240800428c01004324aa
:107bf0002800c4973400c28f2110820094006214c0
:107c00000000000001a0023c78f042240800428cf1
:107c10000100432401a0023c78f04224080043ac58
:107c20001080829301a0033c78ed632400110200d0
:107c30008020020023108200211062002400428c68
:107c40000700032420004310000000000800432c1c
:107c50000600601000000000060003240b00431023
:107c600000000000721f400b000000000800032409
:107c70002f004310000000000900032445004310ba
:107c800000000000721f400b000000001080829373
:107c900001a0033c78ed6324001102008020020063
:107ca00023108200211062000c000324240043ac46
:107cb0001100042401000524e90f400f000000001a
:107cc000941f400b000000001080829301a0033c31
:107cd00078ed63240011020080200200231082004e
:107ce000211062000b000324240043ac1080829317
:107cf000218040006477400f00000000ffff423009
:107d0000f4004224ffff443001a0053c2110000292
:107d100000190200801003002310430078eda32413
:107d200021104300220044a4721f400b00000000f9
:107d300001a0023c78f042240400438c2400c28f4e
:107d40000900621400000000100004242128000033
:107d5000e90f400f000000002b15400f000000004d
:107d6000941f400b000000001080829301a0033c90
:107d700078ed6324001102008020020023108200ad
:107d8000211062000a000324240043ac721f400b40
:107d9000000000002400c28f0100432401a0023c27
:107da00078f04224040043ac100004242128000091
:107db000e90f400f000000002b15400f00000000ed
:107dc000941f400b00000000100004240100052453
:107dd000e90f400f00000000941f400b000000005e
:107de00000000000941f400b000000000000000095
:107df000941f400b0000000000000000941f400b87
:107e00000000000000000000941f400b0000000074
:107e100000000000941f400b000000000000000064
:107e2000941f400b0000000000000000941f400b56
:107e30000000000000000000941f400b0000000044
:107e400000000000941f400b000000000000000034
:107e500021e8c0034c00bf8f4800be8f4400b08fa4
:107e60005000bd270800e00300000000d0ffbd2740
:107e70002c00bfaf2800beaf21f0a003214080003e
:107e80002120a0002118c0002110e0003000c8a36c
:107e90003400c4a73800c3a73c00c2a33000c2937b
:107ea0001000422c040040140000000021100000cb
:107eb0006d21400b000000003000c293108082a3af
:107ec0003400c297030040140000000001000224a7
:107ed0003400c2a71080829301a0043c0019020064
:107ee000801003002310430078ed83242110430009
:107ef0000800448c1080829301a0053c0019020008
:107f0000801003002310430078eda32421104300c8
:107f10000000428c23108200ffff42242000c2afe9
:107f20003400c3973800c297211062002118400026
:107f30002000c28f2b1043000400401000000000fe
:107f4000211000006d21400b000000001400400fc4
:107f5000000000003c00c2930300423004004014c3
:107f6000000000003c00c293030042343c00c2a366
:107f70003800c2971c00c2a73400c3973800c297cc
:107f8000211062002000c38f231062002000c2afc6
:107f90003c00c29302004230130040100000000079
:107fa0003c00c29301004230ff0042300900401003
:107fb000000000002000c28f42100200ffff43308b
:107fc0001c00c297211062001c00c2a7fa1f400bc0
:107fd000000000002000c28fffff43301c00c2974a
:107fe000211062001c00c2a71080829301a0043cf3
:107ff00000190200801003002310430078ed832451
:10800000211043000000438c1c00c2972110620025
:10801000010042242000c2af1080829301a0033ce3
:1080200078ed6324001102008020020023108200fa
:10803000211062001400428c1800c2af01a0023c63
:1080400078f0422424004384ffff02242d006210b4
:108050000000000001a0023c78f042242400428489
:108060002118400001a0023c78f0422416004294fe
:10807000211062001800c38f211062001800c2afe7
:108080001080829301a0043c0019020080100300bc
:108090002310430078ed8324211043000800438c13
:1080a0001800c28f2b106200160040100000000064
:1080b0001080829301a0043c00190200801003008c
:1080c0002310430078ed8324211043000800438ce3
:1080d0001080829301a0043c78ed842400110200fa
:1080e000802802002310a200211082000400428c8c
:1080f00023106200271002001800c38f21106200b5
:108100001800c2af1080829301a0043c0019020045
:10811000801003002310430078ed832421104300d6
:108120001800438c1800c28f2b10620028004010ea
:10813000000000001080829301a0043c001902009e
:10814000801003002310430078ed832421104300a6
:108150001800438c2000c28f2b1062006100401079
:10816000000000003c00c2930400423004004010b4
:1081700000000000211000006d21400b00000000f5
:108180001080829301a0043c0019020080100300bb
:108190002310430078ed8324211043002000c38f77
:1081a000180043ac1080829301a0033c78ed632457
:1081b00000110200802002002310820021106200c2
:1081c0002000c38f140043acb920400b0000000016
:1081d0001080829301a0043c00190200801003006b
:1081e0002310430078ed8324211043001800438cb2
:1081f0001800c28f2b104300280040100000000020
:108200001080829301a0033c78ed632400110200ea
:108210008020020023108200211062000400438ca1
:108220002000c28f2b1062002e00401000000000c2
:108230003c00c293040042300400401000000000e3
:10824000211000006d21400b00000000108082937f
:1082500001a0043c00190200801003002310430019
:1082600078ed8324211043002000c38f180043ac15
:108270001080829301a0033c78ed6324001102007a
:108280008020020023108200211062002000c38f92
:10829000140043acb920400b000000001080829312
:1082a00001a0043c001902008010030023104300c9
:1082b00078ed8324211043002000c38f180043acc5
:1082c0001080829301a0033c78ed6324001102002a
:1082d0008020020023108200211062002000c38f42
:1082e000140043ac1080829301a0043c00190200ea
:1082f000801003002310430078ed832421104300f5
:108300001800438c1800c28f2b10430061004010ee
:10831000000000003c00c293040042305d004010a9
:10832000000000001080829301a0043c00190200ac
:10833000801003002310430078ed832421104300b4
:108340002c004290212840001080829301a0033c21
:1083500078ed6324001102008020020023108200c7
:10836000211062000400468c1080829301a0043c1e
:1083700000190200801003002310430078ed8324cd
:10838000211043002c004290211840001800c28f99
:10839000ffff44301080829301a0073c78ede72472
:1083a0000011020080400200231002012110e200af
:1083b0000400428cffff423023108200ffff423056
:1083c0001000a2af2000c48f213860007321400f3d
:1083d000000000001080829301a0033c78ed63242c
:1083e0000011020080200200231082002110620090
:1083f0001400448c1080829301a0053c00190200f7
:10840000801003002310430078eda32421104300c3
:108410001800428c2b1082001e004010000000004b
:1084200010808293212840001080829301a0033c99
:1084300078ed6324001102008020020023108200e6
:10844000211062001400438c1080829301a0043c30
:1084500078ed842400110200803002002310c20055
:10846000211082000400428c2000c48f231082005f
:108470002118620001a0023c78ed44242110a000e4
:1084800000110200802802002310a20021108200a7
:10849000140043ac1080829301a0033c78ed632468
:1084a00000110200802002002310820021106200cf
:1084b0002000c38f040043ac1080829301a0043cd1
:1084c00000190200801003002310430078ed83247c
:1084d000211043000000438c01a0023c78f04224ac
:1084e0000c0043ac108082932130400010808293b6
:1084f00001a0043c00190200801003002310430077
:1085000078ed8324211043000000448c01a0053c39
:108510002110c00000190200801003002310430046
:1085200078eda32421104300100044ac1080829306
:10853000212840001080829301a0043c0019020011
:10854000801003002310430078ed832421104300a2
:108550000000438c01a0023c78ed44242110a000cf
:1085600000110200802802002310a20021108200c6
:108570000c0043ac1080829301a0033c78ed63248f
:1085800000110200802002002310820021106200ee
:108590002400438c07000224050062140000000040
:1085a0001000042401000524e90f400f0000000022
:1085b0000100022421e8c0032c00bf8f2800be8fd9
:1085c0003000bd270800e00300000000e0ffbd27e9
:1085d0001c00bfaf1800beaf21f0a0032000c4af45
:1085e0002120a0002800c6af2118e0003000c28f73
:1085f0002400c4a32c00c3a31000c2a72c00c29364
:108600002300401000000000010003244800431430
:10861000000000002400c2930d0040100000000084
:10862000010003243e004314000000002000c48f1a
:108630002800c38f1000c29721286000213040001d
:10864000e47f400f00000000a221400b000000006a
:108650002000c38fffff022404006210000000000e
:108660002000c48fd35c400f000000002800c38f9f
:108670001000c29721206000212840005f5d400f5c
:108680000000000000000000cc21400b00000000b2
:108690002400c293130040100000000001000324d6
:1086a00022004314000000002800c38fffff0224b3
:1086b00004006210000000002800c48f7e5e400f9e
:1086c000000000002000c38f1000c297212060002e
:1086d00021284000995e400f00000000c521400b9a
:1086e000000000001000c2972000c48f2800c58f32
:1086f00021304000ca5e400f000000000000000072
:10870000f35e400f00000000fdff4010000000007d
:108710000000000000000000cc21400b0000000021
:1087200000000000cc21400b000000000000000011
:1087300021e8c0031c00bf8f1800be8f2000bd279a
:108740000800e00300000000e8ffbd271400bfaff1
:108750001000beaf21f0a0031800c4af1800c28ff4
:10876000fdff42243600432c68006010000000002a
:1087700080180200019d023c8c8742242110620077
:108780000000428c08004000000000006488009d4a
:108790000c89009d0c89009d0c89009d0c89009d11
:1087a0007488009d0c89009d0c89009d8488009d23
:1087b0009488009da488009d0c89009d0c89009dd3
:1087c0000c89009d0c89009d0c89009d0c89009de1
:1087d0000c89009d0c89009d0c89009d0c89009dd1
:1087e0000c89009db488009d0c89009d0c89009d1a
:1087f0005089009d5089009d5089009d0c89009de5
:108800000c89009d0c89009d0c89009d0c89009da0
:108810000c89009d0c89009d0c89009d0c89009d90
:108820000c89009d0c89009d5089009d5089009df8
:10883000d088009de088009d0c89009d0c89009dda
:108840000c89009d0c89009d0c89009d0c89009d60
:108850000c89009d0c89009d0c89009d0c89009d50
:10886000f088009d3855400f000000005522400b55
:10887000000000006256400f000000005522400b2f
:1088800000000000a055400f000000005522400be2
:1088900000000000b355400f000000005522400bbf
:1088a00000000000c655400f000000005522400b9c
:1088b00000000000029d023c089642242120400056
:1088c000d630400f000000005522400b0000000091
:1088d000a756400f000000005522400b000000008a
:1088e0000457400f000000005522400b000000001c
:1088f000029d023c1496422421204000d630400fb5
:10890000000000005522400b000000002c818293e3
:108910002118400000a0023cc0180300f037422498
:10892000211062000400429021184000029d023c88
:1089300020964224212060002128400004000624c3
:108940001505400f000000005522400b00000000fc
:108950000000000021e8c0031400bf8f1000be8f8c
:108960001800bd270800e00300000000e8ffbd2755
:108970001400bfaf1000beaf21f0a0032c81829382
:108980002118400000a0023cc0180300f037422428
:108990002110620004004290212040007e00052446
:1089a0003804400f0000000021e8c0031400bf8f0e
:1089b0001000be8f1800bd270800e0030000000073
:1089c000d8ffbd272400bfaf2000beaf1c00b0af52
:1089d00021f0a0032c8180a3b022400b00000000f6
:1089e0002c8182932118400000a0023cc018030093
:1089f000f037422421106200000040ac2c818293a9
:108a00002180400021200000212800005000062481
:108a1000080007241f01400f00000000211840003b
:108a200000a0023cc0201000f03742242110820038
:108a3000040043a000a0023c64374224ffff03244b
:108a4000180043a000a0023c64374224ffff032427
:108a5000190043a0bf5c400f000000002118400037
:108a60002c8182938010020080200200211044009b
:108a7000c02002002310820021106200212040004b
:108a8000d35c400f000000001000c2af00a0023c09
:108a900064374224212040008c0005245f5d400f94
:108aa000000000001000c48fd35c400f00000000e5
:108ab0002c81829301004224ff0042302c8182a34a
:108ac0002c8182930200422cc5ff4014000000005c
:108ad0002c8180a321e8c0032400bf8f2000be8f1b
:108ae0001c00b08f2800bd270800e0030000000034
:108af000e0ffbd271c00bfaf1800beaf21f0a003f0
:108b00001000c0a32e23400b000000001000c393f0
:108b100000a0023cc0180300f0374224211062007c
:108b200004004390fe0002245f0062100000000079
:108b30001000c39300a0023cc0180300f037422489
:108b40002110620004004290212040003e02400fac
:108b50000000000039004010000000001000c29327
:108b6000212040003823400f000000002c81829318
:108b70002118400000a0023cc0180300f037422436
:108b800021106200000040ac00a0023c6437422487
:108b900018004390ff0002240b0062100000000048
:108ba00000a0023c6437422418004290212040007b
:108bb000493b400f0000000000a0023c6437422403
:108bc000ffff0324180043a000a0023c64374224a6
:108bd00019004390ff0002240b0062100000000007
:108be00000a0023c6437422419004290212040003a
:108bf000493b400f0000000000a0023c64374224c3
:108c0000ffff0324190043a02c8182932118400008
:108c100000a0023cc0180300f0374224211062007b
:108c20000400429021204000010005242130000072
:108c3000040007249b1f400f000000001000c39396
:108c400000a0023cc0180300f0374224211062004b
:108c50000000428c0c004014000000001000c39380
:108c600000a0023cc0180300f0374224211062002b
:108c70000400429021204000b106400f0000000097
:108c80000a004010000000001000c29321204000a4
:108c90003823400f000000007d23400f000000003b
:108ca0002b23400b00000000000000001000c293c6
:108cb000010042241000c2a31000c2930200422c03
:108cc00092ff40140000000021e8c0031c00bf8f89
:108cd0001800be8f2000bd270800e0030000000040
:108ce000e0ffbd271c00bfaf1800beaf21f0a003fe
:108cf000211080002000c2a32c8182932000c39306
:108d00003500621000000000bf5c400f0000000052
:108d1000211840002c8182938010020080200200e4
:108d200021104400c02002002310820021106200a4
:108d300021204000d35c400f000000001000c2a7bb
:108d400000a0023c64374224212040008c0005240e
:108d50005f5d400f000000001000c297212040001e
:108d6000d35c400f00000000bf5c400f000000001b
:108d7000211840002000c2938010020080200200d1
:108d800021104400c0200200231082002110620044
:108d9000212040007e5e400f000000001000c2a7ae
:108da00000a0023c64374224212040008c000524ae
:108db000995e400f000000001000c2972120400083
:108dc0007e5e400f000000002000c2932c8182a331
:108dd0007723400b000000000000000021e8c003e2
:108de0001c00bf8f1800be8f2000bd270800e003c5
:108df00000000000b0ffbd274c00bfaf4800beaf71
:108e00004400b0af21f0a003010002242000c2af53
:108e10002c8182932118400000a0023cc01803005e
:108e2000f0374224211062000000428c0c00432cd9
:108e3000d90760100000000080180200019d023c6c
:108e4000548e4224211062000000428c0800400031
:108e500000000000848e009d888f009db898009dc2
:108e6000889c009dbc9d009df49d009de8a0009df8
:108e7000b4a1009d7ca6009d48ab009decab009d7d
:108e800080ac009d2c8182932118400000a0023c00
:108e9000c0180300f0374224211062000400429001
:108ea00021204000b106400f000000001800c2a7ba
:108eb0001800c297a50740100000000000a0023c67
:108ec0006437422400a0033c88376324100043ac7d
:108ed0002c8182932118400000a0023cc01803009e
:108ee000f03742242110620001000324000043ac4b
:108ef00000a0023c64374224ffff03241b0043a070
:108f000000a0023c643742241a0040a05677400f6c
:108f10000000000021184000d600023ca493423417
:108f20002118620000a0023c64374224080043acd0
:108f300000a0023c64374224ffff03240c0043ac32
:108f400000a0023c643740ac00a0023c64374224dd
:108f5000880040a02c8182932118400000a0023c90
:108f6000c0180300f0374224211062000400429030
:108f700021204000010005242130000005000724c5
:108f80009b1f400f000000002c818293211840009d
:108f900000a0023cc0180300f037422421106200f8
:108fa000040042901000a0af212040000a000524d8
:108fb00021300000213800002e0b400f000000007f
:108fc00021184000ffff0234380062140000000046
:108fd0002c8182932118400000a0023cc01803009d
:108fe000f03742242110620004004290212040000a
:108ff000af08400f000000000e0040140000000009
:1090000000a0023c64374224050003241c0043ac4a
:109010002c8182932118400000a0023cc01803005c
:10902000f03742242110620007000324000043ac03
:109030002000c0af5677400f00000000211840000c
:1090400000a0023c643742240800428c23106200d6
:1090500041074018000000002c8182932118400035
:1090600000a0023cc0180300f03742242110620027
:1090700004004290212040009d02400f00000000ab
:109080002c8182932118400000a0023cc0180300ec
:10909000f0374224211062000b000324000043ac8f
:1090a0002000c0af662b400b000000005677400f39
:1090b0000000000021184000d600023ca493423476
:1090c0002118620000a0023c64374224080043ac2f
:1090d0002c8182932118400000a0023cc01803009c
:1090e000f037422421106200040042901000a0af2b
:1090f00021204000200005242130000021380000fc
:109100002e0b400f000000001800c2a71800c297e5
:109110000600422c03004014000000000500022459
:109120001800c2a72c8182932118400000a0023ca5
:10913000c0180300f037422421106200040042905e
:10914000211840001800c29701004224ffff42305e
:109150002120600000a0033c8837652421304000b6
:10916000bd07400f0000000000a0023c88374424e7
:10917000029d023ccc9d452403000624bf85400f80
:1091800000000000060040140000000000a0023ca7
:10919000643742241c0040ac8624400b00000000d1
:1091a00000a0023c88374424029d023cd09d452407
:1091b00004000624bf85400f000000000700401493
:1091c0000000000000a0023c643742240100032498
:1091d0001c0043ac8624400b0000000000a0023cb1
:1091e00064374224070003241c0043ac2c81829383
:1091f0002118400000a0023cc0180300f0374224b0
:109200002110620007000324000043ac2000c0af1f
:10921000662b400b000000002c8182932118400037
:1092200000a0023cc0180300f03742242110620065
:10923000040042901000a0af21204000200005242f
:1092400021300000213800002e0b400f00000000ec
:109250001800c2a72c8182932118400000a0023c74
:10926000c0180300f037422421106200040042902d
:10927000211840001800c2971000a0af2120600004
:109280003f00052421300000213840002e0b400f04
:10929000000000001a00c2a71800c3971a00c29766
:1092a000ffff4530ffff64302b2085000200801057
:1092b00000000000211060001800c2a71800c2972b
:1092c0005a00422c100040140000000000a0023c94
:1092d00064374224050003241c0043ac2c81829394
:1092e0002118400000a0023cc0180300f0374224bf
:1092f0002110620007000324000043ac2000c0af2f
:10930000662b400b000000002c8182932118400046
:1093100000a0023cc0180300f03742242110620074
:1093200004004290211840001800c29721206000dc
:1093300000a0033c8837652421304000bd07400f62
:10934000000000001a00c2a71a00c39700a0023c48
:109350006437422421106200240040a000a0023c97
:1093600088374424b42d400f0000000000a0023cc8
:1093700088374224212040003e80400f000000003a
:109380001a00c2a700a0023c8937422421204000d5
:10939000029d023cd89d45240b000624bf85400f4a
:1093a00000000000230040140000000000a0023c68
:1093b00089374424e352400f000000002118400088
:1093c00000a0023c643742241b0043a000a0023ce2
:1093d000643742241c00428c070040140000000047
:1093e00000a0023c64374224080003241c0043ac64
:1093f0000225400b0000000000a0023c643742241c
:10940000090003241c0043ac2c81829321184000e6
:1094100000a0023cc0180300f03742242110620073
:1094200002000324000043ac2000c0af662b400bb9
:10943000000000001a00c297ffff432400a0023c76
:109440006437422421106200240043902f0002243c
:10945000090062100000000000a0023c893744248b
:10946000263a400f000000002118400000a0023cf6
:1094700064374224180043a000a0023c6437422411
:1094800018004390ff00022428006214000000002e
:109490001a00c297ffff432400a0023c6437422415
:1094a00021106200240043902f0002240a00621061
:1094b000000000001a00c39700a0023c6437422459
:1094c000211062002f000324240043a01a00c29739
:1094d000010042241a00c2a700a0023c883743249e
:1094e0001a00c2972110620021204000029d023c18
:1094f000e49d45240a000624e47f400f000000009c
:109500001a00c297090042241a00c2a700a0023c18
:1095100089374424263a400f0000000021184000fb
:1095200000a0023c64374224180043a01a00c297ee
:10953000ffff432400a0023c883742242110620030
:109540002400c2af5b25400b000000002400c28f46
:10955000000043902e0002240b0062100000000067
:109560002400c28fffff42242400c2af2400c38f17
:1095700000a0023c88374224f4ff6214000000007f
:109580006325400b00000000000000002400c28f93
:10959000010042242400c2af00a0023c64374224f0
:1095a000200040ac8025400b0000000000a0023ce1
:1095b000643742242000438c029d023c8018030043
:1095c00060964224211062000000428c2400c48f67
:1095d000212840007b51400f000000001000401087
:1095e0000000000000a0023c643742242000428cae
:1095f0000100432400a0023c64374224200043ac15
:1096000000a0023c643742242000428c0b00422c14
:10961000e6ff4014000000008925400b0000000018
:109620000000000000a0023c89374424e352400fb0
:10963000000000002118400000a0023c64374224d2
:109640001b0043a000a0023c643742241800439052
:10965000ff000224190062100000000000a0023c7c
:109660006437422418004290212040004f3e400fb2
:109670000000000002004230100040100000000016
:1096800000a0023c64374224180042902120400090
:10969000913f400f0000000001004224ffff4230d4
:1096a00021204000ed3a400f00000000211840004a
:1096b00000a0023c64374224190043a02c8182930d
:1096c0002118400000a0023cc0180300f0374224db
:1096d00021106200040042901000a0af2120400041
:1096e0002000052421300000213800002e0b400fff
:1096f000000000001800c2a71800c29747004010e1
:109700000000000000a0023c643742240100032452
:109710001a0043a02c8182932118400000a0023c33
:10972000c0180300f0374224211062000400429068
:10973000211840002800c227212060002128400075
:109740001907400f000000001800c297ffff4224d5
:109750001800c2a71800c2976200422c10004014e3
:109760000000000000a0023c6437422405000324ee
:109770001c0043ac2c8182932118400000a0023cc5
:10978000c0180300f03742242110620007000324b0
:10979000000043ac2000c0af662b400b000000006f
:1097a00000a0023c643742241000508c2c8182932c
:1097b0002118400000a0023cc0180300f0374224ea
:1097c0002110620004004290211840001800c29746
:1097d0002120600000a0033c883765242130400030
:1097e000bd07400f000000002118020200a0023c4b
:1097f00064374224100043ac00a0023c643742248a
:109800001000428c26000324000043a001004324e2
:1098100000a0023c64374224100043ac2c818293a8
:109820002118400000a0023cc0180300f037422479
:1098300021106200040042901000a0af21204000df
:109840000a00052421300000213800002e0b400fb3
:10985000000000001800c2a72c818293211840004c
:1098600000a0023cc0180300f0374224211062001f
:1098700004004290211840001800c29701004224c1
:10988000ffff4230212060002128000021304000ed
:10989000bd07400f000000002c818293211840007a
:1098a00000a0023cc0180300f037422421106200df
:1098b00002000324000043ac2c8182932118400055
:1098c00000a0023cc0180300f037422421106200bf
:1098d000040042901000a0af212040000a0005249f
:1098e00021300000213800002e0b400f0000000046
:1098f0001800c2a71800c397ffff02343800621493
:10990000000000002c8182932118400000a0023c3e
:10991000c0180300f0374224211062000400429076
:1099200021204000af08400f000000000e0040144e
:109930000000000000a0023c64374224050003241c
:109940001c0043ac2c8182932118400000a0023cf3
:10995000c0180300f03742242110620007000324de
:10996000000043ac2000c0af5677400f000000005d
:109970002118400000a0023c643742240800428cb9
:109980002310620014004018000000002c81829314
:109990002118400000a0023cc0180300f037422408
:1099a0002110620004004290212040009d02400fdf
:1099b000000000002c8182932118400000a0023c8e
:1099c000c0180300f0374224211062000b0003246a
:1099d000000043ac2000c0af2027400b0000000077
:1099e0005677400f0000000021184000d600023cce
:1099f000a49342342118620000a0023c6437422440
:109a0000080043ac1800c397010002241800621438
:109a1000000000002c8182932118400000a0023c2d
:109a2000c0180300f0374224211062000400429065
:109a3000212040002128000002000624bd07400f1d
:109a4000000000002c8182932118400000a0023cfd
:109a5000c0180300f03742242110620003000324e1
:109a6000000043ac2000c0af2027400b00000000e6
:109a70002c8182932118400000a0023cc0180300f2
:109a8000f037422421106200040042902118400067
:109a90001800c2971000a0af212060003a000524f2
:109aa00021300000213840002e0b400f0000000044
:109ab000020042241a00c2a72000c0af1a00c297b9
:109ac0001100422c14004014000000002c818293ed
:109ad0002118400000a0023cc0180300f0374224c7
:109ae0002110620004004290211840001800c29723
:109af00001004224ffff42302120600021280000a5
:109b000021304000bd07400f0000000000000000b1
:109b10002e26400b000000002c818293211840006b
:109b200000a0023cc0180300f0374224211062005c
:109b300004004290212040001a00c2972c00c32745
:109b40002128600021304000bd07400f00000000c8
:109b50001a00c297ffff42241800c3272110620099
:109b6000140040a01800c3971a00c2972310620087
:109b70001800c2a71c00c0a3f826400b000000007c
:109b80002c00c3271c00c493029d023c80200400cb
:109b9000c09d4224211082000000428c21206000e0
:109ba00021284000c982400f000000000900401435
:109bb000000000001c00c29321204000192c400f1f
:109bc00000000000010002242000c2affc26400b70
:109bd000000000001c00c293010042241c00c2a32c
:109be0001c00c2930300422ce5ff4014000000005b
:109bf0002000c28f10004010000000002c818293d2
:109c00002118400000a0023cc0180300f037422495
:109c100021106200040042901000a0af21204000fb
:109c20000a00052421300000213800002e0b400fcf
:109c3000000000001800c2a72c8182932118400068
:109c400000a0023cc0180300f0374224211062003b
:109c500004004290211840001800c29701004224dd
:109c6000ffff423021206000212800002130400009
:109c7000bd07400f000000002e26400b0000000032
:109c8000662b400b0000000000a0023c6437422419
:109c90001b0042902014027c1000400400000000d1
:109ca00000a0023c64374224030003241c0043aca0
:109cb0002c8182932118400000a0023cc0180300b0
:109cc000f03742242110620007000324000043ac57
:109cd0002000c0af662b400b0000000000a0023c3b
:109ce000643742241000428c000040a000a0023cd7
:109cf00088374424b42d400f000000002118400094
:109d000000a0023c64374224100043ac00a0023c97
:109d1000643742241c00438c080002240c006214a7
:109d2000000000002c8182932118400000a0023c1a
:109d3000c0180300f03742242110620007000324fa
:109d4000000043ac2000c0af662b400b00000000b9
:109d50002c8182932118400000a0023cc01803000f
:109d6000f03742242110620004000324000043acb9
:109d700000a0023c643742241a00429009004014bb
:109d8000000000002c8182932118400000a0023cba
:109d9000c0180300f037422421106200050003249c
:109da000000043ac2000c0af00a0023c6437422456
:109db0001a0040a0662b400b000000002553400f06
:109dc000000000002118400002000224e503621098
:109dd000000000002c8182932118400000a0023c6a
:109de000c0180300f037422421106200050003244c
:109df000000043ac2c8182932118400000a0023c5b
:109e0000c0180300f0374224211062000400429081
:109e100021204000b106400f000000002118400042
:109e200000a0023c643742240c00428c1f006214e4
:109e3000000000005677400f00000000211840008d
:109e400000a0023c643742240800428c23106200c8
:109e500016004018000000002c8182932118400059
:109e600000a0023cc0180300f03742242110620019
:109e700004004290212040009d02400f000000009d
:109e80002c8182932118400000a0023cc0180300de
:109e9000f0374224211062000b000324000043ac81
:109ea0002000c0af662b400b0000000000a0023c69
:109eb000643742241c00438c010002240d00621010
:109ec0000000000000a0023c643742241c00428cc9
:109ed0000900422c7c0040140000000000a0023c5d
:109ee000643742241c00428c0c00422c7600401047
:109ef0000000000000a0023c643742241c00428c99
:109f00000900422c190040140000000000a0023c8f
:109f1000643742241c00428c0c00422c1300401079
:109f200000000000902f400f00000000ff004230b2
:109f30002800c2a32800c2931000401400000000b3
:109f40002c8182932118400000a0023cc01803001d
:109f5000f03742242110620007000324000043acc4
:109f60002000c0af662b400b00000000be54400f25
:109f700000000000ff0042302800c2a32800c39365
:109f80000200022412006214000000002c8182935f
:109f90002118400000a0023cc0180300f037422402
:109fa000211062000400429021204000b106400fc1
:109fb00000000000ffff42242118400000a0023ce6
:109fc000643742240c0043ac662b400b00000000b9
:109fd0002800c393010002243b006214000000002b
:109fe0002c8182932118400000a0023cc01803007d
:109ff000f0374224211062000400429021204000ea
:10a00000b106400f000000002118400000a0023cf3
:10a01000643742240c0043ac5677400f0000000028
:10a0200021184000d600023ca4934234211862005b
:10a0300000a0023c64374224080043ac00a0023c6c
:10a040006437438c00a0023c643742240c00428ced
:10a050002b1043000d004010000000002c81829363
:10a060002118400000a0023cc0180300f037422431
:10a07000211062000400429021204000af08400ff0
:10a08000000000003a0340140000000000a0023c61
:10a0900064374224060003241c0043ac2c818293c5
:10a0a0002118400000a0023cc0180300f0374224f1
:10a0b0002110620007000324000043ac2000c0af61
:10a0c000662b400b000000002c8182932118400079
:10a0d00000a0023cc0180300f037422421106200a7
:10a0e00006000324000043ac00a0023c6437422475
:10a0f00018004390ff0002241000621400000000ca
:10a1000000a0023c64374224040003241c0043ac3a
:10a110002c8182932118400000a0023cc01803004b
:10a12000f03742242110620007000324000043acf2
:10a130002000c0af662b400b0000000000a0023cd6
:10a14000643740ac00a0023c6437422419004390bd
:10a15000ff000224070062140000000000a0023c7f
:10a1600064374224ffff0324040043ac6528400bfe
:10a170000000000000a0023c643742241900429015
:10a180002120400000a0023c68374524693c400f74
:10a19000000000002c8182932118400000a0023ca6
:10a1a000c0180300f0374224211062000700032486
:10a1b000000043ac2c8182932118400000a0023c97
:10a1c000c0180300f03742242110620004004290be
:10a1d0002120400001000524213000000200072456
:10a1e0009b1f400f000000002c818293211840002b
:10a1f00000a0023cc0180300f03742242110620086
:10a20000040042902118400000a0023c6437422420
:10a210001c00448c029d023c80200400609d42246e
:10a22000211082000000428c212060002128400083
:10a230003706400f0000000000a0023c64374224b3
:10a240001c00438c0c000224330062140000000048
:10a250002c8182932118400000a0023cc01803000a
:10a26000f037422421106200040042902120400077
:10a2700000a0023c883745243706400f000000004c
:10a280002c8182932118400000a0023cc0180300da
:10a29000f03742242110620004004290211840004f
:10a2a000029d023cf09d42242120600021284000b4
:10a2b0003706400f000000002c81829321184000d7
:10a2c00000a0023cc0180300f037422421106200b5
:10a2d000040042902120400000a0023c8837452421
:10a2e0003706400f000000002c81829321184000a7
:10a2f00000a0023cc0180300f03742242110620085
:10a300000400429021204000029d023c28964524f2
:10a310003706400f0000000000a0023c64374224d2
:10a320001c00428c110040100000000000a0023c04
:10a33000643742241c00438c010002240b0062108d
:10a34000000000002c8182932118400000a0023cf4
:10a35000c0180300f0374224211062000b000324d0
:10a36000000043ac662b400b0000000000a0023c44
:10a37000643742242000438c0b0002242f0062101b
:10a38000000000002c8182932118400000a0023cb4
:10a39000c0180300f03742242110620004004290ec
:10a3a00021184000029d023c049e422421206000ae
:10a3b000212840003706400f000000002c818293c6
:10a3c0002118400000a0023cc0180300f0374224ce
:10a3d00021106200040042902118400000a0023cbd
:10a3e000643742242000448c029d023c80200400fb
:10a3f0000c974224211082000000428c2120600032
:10a40000212840003706400f000000002c81829375
:10a410002118400000a0023cc0180300f03742247d
:10a42000211062000400429021204000029d023c65
:10a43000289645243706400f0000000000a0023c8b
:10a440006437422418004290212040004f3e400fc4
:10a450000000000001004230ff0042300f004010b9
:10a46000000000002c8182932118400000a0023cd3
:10a47000c0180300f037422421106200040042900b
:10a4800021184000029d023c149e422421206000bd
:10a49000212840003706400f000000002c818293e5
:10a4a0002118400000a0023cc0180300f0374224ed
:10a4b000211062000400429021184000029d023cdd
:10a4c000309e422421206000212840003706400fa2
:10a4d0000000000000a0023c643742241c00438cb2
:10a4e00001000224070062100000000000a0023cee
:10a4f000643742240400438cffff022411006210e1
:10a50000000000002c8182932118400000a0023c32
:10a51000c0180300f037422421106200040042906a
:10a5200021184000029d023c409e422421206000f0
:10a53000212840003706400f000000006d29400b25
:10a54000000000002c8182932118400000a0023cf2
:10a55000c0180300f037422421106200040042902a
:10a5600021184000029d023c4c9e422421206000a4
:10a57000212840003706400f000000002c81829304
:10a580002118400000a0023cc0180300f03742240c
:10a59000211062000400429021184000029d023cfc
:10a5a000589e422421206000212840003706400f99
:10a5b000000000002c8182932118400000a0023c82
:10a5c000c0180300f03742242110620004004290ba
:10a5d00021204000029d023c289645243706400f6a
:10a5e0000000000000a0023c643742241a004290a0
:10a5f0000b004010000000002c81829321184000c5
:10a6000000a0023cc0180300f03742242110620071
:10a6100008000324000043ac9c29400b000000000c
:10a620002c8182932118400000a0023cc018030036
:10a63000f0374224211062000400429021204000a3
:10a64000029d023c289645243706400f000000007a
:10a650002c8182932118400000a0023cc018030006
:10a66000f03742242110620009000324000043acab
:10a670002000c0af662b400b0000000000a0023c91
:10a680006437422400a0033c88376324140043aca1
:10a69000b92a400b000000002c8182932118400051
:10a6a00000a0023cc0180300f037422421106200d1
:10a6b0000400429021184000029d023c5c9e42240e
:10a6c00021206000212840003706400f00000000d4
:10a6d000192a400b000000002800c3932000022428
:10a6e0000e006214000000002c81829321184000ab
:10a6f00000a0023cc0180300f03742242110620081
:10a7000004004290212040002b0005243804400f13
:10a7100000000000192a400b000000002800c2932e
:10a720003000422c15004014000000002800c293a5
:10a730003a00422c05004014000000002800c2939b
:10a740004100422c0d004014000000002800c2937c
:10a750005b00422c05004014000000002800c2935a
:10a760006100422c05004014000000002800c29344
:10a770007b00422c2e004014000000002c818293ac
:10a780002118400000a0023cc0180300f03742240a
:10a790002110620004004290212040002500052481
:10a7a0003804400f000000002c81829321184000e3
:10a7b00000a0023cc0180300f037422421106200c0
:10a7c00004004290218040002800c29321204000d4
:10a7d0004951400f000000002120000221284000c4
:10a7e0003804400f000000002c81829321184000a3
:10a7f00000a0023cc0180300f03742242110620080
:10a8000004004290218040002800c2932120400093
:10a810006251400f0000000021200002212840006a
:10a820003804400f00000000192a400b000000000f
:10a830002c8182932118400000a0023cc018030024
:10a84000f037422421106200040042902118400099
:10a850002800c29321206000212840003804400fc6
:10a860000000000000a0023c643742241400428c27
:10a87000000043902800c3a32800c3932b180300b3
:10a88000ff0063300100442400a0023c64374224ee
:10a89000140044ac90ff6014000000002c818293ef
:10a8a0002118400000a0023cc0180300f0374224e9
:10a8b0002110620004004290212040003d00052448
:10a8c0003804400f00000000972a400b00000000f1
:10a8d0002800c393200002240e0062140000000030
:10a8e0002c8182932118400000a0023cc018030074
:10a8f000f0374224211062000400429021204000e1
:10a900002b0005243804400f00000000972a400b5c
:10a91000000000002800c2933000422c15004014b3
:10a92000000000002800c2933a00422c05004014a9
:10a93000000000002800c2934100422c0d0040148a
:10a94000000000002800c2935b00422c0500401468
:10a95000000000002800c2936100422c0500401452
:10a96000000000002800c2937b00422c2e004014ff
:10a97000000000002c8182932118400000a0023cbe
:10a98000c0180300f03742242110620004004290f6
:10a9900021204000250005243804400f000000005d
:10a9a0002c8182932118400000a0023cc0180300b3
:10a9b000f0374224211062000400429021804000c0
:10a9c0002800c293212040004951400f00000000a0
:10a9d00021200002212840003804400f0000000020
:10a9e0002c8182932118400000a0023cc018030073
:10a9f000f037422421106200040042902180400080
:10aa00002800c293212040006251400f0000000046
:10aa100021200002212840003804400f00000000df
:10aa2000972a400b000000002c81829321184000df
:10aa300000a0023cc0180300f0374224211062003d
:10aa400004004290211840002800c2932120600099
:10aa5000212840003804400f0000000000a0023c04
:10aa6000643742241400428c000043902800c3a3a2
:10aa70002800c3932b180300ff0063300100442417
:10aa800000a0023c64374224140044ac90ff6014e0
:10aa9000000000002c8182932118400000a0023c9d
:10aaa000c0180300f03742242110620004004290d5
:10aab00021204000029d023c289645243706400f85
:10aac0000000000000a0023c643742241a004290bb
:10aad000ffff4224ff00433000a0023c64374224c1
:10aae0001a0043a000a0023c643742241a0042909e
:10aaf000e9fe4014000000002c81829321184000e0
:10ab000000a0023cc0180300f0374224211062006c
:10ab10000400429021204000029d023c28964524da
:10ab20003706400f000000002c818293211840005e
:10ab300000a0023cc0180300f0374224211062003c
:10ab400009000324000043ac2000c0af702b400f6d
:10ab500000000000150040100000000000a0023cb2
:10ab6000643742241800429021204000493b400fa6
:10ab70000000000000a0023c64374224ffff0324d1
:10ab8000180043a02c8182932118400000a0023cb1
:10ab9000c0180300f0374224211062000b00032488
:10aba000000043ac010002242000c2af2c8182933c
:10abb0002118400000a0023cc0180300f0374224d6
:10abc000211062000400429021204000ba03400f8f
:10abd0000000000069004014000000000100022491
:10abe0002000c2af662b400b0000000001000224d1
:10abf0002000c2af2c8182932118400000a0023cab
:10ac0000c0180300f0374224211062000400429073
:10ac100021204000ba03400f000000001000422c29
:10ac2000590040140000000000a0023c6437422498
:10ac30000800428c21204000d221400f000000007b
:10ac400000a0023c643742240c00428c51004014a6
:10ac5000000000002000c0af2c818293211840002a
:10ac600000a0023cc0180300f0374224211062000b
:10ac700009000324000043ac662b400b00000000d9
:10ac800000a0023c6437422418004390ff000224d5
:10ac90000b0062100000000000a0023c6437422458
:10aca0001800429021204000493b400f0000000066
:10acb00000a0023c64374224ffff0324180043a095
:10acc00000a0023c6437422419004390ff00022494
:10acd0000b0062100000000000a0023c6437422418
:10ace0001900429021204000493b400f0000000025
:10acf00000a0023c64374224ffff0324190043a054
:10ad00002c8182932118400000a0023cc01803004f
:10ad1000f0374224211062000400429021204000bc
:10ad20009d02400f000000002c81829321184000fa
:10ad300000a0023cc0180300f0374224211062003a
:10ad4000000040ac662b400b00000000000000003b
:10ad5000662b400b0000000000000000662b400b3b
:10ad60000000000000000000662b400b0000000007
:10ad700000000000662b400b0000000000000000f7
:10ad8000662b400b0000000000000000662b400b0b
:10ad900000000000000000002000c28f1af84010e0
:10ada0000000000021e8c0034c00bf8f4800be8fa8
:10adb0004400b08f5000bd270800e00300000000f1
:10adc000a0ffbd275c00bfaf5800beaf21f0a003bd
:10add0002c8182932118400000a0023cc01803007f
:10ade000f0374224211062000400429021204000ec
:10adf000ba03400f000000001200c2a700a0023cee
:10ae0000643742240400438c00a0023c6437428c27
:10ae1000231862001200c2972b2043000a1064001e
:10ae20001000c2a700a0023c6437438c1000c297f8
:10ae30002118620000a0023c643743acba2b400bdf
:10ae40000000000000a0023c643742241800429039
:10ae5000212040001000c297ffff43304100632cc7
:10ae6000020060140000000040000224ffff423096
:10ae70001800c3272128600021304000dc3b400f30
:10ae8000000000001200c2a71200c2970400401484
:10ae90000000000001000224132c400b0000000001
:10aea0002c8182932118400000a0023cc0180300ae
:10aeb000f03742242110620004004290212040001b
:10aec0001200c2971800c3272128600021304000db
:10aed0001505400f000000001000c3971200c29734
:10aee000231062001000c2a71000c297d5ff4014c3
:10aef0000000000000a0023c6437438c00a0023c2c
:10af0000643742240400428c4f00621400000000a9
:10af10002c8182932118400000a0023cc01803003d
:10af2000f0374224211062000a000324000043ace1
:10af300000a0023c643742240c0040ac00a0023c5c
:10af4000643742241800429021204000212800004c
:10af5000633b400f0000000000a0023c6437422425
:10af600018004290211840001400c22721206000e0
:10af700021284000633b400f000000000c004010ff
:10af80000000000000a0023c6437428c0100432412
:10af900000a0023c643743ac1400c3937e0002243b
:10afa000edff621400000000ed2b400b00000000dc
:10afb0000000000000a0023c6437428c01004324e2
:10afc00000a0023c643743ac00a0023c643742243a
:10afd000190042902120400000a0023c6c3745241b
:10afe000693c400f0000000000a0023c643742248e
:10aff000190042902120400000a0023c68374524ff
:10b00000693c400f000000000f00401400000000e9
:10b0100000a0023c64374224ffff0324040043ac39
:10b0200000a0023c643742241900429021204000d5
:10b03000493b400f0000000000a0023c643742245e
:10b04000ffff0324190043a02110000021e8c003e2
:10b050005c00bf8f5800be8f6000bd270800e00372
:10b0600000000000e8ffbd271400bfaf1000beaf16
:10b0700021f0a003211080001800c2a31800c29381
:10b080000500401400000000bf2c400f000000002d
:10b09000352c400b000000001800c393010002246f
:10b0a00005006214000000003b2c400f000000006f
:10b0b000352c400b000000001800c393020002244e
:10b0c0000400621400000000732d400f0000000017
:10b0d0000000000021e8c0031400bf8f1000be8fe5
:10b0e0001800bd270800e00300000000b0ffbd27e6
:10b0f0004c00bfaf4800beaf21f0a00300a0023c4f
:10b10000643742241b0042902014027c74004004e7
:10b11000000000002c8182932118400000a0023c16
:10b12000c0180300f037422421106200040042904e
:10b13000212040002128000006000624bd07400f02
:10b14000000000002c8182932118400000a0023ce6
:10b15000c0180300f037422421106200040042901e
:10b160001000a0af1400a0af21204000029d023cbf
:10b17000289645240200062421380000a409400f27
:10b18000000000001800c2a71800c2970300422464
:10b190001800c2a71800c297fc0042301800c2a7ce
:10b1a0001800c297ffff43302500632c0200601493
:10b1b00000000000240002241800c2a72000c227bb
:10b1c0001c00c2af8b2c400b000000002c8182932e
:10b1d0002118400000a0023cc0180300f0374224b0
:10b1e0002110620004004290212040001c00c58f05
:10b1f00004000624bd07400f000000001c00c48f9f
:10b20000040005241c00c68f03000724f64f400fde
:10b21000000000001800c297fcff42241800c2a7db
:10b220001c00c28f030042241c00c2af1800c2974a
:10b23000e6ff4014000000001c00c28f000040a088
:10b240001800c0a72000c2271c00c2afa02c400bd2
:10b25000000000001c00c28f000043903a0002244e
:10b260000d006210000000001800c2970100422487
:10b270001800c2a71c00c28f010042241c00c2afec
:10b280001800c2972800422cf2ff40140000000072
:10b29000a72c400b00000000000000001c00c28f23
:10b2a000000040a01c00c28f010042241c00c2af5d
:10b2b0002000c227212040001c00c58f0553400fed
:10b2c000000000002118400000a0023c6437422426
:10b2d0001b0043a000000000b92c400b0000000040
:10b2e0000000000021e8c0034c00bf8f4800be8f63
:10b2f0005000bd270800e00300000000d0ffbd277c
:10b300002c00bfaf2800beaf2400b0af21f0a003d7
:10b310002c8182932118400000a0023cc018030039
:10b32000f037422421106200040042901000a0afc8
:10b330001400a0af21204000029d023c2896452425
:10b340000200062421380000a409400f000000007c
:10b350001800c2a700a0023c643742241000428caf
:10b36000ffff423023100200ffff433000a0023ce9
:10b37000ec374224ffff4230feff4224ffff423001
:10b3800021106200ffff42301800c3972b106200ab
:10b39000830040140000000000a0023c64374224f7
:10b3a000050003241c0043ac2c818293211840002b
:10b3b00000a0023cc0180300f037422421106200b4
:10b3c00007000324000043ac6c2d400b000000007c
:10b3d0002c8182932118400000a0023cc018030079
:10b3e000f037422421106200040042901000a0af08
:10b3f000212040003b0005242130000021380000be
:10b400002e0b400f000000001a00c2a700a0023c53
:10b41000643742241000508c2c8182932118400004
:10b4200000a0023cc0180300f03742242110620043
:10b43000040042902120400000a0023c64374224d6
:10b440001000458c1a00c3971800c297ffff4730c1
:10b45000ffff66302b30c7000200c0100000000064
:10b4600021106000ffff423021304000bd07400f37
:10b47000000000002118020200a0023c64374224b0
:10b48000100043ac00a0023c643742241000428c00
:10b4900026000324000043a00100432400a0023c36
:10b4a00064374224100043ac1a00c3971800c297b7
:10b4b0002b10620029004010000000002c818293b4
:10b4c0002118400000a0023cc0180300f0374224bd
:10b4d0002110620004004290212040002128000039
:10b4e0001907400f00000000472d400b000000002e
:10b4f0002c8182932118400000a0023cc018030058
:10b50000f0374224211062000400429021204000c4
:10b51000212800001907400f000000002c818293b1
:10b520002118400000a0023cc0180300f03742245c
:10b5300021106200040042901000a0af21204000c2
:10b540002000052421300000213800002e0b400f80
:10b5500000000000e6ff4010000000002c818293f4
:10b560002118400000a0023cc0180300f03742241c
:10b5700021106200040042901000a0af1400a0afa0
:10b5800021204000029d023c28964524020006240a
:10b5900021380000a409400f000000001800c2a7d5
:10b5a0001800c2978aff401400000000000000004d
:10b5b00021e8c0032c00bf8f2800be8f2400b08f6d
:10b5c0003000bd270800e00300000000d0ffbd27c9
:10b5d0002c00bfaf2800beaf21f0a0032c818293c6
:10b5e0002118400000a0023cc0180300f03742249c
:10b5f00021106200040042901000a0af1400a0af20
:10b6000021204000029d023c289645240200062489
:10b6100021380000a409400f000000001800c2a754
:10b620001800c2970a00422c0900401400000000d4
:10b6300000a0023c64374224020003241c0043acf7
:10b6400000a0023c643740acae2d400b000000006f
:10b650002c8182932118400000a0023cc0180300f6
:10b66000f037422421106200040042902120400063
:10b670001800c2971c00c327212860002130400019
:10b68000bd07400f000000001800c2a71800c297b5
:10b690001800c32721106200040040a01c00c2272c
:10b6a000212040009685400f000000002118400036
:10b6b00000a0023c643743ac21e8c0032c00bf8fdc
:10b6c0002800be8f3000bd270800e0030000000006
:10b6d000d8ffbd272400bfaf2000beaf21f0a003dc
:10b6e0002800c4af2800c28f212040003e80400fb8
:10b6f000000000001800c2a72800c28f1400c2afcb
:10b700001400c28f1000c2af1a2e400b00000000c0
:10b710001000c28f000042901a00c2a31000c28f16
:10b72000010042241000c2af1800c297ffff42245c
:10b730001800c2a71a00c3933d000224050062103e
:10b74000000000001a00c3932600022408006214bf
:10b75000000000001400c28f000040a01400c28f3f
:10b76000010042241400c2af1a2e400b000000005a
:10b770001a00c3932b000224090062140000000089
:10b780001400c28f20000324000043a01400c28fc5
:10b79000010042241400c2af1a2e400b000000002a
:10b7a0001a00c3932500022429006214000000003f
:10b7b0001800c2970200422c040040100000000054
:10b7c0001800c0a71a2e400b000000001c00c22762
:10b7d000010042241000c38f00006390000043a0ca
:10b7e0001000c28f010042241000c2af1c00c2270b
:10b7f0001000c38f00006390000043a01000c28fb0
:10b80000010042241000c2af1800c297ffff42247b
:10b810001800c2a71800c297ffff42241800c2a751
:10b820001c00c227000044940c51400f000000008f
:10b83000211840001400c28f000043a01400c28fe2
:10b84000010042241400c2af1a2e400b0000000079
:10b850001400c28f1a00c393000043a01400c28fcb
:10b86000010042241400c2af1800c297a8ff401480
:10b87000000000001400c28f000040a01400c28f1e
:10b88000010042241400c2af1400c28f000040a087
:10b890001400c28f21e8c0032400bf8f2000be8f98
:10b8a0002800bd270800e00300000000e8ffbd27d6
:10b8b0001400bfaf1000beaf21f0a0031800c4af4a
:10b8c0001c00c5af542e400b000000001c00c38fad
:10b8d0001800c28f2120600021284000c982400f3b
:10b8e000000000000a004014000000001c00c28f8d
:10b8f000212040003e80400f000000000100422453
:10b900001800c38f21106200592e400b0000000068
:10b910001800c28f212040003e80400f0000000030
:10b92000010042241800c38f211062001800c2af2a
:10b930001800c28f212040003e80400f0000000010
:10b94000010042241800c38f211062001800c2af0a
:10b950001800c28f00004290dcff4014000000007d
:10b960002110000021e8c0031400bf8f1000be8f1b
:10b970001800bd270800e00300000000e0ffbd271d
:10b980001c00bfaf1800beaf21f0a0032000c4af61
:10b990002110a0002400c2a72400c2973d00042467
:10b9a0002000c58f21304000b82e400f000000005d
:10b9b0001000c2af2000c28f08004010000000003d
:10b9c0002000c28f000042900400401000000000e0
:10b9d0002000c48fb42d400f000000001000c28f63
:10b9e00021e8c0031c00bf8f1800be8f2000bd27b8
:10b9f0000800e00300000000d8ffbd272400bfaf0f
:10ba00002000beaf1c00b0af21f0a0032800c4afdf
:10ba10002110a0002c00c2a72c00c29726000424ed
:10ba20002800c58f21304000b82e400f00000000d4
:10ba30001000c2af1000c38f02000224160062146f
:10ba40000000000000a0023c6437508c2c818293df
:10ba50002118400000a0023cc0180300f037422427
:10ba6000211062000400429021204000b106400fe6
:10ba70000000000008000216000000002c00c29721
:10ba8000212000002800c58f21304000b82e400f33
:10ba9000000000001000c2af2800c28f0800401054
:10baa000000000002800c28f0000429004004010f7
:10bab000000000002800c48fb42d400f00000000db
:10bac0001000c28f21e8c0032400bf8f2000be8f6a
:10bad0001c00b08f2800bd270800e0030000000014
:10bae000d0ffbd272c00bfaf2800beaf2400b0aff1
:10baf00021f0a003211880003400c5af2110c00040
:10bb00003000c3a33800c2a73000c2931400401015
:10bb1000000000002c8182932118400000a0023c0c
:10bb2000c0180300f0374224211062000400429044
:10bb3000211840003000c2931000a0af2120600007
:10bb40002128400021300000213800002e0b400f3a
:10bb5000000000001c00c2a7e32e400b0000000004
:10bb60002c8182932118400000a0023cc0180300e1
:10bb7000f03742242110620004004290212040004e
:10bb8000b106400f000000001c00c2a71c00c397b4
:10bb9000ffff0234040062140000000002000224cf
:10bba000892f400b000000003800c2970200422c91
:10bbb0001b004010000000003400c28f180040102d
:10bbc0000000000000a0023c6437508c2c8182935e
:10bbd0002118400000a0023cc0180300f0374224a6
:10bbe0002110620004004290211840001c00c297fe
:10bbf000212060002128000021304000bd07400fb7
:10bc0000000000002318020200a0023c643743ac8d
:10bc1000010002241800c2af752f400b0000000085
:10bc20003400c28f170040140000000000a0023c46
:10bc30006437508c2c8182932118400000a0023c74
:10bc4000c0180300f0374224211062000400429023
:10bc5000211840001c00c29721206000212800000c
:10bc600021304000bd07400f0000000023180202f1
:10bc700000a0023c643743ac1800c0af752f400be6
:10bc8000000000001c00c3973800c297feff42244a
:10bc90002a104300370040100000000000a0023cc2
:10bca0006437508c2c8182932118400000a0023c04
:10bcb000c0180300f03742242110620004004290b3
:10bcc000211840003800c297feff4224ffff423097
:10bcd000212060003400c58f21304000bd07400f97
:10bce000000000002318020200a0023c643743acad
:10bcf00000a0023c6437508c2c81829321184000b4
:10bd000000a0023cc0180300f0374224211062005a
:10bd100004004290211840001c00c4973800c297cc
:10bd200023108200ffff423002004224ffff423016
:10bd3000212060002128000021304000bd07400f75
:10bd4000000000002318020200a0023c643743ac4c
:10bd50003800c297feff42243400c38f21106200d6
:10bd6000000040a0010002241800c2af752f400b54
:10bd70000000000000a0023c6437508c2c818293ac
:10bd80002118400000a0023cc0180300f0374224f4
:10bd90002110620004004290211840001c00c2974c
:10bda000212060003400c58f21304000bd07400fc6
:10bdb000000000002318020200a0023c643743acdc
:10bdc0001c00c2973400c38f21106200000040a005
:10bdd0001800c0af3000c2931100401000000000f6
:10bde00000a0023c6437508c2c81829321184000c3
:10bdf00000a0023cc0180300f0374224211062006a
:10be00000400429021204000212800001907400f23
:10be1000000000002318020200a0023c643743ac7b
:10be20001800c28f21e8c0032c00bf8f2800be8fee
:10be30002400b08f3000bd270800e00300000000a0
:10be4000c0ffbd273c00bfaf3800beaf3400b0af6d
:10be500021f0a00300a0023c643742241c00428c65
:10be6000090003240c004310000000000900432ccb
:10be70002a016014000000000a000324d3004310cc
:10be8000000000000b000324a0004310000000008d
:10be9000ce30400b000000002c818293211840001e
:10bea00000a0023cc0180300f037422421106200b9
:10beb0000400429021184000029d023c6c9e4224e6
:10bec0001000a0af1400a0af212060002128400086
:10bed0000400062421380000a409400f00000000df
:10bee0001800c2a71800c397ffff02346500621054
:10bef000000000002c8182932118400000a0023c29
:10bf0000c0180300f0374224211062000400429060
:10bf1000211840001800c29721206000212800004d
:10bf200021304000bd07400f000000001800c2a7ec
:10bf300000a0023c6437438c1800c29723186200ab
:10bf400000a0023c643743ac2c818293211840004e
:10bf500000a0023cc0180300f03742242110620008
:10bf60000400429021204000b106400f0000000074
:10bf70000a00422c07004010000000001800c29781
:10bf8000010042241800c2a701000224cf30400b58
:10bf9000000000002c8182932118400000a0023c88
:10bfa000c0180300f03742242110620004004290c0
:10bfb000211840001c00c2272120600021284000d9
:10bfc0000a000624bd07400f000000001800c2a7a9
:10bfd00000a0023c6437438c1800c297231862000b
:10bfe00000a0023c643743ac1c00c2272120400063
:10bff000029d023c749e45240a000624bf85400f22
:10c0000000000000180040140000000000a0023ce6
:10c01000643742240a0003241c0043ac7f3d400fd8
:10c02000000000002118400000a0023c64374224b8
:10c03000180043a000a0023c64374224180042903c
:10c04000211840001c00c227040042242120600067
:10c0500021284000060006249d3d400f00000000fe
:10c060001e30400b0000000000a0023c6437422458
:10c070000b0003241c0043ac02000224cf30400b11
:10c08000000000002c8182932118400000a0023c97
:10c09000c0180300f03742242110620004004290cf
:10c0a000218040002c8182932118400000a0023c96
:10c0b000c0180300f03742242110620004004290af
:10c0c00021204000b106400f00000000fcff422488
:10c0d000ffff4230212000022128000021304000d3
:10c0e000bd07400f000000001800c2a700a0023cde
:10c0f0006437438c1800c2972318620000a0023cea
:10c10000643743acce30400b0000000000a0023c7e
:10c110006437508c2c8182932118400000a0023c8f
:10c12000c0180300f037422421106200040042903e
:10c1300021204000b106400f000000002318020239
:10c1400000a0023c643743ac2c818293211840004c
:10c1500000a0023cc0180300f03742242110620006
:10c1600004004290212040008706400f000000009c
:10c1700000a0023c6437428c6400422c080040144a
:10c180000000000000a0023c6437438c0080023ca9
:10c19000010042342b1062006300401400000000d4
:10c1a0002c8182932118400000a0023cc01803009b
:10c1b000f03742242110620007000324000043ac42
:10c1c00021100000cf30400b000000002c81829332
:10c1d0002118400000a0023cc0180300f0374224a0
:10c1e000211062000400429021204000b106400f5f
:10c1f000000000001800c2a71800c39700a0023c6e
:10c200006437428c2b1043002f00401000000000c8
:10c2100000a0023c6437428c1800c2a7b230400b29
:10c22000000000002c8182932118400000a0023cf5
:10c23000c0180300f037422421106200040042902d
:10c24000212040001800c297ffff43301100632ceb
:10c25000020060140000000010000224ffff4230c2
:10c260001c00c3272128600021304000bd07400f7b
:10c27000000000001a00c2a700a0023c6437438cf3
:10c280001a00c2972318620000a0023c643743ac36
:10c290001800c3971a00c297231062001800c2a7a3
:10c2a00000a0023c64374224180042902120400044
:10c2b0001a00c2971c00c3272128600021304000cb
:10c2c0009d3d400f000000001800c297d5ff4014ac
:10c2d0000000000000a0023c6437428c15004014ae
:10c2e0000000000001000424ab3d400f00000000ee
:10c2f0002c8182932118400000a0023cc01803004a
:10c30000f03742242110620007000324000043acf0
:10c3100021100000cf30400b0000000000000000a2
:10c32000ce30400b0000000000000000ce30400b7b
:10c3300000000000000000000100022421e8c0030a
:10c340003c00bf8f3800be8f3400b08f4000bd2747
:10c350000800e0030000000098ffbd276400bfafa5
:10c360006000beaf5c00b0af21f0a0036800c4afb6
:10c3700000a0023c643742240c00428c120040149e
:10c38000000000006800c48f263a400f0000000043
:10c390001200c2a31200c393ff00022469006210be
:10c3a0000000000000a0023c703750241200c2932d
:10c3b00021204000913f400f00000000000002a635
:10c3c0000631400b0000000000a0023c7037422400
:10c3d0000000429421204000ed3a400f0000000090
:10c3e0001200c2a31200c393ff000224580062107f
:10c3f000000000001200c39300a0023c70374224ea
:10c4000002004294212060002128400002000624fe
:10c410007f3c400f000000002c81829321184000d7
:10c4200000a0023cc0180300f03742242110620033
:10c430000400429021204000ba03400f0000000099
:10c440001000c2a73f31400b000000001200c4934f
:10c450001000c297ffff43304100632c02006014bc
:10c460000000000040000224ffff42301800c327f4
:10c470002128600021304000dc3b400f000000001c
:10c480001400c2a71400c2970a0040140000000064
:10c490001200c29321204000493b400f00000000e1
:10c4a00000a0023c643742240c0040ac5531400be4
:10c4b000000000002c8182932118400000a0023c63
:10c4c000c0180300f037422421106200040042909b
:10c4d000212040001400c2971800c32721286000c3
:10c4e000213040001505400f000000001000c397e8
:10c4f0001400c297231062001000c2a71000c29758
:10c50000d2ff40140000000000a0023c703750240d
:10c510001200c29321204000763f400f000000002f
:10c52000ffff4230020002a61200c2932120400009
:10c53000493b400f00000000000000005531400b57
:10c5400000000000000000005531400b000000001a
:10c550000000000021e8c0036400bf8f6000be8fb0
:10c560005c00b08f6800bd270800e00300000000f9
:10c57000e8ffbd271400bfaf1000beaf21f0a0033d
:10c5800000a0023c680142245400428c0100423069
:10c590000e0040140000000000a0023c680142248c
:10c5a000540040a08838400f0000000000a0023c6a
:10c5b000680143245400628c010004240400827c3e
:10c5c000540062ac8231400b0000000000a0023c2d
:10c5d000680142245400428c02004230080040109e
:10c5e00000000000ed31400f0000000000a0023c00
:10c5f000680143245400628c4408027c540062acfd
:10c600008831400f0000000021e8c0031400bf8ff4
:10c610001000be8f1800bd270800e00300000000d6
:10c62000e8ffbd271400bfaf1000beaf21f0a0038c
:10c6300000a0023c30194224d000428c010042305c
:10c640000c0040100000000000a0023c3019432400
:10c65000d000628c0400027cd00062ac490004244b
:10c66000670005241539400f00000000e731400b3a
:10c670000000000000a0023c30194224d000428c8f
:10c68000200042300c0040100000000000a0023cde
:10c6900030194324d000628c4429027cd00062ac63
:10c6a0004e000424670005241539400f00000000e7
:10c6b000e731400b0000000000a0023c301942248a
:10c6c000d000428c100042300c00401000000000ee
:10c6d00000a0023c30194324d000628c0421027c6b
:10c6e000d00062ac4d000424670005241539400fca
:10c6f00000000000e731400b0000000000a0023cf9
:10c7000030194224d000428c800042300c0040108e
:10c710000000000000a0023c30194324d000628ccd
:10c72000c439027cd00062ac4f000424730005249d
:10c730001539400f00000000e731400b00000000f9
:10c7400000a0023c30194224d000428c0800423044
:10c75000120040100000000000a0023c30194324e9
:10c76000d000628cc418027cd00062ac00a0023cf5
:10c77000881944244a000524730006247739400fa1
:10c780000000000000a0023cb01944244c00052425
:10c79000730006247739400f0000000021e8c00331
:10c7a0001400bf8f1000be8f1800bd270800e003e3
:10c7b00000000000d8ffbd272400bfaf2000beaf9f
:10c7c00021f0a0031400c0af1800c0af1c00c0a728
:10c7d00000a0023c680142245400428c0400423014
:10c7e0005c0140140000000000a0023c68014224eb
:10c7f00050004290d0ff42241900432cab0160103e
:10c800000000000080180200019d023c20c8422464
:10c81000211062000000428c08004000000000006f
:10c8200084c8009d94c8009dc0c8009dfcc8009da0
:10c8300038c9009d74c9009db0c9009de0c9009d24
:10c8400030ca009d80ca009db8ce009db8ce009d24
:10c85000b8ce009db8ce009db8ce009db8ce009d4c
:10c86000b8ce009dd0ca009d20cb009d70cb009d0e
:10c87000c0cb009d10cc009d60cc009db0cc009d35
:10c8800004cd009d4f34400f00000000af33400b3b
:10c890000000000000a0023c6801422450004290c9
:10c8a00000a0033c4619642421284000720006249d
:10c8b0007739400f00000000af33400b000000004c
:10c8c00000a0023c301944240b34400f000000004b
:10c8d0002118400000a0023c680142245000429010
:10c8e0002120600021284000720006247739400f83
:10c8f00000000000af33400b0000000000a0023c2d
:10c900003c1944240b34400f000000002118400063
:10c9100000a0023c680142245000429021206000a7
:10c9200021284000720006247739400f00000000e3
:10c93000af33400b0000000000a0023c411944242a
:10c940000b34400f000000002118400000a0023c02
:10c9500068014224500042902120600021284000bc
:10c96000720006247739400f00000000af33400bff
:10c970000000000000a0023c2d384424b533400fd5
:10c98000000000002118400000a0023c6801422481
:10c9900050004290212060002128400072000624af
:10c9a0007739400f00000000af33400b000000005b
:10c9b000029d023c2820432400a0023c680142243e
:10c9c000500042902120600021284000720006247f
:10c9d0007739400f00000000af33400b000000002b
:10c9e00000a0023c30194224b40142941400c32731
:10c9f00021206000212840000a0006241a88400fe8
:10ca0000000000001400c32700a0023c680142247b
:10ca1000500042902120600021284000720006242e
:10ca20007739400f00000000af33400b00000000da
:10ca300000a0023c30194224b60142941400c327de
:10ca400021206000212840000a0006241a88400f97
:10ca5000000000001400c32700a0023c680142242b
:10ca600050004290212060002128400072000624de
:10ca70007739400f00000000af33400b000000008a
:10ca800000a0023c30194224280242941400c3271b
:10ca900021206000212840000a0006241a88400f47
:10caa000000000001400c32700a0023c68014224db
:10cab000500042902120600021284000720006248e
:10cac0007739400f00000000af33400b000000003a
:10cad00000a0023c301942242c0242941400c327c7
:10cae00021206000212840000a0006241a88400ff7
:10caf000000000001400c32700a0023c680142248b
:10cb0000500042902120600021284000720006243d
:10cb10007739400f00000000af33400b00000000e9
:10cb200000a0023c301942242e0242901400c32778
:10cb300021206000212840000a0006241a88400fa6
:10cb4000000000001400c32700a0023c680142243a
:10cb500050004290212060002128400072000624ed
:10cb60007739400f00000000af33400b0000000099
:10cb700000a0023c30194224360242941400c3271c
:10cb800021206000212840000a0006241a88400f56
:10cb9000000000001400c32700a0023c68014224ea
:10cba000500042902120600021284000720006249d
:10cbb0007739400f00000000af33400b0000000049
:10cbc00000a0023c30194224320242941400c327d0
:10cbd00021206000212840000a0006241a88400f06
:10cbe000000000001400c32700a0023c680142249a
:10cbf000500042902120600021284000720006244d
:10cc00007739400f00000000af33400b00000000f8
:10cc100000a0023c301942242f0242901400c32786
:10cc200021206000212840000a0006241a88400fb5
:10cc3000000000001400c32700a0023c6801422449
:10cc400050004290212060002128400072000624fc
:10cc50007739400f00000000af33400b00000000a8
:10cc600000a0023c30194224400242941400c32721
:10cc700021206000212840000a0006241a88400f65
:10cc8000000000001400c32700a0023c68014224f9
:10cc900050004290212060002128400072000624ac
:10cca0007739400f00000000af33400b0000000058
:10ccb00000a0023c30194224e40042901400c32733
:10ccc00021206000212840000a0006241a88400f15
:10ccd000000000001400c32700a0023c68014224a9
:10cce000500042902120600021284000720006245c
:10ccf0007739400f0000000000000000af33400b08
:10cd00000000000000a0023c30194224d8004290ec
:10cd10001400c32721206000212840000a000624b7
:10cd20001a88400f000000001400c32700a0023c36
:10cd300068014224500042902120600021284000d8
:10cd4000720006247739400f00000000af33400b1b
:10cd50000000000000a0023c680142245000429004
:10cd60004a00032406004310000000004e00032484
:10cd70002800431000000000af33400b000000000b
:10cd800000a0023c60194424212800002800062449
:10cd90004385400f000000001000c0a37633400b15
:10cda000000000001000c4931000c39300a0023cd8
:10cdb00068014224211062002800439000a0023c38
:10cdc0003019422421108200300043a01000c29389
:10cdd000010042241000c2a300a0023c68014224ca
:10cde000510042901000c3932b106200edff4014dd
:10cdf0000000000000a0023c30194324d000628ce7
:10ce0000010004248410827cd00062acaf33400b5c
:10ce10000000000000a0023cd81944242128000092
:10ce2000280006244385400f000000001000c0a326
:10ce30009b33400b000000001000c4931000c3930c
:10ce400000a0023c680142242110620028004390a7
:10ce500000a0023c3019422421108200a80043a007
:10ce60001000c293010042241000c2a300a0023ca3
:10ce700068014224510042901000c3932b106200bd
:10ce8000edff40140000000000a0023c30194324d4
:10ce9000d000628c010004248431827cd00062ac1a
:10cea00000000000af33400b000000000000000055
:10ceb000af33400b000000000000000021e8c00379
:10cec0002400bf8f2000be8f2800bd270800e0038c
:10ced00000000000d0ffbd272c00bfaf2800beaf70
:10cee0002400b0af21f0a0033000c4af1400c0afe5
:10cef0001800c0af1c00c0a701a0023ca4784224c7
:10cf000021204000029d023c3020452402000624de
:10cf1000e47f400f000000001000c0a3f033400b7e
:10cf2000000000001400c3271000c2933000c48f1b
:10cf3000211082000000429021206000029d033ced
:10cf40003420652421304000fc86400f00000000a2
:10cf500001a0023ca47843241400c22721206000d1
:10cf600021284000b588400f000000001000c29347
:10cf70000500422c0f0040100000000001a0023c00
:10cf8000a478502401a0023ca4784224212040002f
:10cf90003e80400f000000002110020221204000ce
:10cfa000029d023c3c20452402000624e47f400f01
:10cfb000000000001000c293010042241000c2a330
:10cfc0001000c2930600422cd6ff4014000000005f
:10cfd00001a0023ca478502401a0023ca478422481
:10cfe000212040003e80400f00000000211002027e
:10cff00021204000029d023c4020452402000624de
:10d00000e47f400f0000000001a0023ca47842240d
:10d0100021e8c0032c00bf8f2800be8f2400b08ff2
:10d020003000bd270800e00300000000d0ffbd274e
:10d030002c00bfaf2800beaf2400b0af21f0a0038a
:10d040003000c4af1400c0af1800c0af1c00c0a7b0
:10d0500001a0023c9078422421204000029d023c25
:10d060003020452402000624e47f400f0000000029
:10d070001000c0a34234400b000000001400c3277e
:10d080001000c2933000c48f211082000000429033
:10d0900021206000029d033c442065242130400093
:10d0a000fc86400f0000000001a0023c9078432461
:10d0b0001400c2272120600021284000b588400fbd
:10d0c0000000000001a0023c9078502401a0023c26
:10d0d00090784224212040003e80400f0000000054
:10d0e0002110020221204000029d023c40204524e4
:10d0f00002000624e47f400f000000001000c293ed
:10d10000010042241000c2a31000c2930400422c6c
:10d11000daff40140000000001a0023c9078422495
:10d1200021e8c0032c00bf8f2800be8f2400b08fe1
:10d130003000bd270800e0030000000038febd27d6
:10d14000c401bfafc001beafbc01b0af21f0a003ae
:10d150001400c0af1800c0af1c00c0af2000c0afab
:10d160002400c0af2800c3279001022421206000c2
:10d1700021280000213040004385400f00000000be
:10d180002800c22721204000029d023c3020452477
:10d1900002000624e47f400f000000001000c0a33e
:10d1a0008d34400b000000001400c3271000c29310
:10d1b00000a0043c3a00422430198424801002006c
:10d1c000211082000400428c21206000029d033c5b
:10d1d0004820652421304000fc86400f00000000fc
:10d1e0002800c3271400c227212060002128400006
:10d1f000b588400f000000002800d0272800c22773
:10d20000212040003e80400f00000000211002025b
:10d2100021204000029d023c4020452402000624bb
:10d22000e47f400f000000001000c2930100422480
:10d230001000c2a31000c2930300422cdaff401476
:10d24000000000001000c0a3b734400b0000000035
:10d250001400c3271000c29300a0043c3c004224e9
:10d260003019842480100200211082000800428cb2
:10d2700021206000029d033c4820652421304000ad
:10d28000fc86400f000000002800c3271400c227be
:10d290002120600021284000b588400f00000000d8
:10d2a0002800d0272800c227212040003e80400fc0
:10d2b000000000002110020221204000029d023cdb
:10d2c0004020452402000624e47f400f00000000b7
:10d2d0001000c293010042241000c2a31000c293a8
:10d2e0000300422cdaff4014000000001000c0a32d
:10d2f000e434400b000000001400d0271000c2935b
:10d3000000a0033c42004224301963248010020034
:10d31000211062000400428c212040000765400f6c
:10d320000000000021200002029d033c50206524e3
:10d3300021304000fc86400f000000002800c32779
:10d340001400c2272120600021284000b588400f2a
:10d35000000000002800d0272800c227212040001c
:10d360003e80400f000000002110020221204000fa
:10d37000029d023c4020452402000624e47f400f29
:10d38000000000001000c293010042241000c2a35c
:10d390001000c2930300422cd7ff4014000000008d
:10d3a0001000c0a31135400b000000001400d0276e
:10d3b0001000c29300a0033c4400422430196324af
:10d3c00080100200211062000800428c21204000e1
:10d3d0000765400f0000000021200002029d033c71
:10d3e0005020652421304000fc86400f00000000e2
:10d3f0002800c3271400c2272120600021284000f4
:10d40000b588400f000000002800d0272800c22760
:10d41000212040003e80400f000000002110020249
:10d4200021204000029d023c4020452402000624a9
:10d43000e47f400f000000001000c293010042246e
:10d440001000c2a31000c2930300422cd7ff401467
:10d45000000000001000c0a33e35400b000000009b
:10d460001400d0271000c29300a0033c48004224bf
:10d470003019632480100200211062000400428ce5
:10d48000212040000765400f00000000212000021d
:10d49000029d033c5020652421304000fc86400f53
:10d4a000000000002800c3271400c22721206000cc
:10d4b00021284000b588400f000000002800d02738
:10d4c0002800c227212040003e80400f00000000bd
:10d4d0002110020221204000029d023c40204524f0
:10d4e00002000624e47f400f000000001000c293f9
:10d4f000010042241000c2a31000c2930300422c7a
:10d50000d7ff4014000000001000c0a36835400b96
:10d51000000000001400c3271000c29300a0043cc8
:10d520004a00422430198424801002002110820015
:10d530000800428c21206000029d033c5420652499
:10d5400021304000fc86400f000000002800c32767
:10d550001400c2272120600021284000b588400f18
:10d56000000000002800d0272800c227212040000a
:10d570003e80400f000000002110020221204000e8
:10d58000029d023c4020452402000624e47f400f17
:10d59000000000001000c293010042241000c2a34a
:10d5a0001000c2930300422cdaff40140000000078
:10d5b0001000c0a39235400b000000001400c327e8
:10d5c0001000c29300a0043c560042243019842469
:10d5d00080100200211082000400428c2120600093
:10d5e000029d033c5c20652421304000fc86400ff6
:10d5f000000000002800c3271400c227212060007b
:10d6000021284000b588400f000000002800d027e6
:10d610002800c227212040003e80400f000000006b
:10d620002110020221204000029d023c402045249e
:10d6300002000624e47f400f000000001000c293a7
:10d64000010042241000c2a31000c2930300422c28
:10d65000daff4014000000001000c0a3bc35400bee
:10d66000000000001400c3271000c29300a0043c77
:10d6700052004224301984248010020021108200bc
:10d680000800428c21206000029d033c5c20652440
:10d6900021304000fc86400f000000002800c32716
:10d6a0001400c2272120600021284000b588400fc7
:10d6b000000000002800d0272800c22721204000b9
:10d6c0003e80400f00000000211002022120400097
:10d6d000029d023c4020452402000624e47f400fc6
:10d6e000000000001000c293010042241000c2a3f9
:10d6f0001000c2930300422cdaff40140000000027
:10d700001400d02700a0023c301942244001428c72
:10d71000212040000765400f00000000212000028a
:10d72000029d033c5020652421304000fc86400fc0
:10d73000000000002800c3271400c2272120600039
:10d7400021284000b588400f000000002800d027a5
:10d750002800c227212040003e80400f000000002a
:10d760002110020221204000029d023c402045245d
:10d7700002000624e47f400f000000001400d027c0
:10d7800000a0023c301942244401428c2120400078
:10d790000765400f0000000021200002029d033cad
:10d7a0005020652421304000fc86400f000000001e
:10d7b0002800c3271400c227212060002128400030
:10d7c000b588400f000000002800d0272800c2279d
:10d7d000212040003e80400f000000002110020286
:10d7e00021204000029d023c4020452402000624e6
:10d7f000e47f400f000000001400d02700a0023c8e
:10d80000301942244801428c212040000765400f16
:10d810000000000021200002029d033c50206524ee
:10d8200021304000fc86400f000000002800c32784
:10d830001400c2272120600021284000b588400f35
:10d84000000000002800d0272800c2272120400027
:10d850003e80400f00000000211002022120400005
:10d86000029d023c4020452402000624e47f400f34
:10d87000000000001400c32700a0023c301942241d
:10d880003c01428c21206000029d033c5420652411
:10d8900021304000fc86400f000000002800c32714
:10d8a0001400c2272120600021284000b588400fc5
:10d8b000000000002800d0272800c22721204000b7
:10d8c0003e80400f00000000211002022120400095
:10d8d000029d023c4020452402000624e47f400fc4
:10d8e000000000001400c32700a0023c30194224ad
:10d8f0008c01428c21206000029d033c5c20652449
:10d9000021304000fc86400f000000002800c327a3
:10d910001400c2272120600021284000b588400f54
:10d92000000000002800d0272800c2272120400046
:10d930003e80400f00000000211002022120400024
:10d94000029d023c4020452402000624e47f400f53
:10d95000000000001400c32700a0023c301942243c
:10d960004c01428c21206000029d033c5c20652418
:10d9700021304000fc86400f000000002800c32733
:10d980001400c2272120600021284000b588400fe4
:10d99000000000002800d0272800c22721204000d6
:10d9a0003e80400f000000002110020221204000b4
:10d9b000029d023c4020452402000624e47f400fe3
:10d9c000000000001400c32700a0023c30194224cc
:10d9d0000801428c21206000029d033c5c206524ec
:10d9e00021304000fc86400f000000002800c327c3
:10d9f0001400c2272120600021284000b588400f74
:10da0000000000002800d0272800c2272120400065
:10da10003e80400f00000000211002022120400043
:10da2000029d023c4020452402000624e47f400f72
:10da3000000000001400c32700a0023c301942245b
:10da4000c801428c21206000029d033c50206524c7
:10da500021304000fc86400f000000002800c32752
:10da60001400c2272120600021284000b588400f03
:10da7000000000002800d0272800c22721204000f5
:10da80003e80400f000000002110020221204000d3
:10da9000029d023c4020452402000624e47f400f02
:10daa000000000001400c32700a0023c30194224eb
:10dab000cc01428c21206000029d033c5020652453
:10dac00021304000fc86400f000000002800c327e2
:10dad0001400c2272120600021284000b588400f93
:10dae000000000002800d0272800c2272120400085
:10daf0003e80400f00000000211002022120400063
:10db0000029d023c4020452402000624e47f400f91
:10db1000000000001400c32700a0023c301942247a
:10db2000d001428c21206000029d033c50206524de
:10db300021304000fc86400f000000002800c32771
:10db40001400c2272120600021284000b588400f22
:10db5000000000002800d0272800c2272120400014
:10db60003e80400f000000002110020221204000f2
:10db7000029d023c4020452402000624e47f400f21
:10db8000000000001000c0a30737400b0000000099
:10db90001400c3271000c29300a0043c5800422484
:10dba0003019842480100200211082000800428c69
:10dbb00021206000029d033c482065242130400064
:10dbc000fc86400f000000002800c3271400c22775
:10dbd0002120600021284000b588400f000000008f
:10dbe0002800d0272800c227212040003e80400f77
:10dbf000000000002110020221204000029d023c92
:10dc00004020452402000624e47f400f000000006d
:10dc10001000c293010042241000c2a31000c2935e
:10dc20000300422cdaff4014000000001000c0a3e3
:10dc30003137400b000000001400c3271000c293ce
:10dc400000a0043c5c0042243019842480100200af
:10dc5000211082000400428c21206000029d033cc0
:10dc60004820652421304000fc86400f0000000061
:10dc70002800c3271400c22721206000212840006b
:10dc8000b588400f000000002800d0272800c227d8
:10dc9000212040003e80400f0000000021100202c1
:10dca00021204000029d023c402045240200062421
:10dcb000e47f400f000000001000c29301004224e6
:10dcc0001000c2a31000c2930300422cdaff4014dc
:10dcd000000000001400c32700a0023c30194224b9
:10dce000d801429421206000029d033c64206524f9
:10dcf00021304000fc86400f000000002800c327b0
:10dd00001400c2272120600021284000b588400f60
:10dd1000000000002800d0272800c2272120400052
:10dd20003e80400f00000000211002022120400030
:10dd3000029d023c4020452402000624e47f400f5f
:10dd4000000000002800c2272120400030000524e8
:10dd5000720006247739400f0000000021e8c0035c
:10dd6000c401bf8fc001be8fbc01b08fc801bd27e9
:10dd70000800e0030000000000e85d4100701a4068
:10dd800000601b4090ffbd276c00baaf6800bbafbe
:10dd900044781b7c00087b3700609b405c00bfaf71
:10dda0005800beaf5400b9af5000b8af4c00afaf91
:10ddb0004800aeaf4400adaf4000acaf3c00abafed
:10ddc0003800aaaf3400a9af3000a8af2c00a7af2d
:10ddd0002800a6af2400a5af2000a4af1c00a3af6d
:10dde0001800a2af1400a1af121000006400a2af8f
:10ddf000101800006000a3af21f0a003500004241d
:10de00007d89400f00000000080040100000000065
:10de1000bd37400f00000000500004246789400f08
:10de2000000000009337400b00000000560004245f
:10de30007d89400f00000000040040100000000039
:10de4000560004246789400f0000000080bf023c98
:10de50001062428c020042300500401000000000b9
:10de600080bf033c1062628c4408027c106262ac8a
:10de700021e8c0036400a28f130040006000a38f5c
:10de8000110060005c00bf8f5800be8f5400b98f36
:10de90005000b88f4c00af8f4800ae8f4400ad8f5c
:10dea0004000ac8f3c00ab8f3800aa8f3400a98fa4
:10deb0003000a88f2c00a78f2800a68f2400a58fe4
:10dec0002000a48f1c00a38f1800a28f1400a18f24
:10ded00000606041c00000006c00ba8f6800bb8f1a
:10dee00000709a407000bd2700e8dd4100609b4053
:10def00018000042d0ffbd272c00bfaf2800beafe6
:10df000021f0a0032880828f0c0040100000000048
:10df10005677400f00000000211840002c80828faf
:10df2000231862000100023c2d3142342b106200a4
:10df30000200401400000000288080af2880828ffb
:10df40000100032434004310000000000100432cb2
:10df50000900601400000000020003244100431087
:10df600000000000030003246c00431000000000c8
:10df70007538400b00000000030002241400c2affb
:10df8000029d023c1400c38f801803001c28422409
:10df9000211062000000428c3000428cff004230b1
:10dfa0001000c2a31000c39367000224080062148b
:10dfb0000000000000a0023c680143245400628c71
:10dfc0008410027c540062acfe37400b000000005d
:10dfd0001000c393730002240700621400000000c5
:10dfe00000a0023c680143245400628c0100042418
:10dff0008410827c540062ac5677400f0000000011
:10e000002c8082af2880828f01004224288082af3a
:10e010008238400b00000000030002241800c2af49
:10e02000029d023c1800c38f801803001c28422464
:10e03000211062000000428c3000428cff00423010
:10e040001000c2a35677400f000000002c8082af62
:10e050002880828f01004224288082af8238400bc2
:10e0600000000000030002241c00c2af029d023c1d
:10e070001c00c38f801803001c284224211062005a
:10e080000000428c3000428cff00423021184000da
:10e0900000a0023c68014224500043a000a0023cc2
:10e0a000680142245400428c040042300a004014ab
:10e0b0000000000000a0023c680143245400628c70
:10e0c000010004244408827c540062ac288080afa4
:10e0d0008238400b000000005677400f000000001f
:10e0e0002c8082af2880828f01004224288082af5a
:10e0f00000a0023c900144242128000028000624ae
:10e100004385400f0000000000a0023c680142244b
:10e11000510040a08238400b0000000003000224a0
:10e120002000c2af029d023c2000c38f8018030074
:10e130001c284224211062000000428c3000428cd6
:10e14000ff0042301000c2a31000c3930a00022453
:10e150000a0062140000000000a0023c6801432491
:10e160005400628c010004244408827c540062ac98
:10e17000288080af7038400b0000000000a0023cf7
:10e1800068014224510042902118400000a0023c46
:10e1900068014224211062001000c393280043a0ac
:10e1a00000a0023c68014224510042900100422438
:10e1b000ff00433000a0023c68014224510043a00c
:10e1c0005677400f000000002c8082af8238400b51
:10e1d00000000000030002242400c2af029d023ca4
:10e1e0002400c38f801803001c28422421106200e1
:10e1f0000000428c3000428cff0042301000c2a36d
:10e20000288080af0000000021e8c0032c00bf8ff1
:10e210002800be8f3000bd270800e003000000008a
:10e22000e8ffbd271400bfaf1000beaf21f0a00370
:10e2300088bf033cc060628cc47b027cc06062ac5f
:10e2400088bf033cc060628c010004248473827c1c
:10e25000c06062ac03000424212800009788400fae
:10e26000000000000300042421280000a789400fbb
:10e27000000000000300042421280000b189400fa1
:10e280000000000003000424c404023c00b4453430
:10e290000100023c00c246344887400f00000000e5
:10e2a00003000424870005246d86400f0000000051
:10e2b00050000424010005245f87400f0000000087
:10e2c00056000424212800005f87400f0000000052
:10e2d0001e000424020005247988400f000000007d
:10e2e0001e000424212800008888400f0000000040
:10e2f000212000003889400f00000000428a400fb2
:10e300000000000021e8c0031400bf8f1000be8f82
:10e310001800bd270800e00300000000f0ffbd2743
:10e320000c00beaf21f0a0030000c0a7d438400b02
:10e33000000000000000c297010042240000c2a7b4
:10e340000000c297e903422c1500401000000000b5
:10e35000030002240400c2af029d023c0400c38fec
:10e36000801803001c284224211062000000428c07
:10e370001000428c000242300400401400000000f3
:10e3800001000224e438400b0000000021100000ce
:10e39000e8ff401000000000e938400b00000000da
:10e3a0000000000021e8c0030c00be8f1000bd2754
:10e3b0000800e00300000000f0ffbd270c00beaf26
:10e3c00021f0a0030000c0a7fb38400b00000000b4
:10e3d0000000c297010042240000c2a70000c297bb
:10e3e000e903422c15004010000000000300022445
:10e3f0000400c2af029d023c0400c38f80180300da
:10e400001c284224211062000000428c1000428c23
:10e41000000142300400401000000000010002240e
:10e420000b39400b0000000021100000e8ff4010f5
:10e43000000000001039400b000000000000000048
:10e4400021e8c0030c00be8f1000bd270800e003c8
:10e4500000000000b8ffbd274400bfaf4000beafc2
:10e4600021f0a003211880002110a0004800c3a3c0
:10e470004c00c2a34c00c293030003241000c3af9e
:10e480001400c2a3029d023c1000c38f8018030039
:10e490001c284224211062000000428c1400c39307
:10e4a000200043acc738400f0000000003000224e6
:10e4b0001800c2af2c0002241c00c2a3029d023c23
:10e4c0001800c38f801803001c284224211062000a
:10e4d0000000428c1c00c393200043acc738400f9f
:10e4e000000000004800c293030003242000c3afd3
:10e4f0002400c2a3029d023c2000c38f80180300a9
:10e500001c284224211062000000428c2400c39386
:10e51000200043acc738400f000000000300022475
:10e520002800c2af2c0002242c00c2a3029d023c92
:10e530002800c38f801803001c2842242110620089
:10e540000000428c2c00c393200043acc738400f1e
:10e5500000000000030002243000c2af0d000224be
:10e560003400c2a3029d023c3000c38f8018030018
:10e570001c284224211062000000428c3400c39306
:10e58000200043acc738400f000000000300022405
:10e590003800c2af0a0002243c00c2a3029d023c24
:10e5a0003800c38f801803001c2842242110620009
:10e5b0000000428c3c00c393200043acee38400f77
:10e5c0000000000021e8c0034400bf8f4000be8f60
:10e5d0004800bd270800e00300000000a8ffbd2799
:10e5e0005400bfaf5000beaf21f0a0035800c4af2d
:10e5f0002118a0002110c0005c00c3a36000c2a3ca
:10e600001000c0a75800c28f000042907a0040104e
:10e61000000000006000c293030003241400c3af95
:10e620001800c2a3029d023c1400c38f801803008f
:10e630001c284224211062000000428c1800c39361
:10e64000200043acc738400f000000000300022444
:10e650001c00c2af2c0002242000c2a3029d023c79
:10e660001c00c38f801803001c2842242110620064
:10e670000000428c2000c393200043acc738400ff9
:10e68000000000005c00c293030003242400c3af19
:10e690002800c2a3029d023c2400c38f80180300ff
:10e6a0001c284224211062000000428c2800c393e1
:10e6b000200043acc738400f0000000003000224d4
:10e6c0002c00c2af2c0002243000c2a3029d023ce9
:10e6d0002c00c38f801803001c28422421106200e4
:10e6e0000000428c3000c393200043acc738400f79
:10e6f00000000000c738400f000000001000c29763
:10e700005800c38f211062000000429003000324d0
:10e710003400c3af3800c2a3029d023c3400c38f53
:10e72000801803001c284224211062000000428c43
:10e730003800c393200043acee38400f00000000c7
:10e740001000c297010042241000c2a71000c29717
:10e750002d01422c09004010000000001000c2975b
:10e760005800c38f2110620000004290e1ff401466
:10e7700000000000e039400b000000000000000035
:10e78000030002243c00c2af0d0002244000c2a3db
:10e79000029d023c3c00c38f801803001c284224c9
:10e7a000211062000000428c4000c393200043ac63
:10e7b000c738400f00000000030002244400c2af2d
:10e7c0000a0002244800c2a3029d023c4400c38ff9
:10e7d000801803001c284224211062000000428c93
:10e7e0004800c393200043acee38400f0000000007
:10e7f000ff39400b000000000000000021e8c003ca
:10e800005400bf8f5000be8f5800bd270800e003a2
:10e8100000000000e0ffbd271c00bfaf1800beaf26
:10e8200021f0a003010002241000c2a3193a400bfa
:10e83000000000001000c29301a0043c80180200f8
:10e840008010030023104300d87783242110430055
:10e85000ffff0324000043ac1000c29301004224d8
:10e860001000c2a31000c2930800422cf1ff401414
:10e8700000000000a33f400f00000000d08080afe8
:10e8800021e8c0031c00bf8f1800be8f2000bd27e9
:10e890000800e00300000000c8ffbd273400bfaf40
:10e8a0003000beaf21f0a0033800c4af2c00c0a3dd
:10e8b0003800c28f000042900500401000000000a8
:10e8c000d080838f01000224040062140000000045
:10e8d000ff000224e73a400b000000001200c0a72e
:10e8e0003800c28f1800c2af483a400b0000000049
:10e8f0001800c28f00004290211840001200c297f9
:10e90000211062001200c2a71200c297401002003c
:10e910001200c2a71800c28f010042241800c2af23
:10e920001800c28f00004290f1ff40140000000068
:10e93000010002241000c2a35e3a400b0000000058
:10e940001000c29301a0043c801802008010030054
:10e9500023104300d8778324211043000000438c08
:10e96000ffff02240a006210000000001000c293a2
:10e97000010042241000c2a31000c2930800422ce0
:10e98000efff401400000000653a400b000000005b
:10e99000000000001000c39307000224040062146a
:10e9a00000000000ff000224e73a400b00000000d6
:10e9b0001400c0a7e13a400b000000001400c29709
:10e9c0000700423011004014000000001400c297fc
:10e9d00004004224401002002118400001a0023c23
:10e9e000d87743ac01a0023cd8774224100003241e
:10e9f000040043ac1c00c227212000002128400055
:10ea000010000624dc3b400f000000001400c297f9
:10ea100007004230401002001000c327211062009e
:10ea20000c0042941200c3975300621400000000cf
:10ea30001400c29721204000bc3d400f00000000a0
:10ea400001a0023c3878438c01a0023cd87743ac4b
:10ea500001a0023cd8774224ff000324040043ac09
:10ea60003800c28f1800c2afa93a400b0000000066
:10ea70002c00c2272120000021284000633b400fca
:10ea8000000000001800c28f000043902c00c293c9
:10ea90000a006214000000001800c28f0100422426
:10eaa0001800c2af1800c28f00004290f0ff40145f
:10eab00000000000b03a400b000000000000000021
:10eac0002c00c2272120000021284000633b400f7a
:10ead000000000002c00c29327004014000000003a
:10eae0001800c28f00004290230040140000000074
:10eaf0001000c29301a0033c387863240400648ca6
:10eb000001a0053c80180200801003002310430080
:10eb1000d877a32421104300000044ac1000c29316
:10eb200001a0033c387863240800638c01a0043cf6
:10eb3000d877842480100200802802002310a200cd
:10eb400021108200040043ac1000c29301a0043cd9
:10eb5000801802008010030023104300d87783241c
:10eb6000211043001400c397080043a41000c2936f
:10eb7000e73a400b000000001400c2970100422455
:10eb80001400c2a7d68082971400c3972b1062008e
:10eb90008aff401400000000ff00022421e8c003a7
:10eba0003400bf8f3000be8f3800bd270800e0035f
:10ebb00000000000e0ffbd271c00bfaf1800beaf83
:10ebc00021f0a003211080002000c2a7d080838ff5
:10ebd000010002240600621000000000d680829727
:10ebe0002000c3972b1043000400401000000000d9
:10ebf000ff000224433b400b000000000100022400
:10ec00001000c2a3113b400b000000001000c29393
:10ec100001a0043c80180200801003002310430070
:10ec2000d8778324211043000000438cffff022487
:10ec30000a006210000000001000c293010042248c
:10ec40001000c2a31000c2930800422cefff401432
:10ec500000000000183b400b000000000000000016
:10ec60001000c39307000224040062140000000097
:10ec7000ff000224433b400b000000002000c2972d
:10ec800021204000bc3d400f000000001000c29356
:10ec900001a0043c801802008010030023104300f0
:10eca000d8778324211043002000c397080043a491
:10ecb0001000c29301a0033c387863240400648ce4
:10ecc00001a0053c801802008010030023104300bf
:10ecd000d877a32421104300000044ac1000c29355
:10ece00001a0033c387863240800638c01a0043c35
:10ecf000d877842480100200802802002310a2000c
:10ed000021108200040043ac1000c29321e8c0032c
:10ed10001c00bf8f1800be8f2000bd270800e00335
:10ed200000000000f8ffbd270400beaf21f0a003e3
:10ed3000211080000800c2a30800c2930e004010fa
:10ed4000000000000800c2930800422c0a00401096
:10ed5000000000000800c29301a0043c80180200db
:10ed60008010030023104300d87783242110430030
:10ed7000ffff0324000043ac21e8c0030400be8f62
:10ed80000800bd270800e00300000000f8ffbd27d1
:10ed90000400beaf21f0a003211080000c00c5af1d
:10eda0000800c2a30800c2930800422c04004014cb
:10edb0000000000021100000d73b400b00000000c5
:10edc0000800c29301a0043c8018020080100300d8
:10edd00023104300d8778324211043000000438c84
:10ede000ffff02240b006210000000000800c29325
:10edf00001a0033cd8776324801002008020020029
:10ee000023108200211062000400428c0400401490
:10ee10000000000021100000d73b400b0000000064
:10ee20000c00c28f28004014000000000800c393ab
:10ee300001a0053c21106000802002008010040029
:10ee400023104400d877a424211044000000428cf1
:10ee50000100442401a0053c21106000801802003c
:10ee60008010030023104300d877a324211043000f
:10ee7000000044ac0800c39301a0023cd8774424ae
:10ee80002110600080100200802802002310a200e0
:10ee9000211082000400428cffff442401a0023ca8
:10eea000d8774524211060008010020080180200ed
:10eeb000231062002110a200040044ac01000224cf
:10eec000d73b400b000000000800c39301a0053ca5
:10eed00021106000802002008010040023104400f4
:10eee000d877a424211044000000428c010044245f
:10eef00001a0053c21106000801802008010030072
:10ef000023104300d877a32421104300000044ac11
:10ef10000800c39301a0023cd8774424211060006c
:10ef200080100200802802002310a200211082001d
:10ef30000400428cffff442401a0023cd877452402
:10ef4000211060008010020080180200231062006f
:10ef50002110a200040044ac0100022421e8c003f7
:10ef60000400be8f0800bd270800e0030000000079
:10ef7000f8ffbd270400beaf21f0a00321188000d8
:10ef80000c00c5af2110c0000800c3a31000c2a729
:10ef90000800c2930800422c040040140000000046
:10efa00021100000643c400b000000001000c397db
:10efb0000800c29301a0043cd8778424801002008a
:10efc000802802002310a200211082000400428c3d
:10efd0002b1043000a004010000000000800c293fc
:10efe00001a0033cd8776324801002008020020037
:10eff00023108200211062000400428c1000c2a77e
:10f000000800c29301a0043c801802008010030095
:10f0100023104300d8778324211043000000438c41
:10f02000ffff022404006210000000001000c297dd
:10f03000040040140000000021100000643c400b5c
:10f04000000000000c00c28f2a00401400000000e5
:10f050000800c6930800c29301a0043c8018020077
:10f060008010030023104300d8778324211043002d
:10f070000000438c1000c2972120620001a0053cd3
:10f080002110c000801802008010030023104300ec
:10f09000d877a32421104300000044ac0800c59396
:10f0a0000800c29301a0033cd877632480100200bb
:10f0b0008020020023108200211062000400438c93
:10f0c0001000c2972318620001a0023cd8774424a4
:10f0d0002110a00080100200802802002310a2004e
:10f0e00021108200040043ac1000c297643c400b26
:10f0f000000000000800c6930800c29301a0043c71
:10f10000801802008010030023104300d877832466
:10f11000211043000000438c1000c29721206200a0
:10f1200001a0053c2110c0008018020080100300df
:10f1300023104300d877a32421104300000044acdf
:10f140000800c5930800c29301a0033cd87763244c
:10f150008010020080200200231082002110620033
:10f160000400438c1000c2972318620001a0023ce7
:10f17000d87744242110a0008010020080280200cb
:10f180002310a20021108200040043ac1000c2979b
:10f1900021e8c0030400be8f0800bd270800e0037b
:10f1a00000000000e8ffbd271400bfaf1000beaf95
:10f1b00021f0a003211080001c00c5af1800c2a3dd
:10f1c0001800c3931c00c28f21206000212840003a
:10f1d00004000624dc3b400f00000000040042381d
:10f1e0000100422c21e8c0031400bf8f1000be8f25
:10f1f0001800bd270800e00300000000d8ffbd276d
:10f200002400bfaf2000beaf1c00b0af21f0a003b0
:10f21000211080002c00c5af3000c6af2800c2a36b
:10f220002800c2930800422c040040140000000093
:10f2300021100000783d400b000000002800c29320
:10f2400001a0043c8018020080100300231043003a
:10f25000d8778324211043000000438cffff022451
:10f26000040062140000000021100000783d400bf3
:10f27000000000003000c28f01000324ae004310e4
:10f28000000000000100432c090060140000000091
:10f290000200032431004310000000000300032497
:10f2a0006600431000000000773d400b00000000a6
:10f2b0002800c293212040007e3e400f0000000045
:10f2c0001000c2af2c00c38f1000c28f2b10430060
:10f2d000040040100000000021100000783d400ba9
:10f2e000000000002800d0932800c2932120400095
:10f2f000d43e400f00000000211840002c00c28fb7
:10f300002120620001a0053c2110000280180200ab
:10f310008010030023104300d877a324211043005a
:10f32000000044ac2800c2931000c48f2c00c38f8f
:10f330002318830001a0043cd877842480100200a5
:10f34000802802002310a20021108200040043ac98
:10f3500001000224783d400b000000002800c29309
:10f3600001a0033cd87763248010020080200200b3
:10f3700023108200211062000400438c2c00c28ff5
:10f380002b1062000400401000000000211000005b
:10f39000783d400b000000002800c6932800c2936f
:10f3a00001a0043c801802008010030023104300d9
:10f3b000d8778324211043000000438c2c00c28f97
:10f3c0002120620001a0053c2110c000801802002d
:10f3d0008010030023104300d877a324211043009a
:10f3e000000044ac2800c5932800c29301a0033c50
:10f3f000d87763248010020080200200231082004e
:10f40000211062000400438c2c00c28f231862007c
:10f4100001a0023cd87744242110a00080100200f3
:10f42000802802002310a20021108200040043acb7
:10f4300001000224783d400b000000002800c29328
:10f4400021204000d43e400f000000001000c2af59
:10f450002800c29301a0043c801802008010030021
:10f4600023104300d8778324211043000000438ced
:10f470001000c48f2c00c28f211082002b1062005c
:10f48000040040100000000021100000783d400bf7
:10f49000000000002800c6932800c29301a0043c8d
:10f4a000801802008010030023104300d8778324c3
:10f4b000211043000000438c2c00c28f23206200e7
:10f4c00001a0053c2110c00080180200801003003c
:10f4d00023104300d877a32421104300000044ac3c
:10f4e0002800c5932800c29301a0033cd877632469
:10f4f0008010020080200200231082002110620090
:10f500000400438c2c00c28f2118620001a0023c31
:10f51000d87744242110a000801002008028020027
:10f520002310a20021108200040043ac0100022439
:10f53000783d400b000000002800c29321204000cd
:10f540007e3e400f000000001000c2af2c00c38fb1
:10f550001000c28f2b104300040040100000000078
:10f5600021100000783d400b000000002800d093df
:10f570002800c29321204000033f400f00000000fc
:10f58000211840002c00c28f2320620001a0053cfe
:10f590002110000280180200801003002310430095
:10f5a000d877a32421104300000044ac2800c29364
:10f5b00001a0033cd8776324801002008020020061
:10f5c00023108200211062002c00c38f040043ac82
:10f5d00001000224783d400b0000000021100000d3
:10f5e00021e8c0032400bf8f2000be8f1c00b08f15
:10f5f0002800bd270800e00300000000f0ffbd2741
:10f600000c00beaf21f0a0030000c0a3913d400b51
:10f61000000000000000c29301a0043c801802001a
:10f620008010030023104300d87783242110430067
:10f63000ffff0324000043ac0000c29301004224fa
:10f640000000c2a30000c2930700422cf1ff401447
:10f650000000000001000224d08082af21100000d1
:10f6600021e8c0030c00be8f1000bd270800e00396
:10f6700000000000f8ffbd270400beaf21f0a0038a
:10f68000211880000c00c5af2110c0000800c3a3e2
:10f690001000c2a71000c29721e8c0030400be8f6b
:10f6a0000800bd270800e00300000000e8ffbd27b8
:10f6b0001400bfaf1000beaf21f0a0031800c4af0c
:10f6c000d08080af1800c28f0300401000000000ff
:10f6d000a33f400f0000000021e8c0031400bf8fcb
:10f6e0001000be8f1800bd270800e00300000000d6
:10f6f000e8ffbd271400bfaf1000beaf21f0a0038c
:10f70000211080001800c2a7d48082971800c397e8
:10f710002200621000000000d68082971800c39774
:10f720002b106200200040100000000001a0023ced
:10f73000d877422416000324040043acd680829775
:10f74000040045241800c3972110600080200200a7
:10f750008010040023104400231043002110a20055
:10f76000401002002118400001a0023cd87743acb1
:10f7700001a0023c387842242120000021284000ca
:10f7800016000624dc3b400f000000001800c29762
:10f79000d48082a7eb3d400b000000000000000079
:10f7a000eb3d400b000000000000000021e8c0031a
:10f7b0001400bf8f1000be8f1800bd270800e003a3
:10f7c00000000000e8ffbd271400bfaf1000beaf6f
:10f7d00021f0a003211080001800c2a31800c293da
:10f7e0000800422c0400401400000000211000001a
:10f7f0001a3e400b000000001800c29301a0043c18
:10f80000801802008010030023104300d87783245f
:10f81000211043000000438cffff02240400621407
:10f8200000000000211000001a3e400b0000000004
:10f830001800c29301a0043c80180200801003004d
:10f8400023104300d87783242110430008004294fa
:10f8500021204000bc3d400f0000000001a0023c00
:10f86000387842240c00428c21e8c0031400bf8f7a
:10f870001000be8f1800bd270800e0030000000044
:10f88000e8ffbd271400bfaf1000beaf21f0a003fa
:10f89000211080001800c2a31800c2930800422c57
:10f8a000040040140000000021100000493e400bfd
:10f8b000000000001800c29301a0043c8018020060
:10f8c0008010030023104300d877832421104300c5
:10f8d0000000438cffff02240400621400000000bb
:10f8e00021100000493e400b000000001800c293a8
:10f8f00001a0043c80180200801003002310430084
:10f90000d87783242110430008004294212040002e
:10f91000bc3d400f0000000001a0023c38784224aa
:10f920001000428c21e8c0031400bf8f1000be8f6e
:10f930001800bd270800e00300000000e8ffbd2715
:10f940001400bfaf1000beaf21f0a0032110800053
:10f950001800c2a31800c2930800422c04004014ef
:10f960000000000021100000783e400b0000000065
:10f970001800c29301a0043c80180200801003000c
:10f9800023104300d8778324211043000000438cc8
:10f99000ffff022404006214000000002110000098
:10f9a000783e400b000000001800c29301a0043c08
:10f9b000801802008010030023104300d8778324ae
:10f9c000211043000800429421204000bc3d400f1c
:10f9d0000000000001a0023c387842241400429448
:10f9e00021e8c0031400bf8f1000be8f1800bd2790
:10f9f0000800e00300000000e8ffbd271400bfafcf
:10fa00001000beaf21f0a003211080001800c2a397
:10fa10001800c2930800422c0400401400000000ab
:10fa200021100000a73e400b000000001800c29308
:10fa300001a0043c80180200801003002310430042
:10fa4000d8778324211043000000438cffff022459
:10fa5000040062140000000021100000a73e400bcb
:10fa6000000000001800c29301a0043c80180200ae
:10fa70008010030023104300d87783242110430013
:10fa80000800429421204000bc3d400f00000000cf
:10fa900001a0023c387842240800428c21e8c003cf
:10faa0001400bf8f1000be8f1800bd270800e003b0
:10fab00000000000f8ffbd270400beaf21f0a00346
:10fac000211080000800c2a30800c2930800422c45
:10fad000040040140000000021100000cf3e400b45
:10fae000000000000800c29301a0043c801802003e
:10faf0008010030023104300d87783242110430093
:10fb00000000438cffff0224040062140000000088
:10fb100021100000cf3e400b000000000800c293ff
:10fb200001a0033cd87763248010020080200200eb
:10fb300023108200211062000400428c21e8c003df
:10fb40000400be8f0800bd270800e003000000008d
:10fb5000e8ffbd271400bfaf1000beaf21f0a00327
:10fb6000211080001800c2a31800c2930800422c84
:10fb7000040040140000000021100000fd3e400b76
:10fb8000000000001800c29301a0043c801802008d
:10fb90008010030023104300d877832421104300f2
:10fba0000000438cffff02240400621400000000e8
:10fbb000ffff0224fd3e400b000000001800c2932e
:10fbc00001a0043c801802008010030023104300b1
:10fbd000d87783242110430008004294212040005c
:10fbe000bc3d400f0000000001a0023c38784224d8
:10fbf0000400428c21e8c0031400bf8f1000be8fa8
:10fc00001800bd270800e00300000000e8ffbd2742
:10fc10001400bfaf1000beaf21f0a0032110800080
:10fc20001800c2a31800c2930800422c040040141c
:10fc300000000000ffff0224303f400b00000000e6
:10fc40001800c29301a0043c801802008010030039
:10fc500023104300d8778324211043000000438cf5
:10fc6000ffff02240400621400000000ffff0224d2
:10fc7000303f400b000000001800c29301a0043c7c
:10fc8000801802008010030023104300d8778324db
:10fc9000211043000800429421204000bc3d400f49
:10fca0000000000001a0023c387842240400438c8c
:10fcb00001a0023c387842240800428c21106200e6
:10fcc00021e8c0031400bf8f1000be8f1800bd27ad
:10fcd0000800e00300000000e0ffbd271c00bfafec
:10fce0001800beaf21f0a003211880002400c5af8a
:10fcf0002110c0002000c3a32800c2a72000c29387
:10fd00000800422c040040140000000021100000f4
:10fd1000703f400b000000002000c29301a0043c93
:10fd2000801802008010030023104300d87783243a
:10fd3000211043000000438cffff022404006214e2
:10fd40000000000021100000703f400b0000000088
:10fd50002000c29301a0043c801802008010030020
:10fd600023104300d87783242110430008004294d5
:10fd700021204000bc3d400f0000000001a0023cdb
:10fd80003878428c1000c2af01a0023c1000c38f33
:10fd9000d87743ac01a0023cd8774224ff0003246b
:10fda000040043ac2800c297212000002400c58f26
:10fdb00021304000dc3b400f000000000100022425
:10fdc00021e8c0031c00bf8f1800be8f2000bd2794
:10fdd0000800e00300000000e0ffbd271c00bfafeb
:10fde0001800beaf1400b0af21f0a00321108000b6
:10fdf0002000c2a32000c29301a0043c801802008e
:10fe00008010030023104300d8778324211043007f
:10fe10000000508c2000c29321204000d43e400faf
:10fe2000000000002310020221e8c0031c00bf8f65
:10fe30001800be8f1400b08f2000bd270800e0031b
:10fe400000000000f8ffbd270400beaf21f0a003b2
:10fe5000211080000800c2a30800c29301a0043c46
:10fe6000801802008010030023104300d8778324f9
:10fe7000211043000800429421e8c0030400be8f13
:10fe80000800bd270800e00300000000e8ffbd27d0
:10fe90001400bfaf1000beaf21f0a00301a0023cd0
:10fea000d87740ac01a0023cd87742240800032454
:10feb000040043ac01a0023c387842242120000019
:10fec0002128400006000624dc3b400f0000000013
:10fed00001a0023c38784424029d023cd4284524e9
:10fee00006000624bf85400f0000000009004014f2
:10fef00000000000d6808227212000002128400039
:10ff000002000624dc3b400f00000000c63f400b0f
:10ff100000000000d68080a7ffff0224d48082a7c3
:10ff200021e8c0031400bf8f1000be8f1800bd274a
:08ff30000800e00300000000de
:020000040000fa
:020000041d00dd
:10ff380098ffbd27211000004800b2af4400b1afc0
:10ff48004000b0af6400bfaf6000beaf5c00b7afa9
:10ff58005800b6af5400b5af5000b4af4c00b3afc3
:10ff6800219080002188a0007000a6af3000a2afc9
:10ff78002180000000002482010280101000a4a348
:10ff8800250002244102821401003326020024269f
:10ff9800ffff82802d00062421180000300008246d
:10ffa800200007242b00092435024610ffff912466
:10ffb8002e0045282b02a010000000003d024750eb
:10ffc800010063343902495002006334029d053c44
:10ffd800440ca5242120a200010084900200663070
:10ffe800feff65300b18a60008006630fbff653081
:10fff80004008430310280100b18a60021f00000a4
:020000041d01dc
:1000080040a81e00c0f01e0021f0be0201003126eb
:1000180021f0c20300002282029d073c440ce72421
:100028002120e2000100849004008430f4ff801451
:10003800d0ffde272e0004242d0244500100312673
:100048000010633421980000100007240080062463
:10005800ff0044307900852c1000a2a32e00a014c4
:10006800010031261000b427010016240400605254
:100078002ba8de022b1076020bb062022ba8de0240
:1000880023f0d6030af01500080073300c00601640
:1000980021a8c0030a00a052ffff15242000042451
:1000a8009681400f21284002271002002b100200e1
:1000b800ffffb526f9ffa01621800202ffff1524d5
:1000c8000a00c012000000000000848221284002bb
:1000d8009681400fffffd626271002002b10020042
:1000e80001009426f8ffc01621800202a2ff605288
:1000f800000024829fffa012200004249681400f54
:1001080021284002271002002b1002002180020241
:100118003f40400bffffb526019d023c3c014224b5
:1001280080200400212044000000828c0800400048
:10013800000000008807019d6c00019d6c00019d76
:100148006c00019d6c00019d6c00019d6c00019d7f
:100158006c00019d6c00019d6c00019d6c00019d6f
:100168006c00019d6c00019d6c00019d6c00019d5f
:100178006c00019d6c00019d6c00019d6c00019d4f
:100188006c00019d6c00019d6c00019d6c00019d3f
:100198006c00019d6c00019d6c00019d6c00019d2f
:1001a8006c00019d6c00019d6c00019d6c00019d1f
:1001b8006c00019d6c00019d6c00019d6c00019d0f
:1001c8006c00019d6c00019d6c00019d6c00019dff
:1001d8006c00019d6c00019d6c00019d6c00019def
:1001e8006c00019d6c00019d6c00019d6c00019ddf
:1001f8006c00019d6c00019d6c00019d6c00019dcf
:100208006c00019d6c00019d6c00019d6c00019dbe
:100218006c00019d6c00019d6c00019d6c00019dae
:100228006c00019d6c00019d6c00019d6c00019d9e
:100238006c00019d6c00019d6c00019d6c00019d8e
:100248006c00019d6c00019d6c00019d6c00019d7e
:100258006c00019d6c00019d6c00019d6c00019d6e
:100268006c00019d6c00019d6c00019d6c00019d5e
:100278006c00019d6c00019d6c00019d6c00019d4e
:100288006c00019d6c00019d6c00019d6c00019d3e
:100298006c00019d0805019d6c00019d6c00019d8d
:1002a8006c00019d6c00019d6c00019d6c00019d1e
:1002b8006c00019d6c00019d6c00019d6c00019d0e
:1002c8001c08019d2403019d6c00019d6408019d8b
:1002d8006c00019d6c00019d2403019d6c00019d33
:1002e8006c00019d0008019d6c00019d6c00019d42
:1002f800f807019d0805019d6c00019d6c00019d9a
:10030800bc07019d6c00019d2003019d6c00019daf
:100318006c00019d0c05019dc0006334000762302c
:100328007c00401021b060000010653006000424f5
:1003380010006230670240100b9885007000a28f91
:1003480007004424f8ff0224241082000000448c93
:100358000400458c080042243c00a3afe57c400f14
:100368007000a2af3c00a38f21a040002120800292
:10037800212800004265400f3c00a3af040041045f
:100388003c00a38f0080023c26a054000300763472
:1003980021208002212800004265400f1800a0afec
:1003a8001a03401421b800001900622a3f004010c7
:1003b8000a00e22aff0075326e00a22e4c02401499
:1003c8000b00a22eeb51033c1f8563341900a302d6
:1003d800029d023c100f458c029d063c8c1cc624d5
:1003e8003800a6af1018000042190300ff00623061
:1003f8001200422480100200211046000000448ca4
:10040800e463400f3c00a3af3c00a38f3800a68fe5
:1004180080200300001903002118830080280300ae
:10042800212865002328a502cccc033ccdcc63341d
:10043800ff00a5301900a300212040003c00a3af15
:1004480010280000c038a27c090042248010020055
:1004580021104600e463400f0000458c3c00a38f48
:10046800212040003800a68f1900a30210180000b0
:10047800c218030040100300c018030021104300f5
:100488002310a202ff0042308010020021304600f3
:10049800e463400f0000c58c212080024963400faf
:1004a8002128400021a040000a00e22a3201401021
:1004b800029d023c212080024265400f2128000055
:1004c80025014014000000002565400f212080020e
:1004d8002120400021280000c683400f21a84000a9
:1004e800212840004763400f2120800221b84000a6
:1004f80021a0a0021800a0af7542400b21180000ef
:1005080020006334800063340007623086ff4014a3
:1005180021b06000c0006230e40140142016037c62
:100528003403400410006230120240107000a78f9c
:100538007000a58f0000a48c0400a5247000a5af4e
:10054800c317040021a080001d02400421b8400008
:1005580003006016c0007630259897020100732ebc
:1005680040000224e702c2124100c22aa102401040
:10057800800002241600c0161000a2830100022485
:100588004e03e0121000a2a3029d043c780e8424be
:1005980002000724020002246b41400b14000824c7
:1005a800213840000400858c2b30e5020003c0543c
:1005b8001000a7a32903b7500000858c010042242e
:1005c8002014027cf6ff4814080084241000a2a31b
:1005d8002a205300630280102a2062022014137c10
:1005e8001000a2a30500c01300406430030064306b
:1005f8002b20040023f0c403004064300500801061
:100608002a285e002a207e0223f0d3030af0040081
:100618002a285e002310c2030a1005000400643073
:10062800210280102000a2af02006230cd024010eb
:1006380001006230010065302d0004242b000224e3
:100648000a204500212840029681400f3c00a3afb4
:10065800271002003c00a38f2b1002002180020209
:100668002000a48f08006230db0180143400a2afa0
:10067800ffff6226029d073c40200200c0a802003e
:10068800680efe2421a8d5038040020021f08200d4
:1006980020006330401017004100c42a2800a2af90
:1006a8002400a4af230060122c00a3af4000022452
:1006b800f101c212ffff73262400a58fd501a010f7
:1006c800800002241000c0161000a4830000a68e2b
:1006d8000400a78e212080022128e0021b72400f0f
:1006e8003800a8af21204000212860000a00062415
:1006f8000071400f21380000300042243800a88fd4
:100708002024027c1000a4a3212840029681400fd7
:100718003800a8af3800a88f271002002b1002005d
:1007280021800202f8ffb526fcff0825dfff6016ce
:10073800fdffde273400a28f0ffe40500000248208
:100748002000a38f0cfe605800002482200004249f
:100758009681400f212840022000a48f2710020014
:100768002b100200ffff84242000a4aff7ff8014a1
:10077800218002020000248201fe80141000a4a33c
:100788006400bf8f211000026000be8f5c00b78f2d
:100798005800b68f5400b58f5000b48f4c00b38ffb
:1007a8004800b28f4400b18f4000b08f0800e003ca
:1007b8006800bd277000a58f0000a48c0400a52444
:1007c800a202801021a08000000082800600401054
:1007d80021b000000100d6262110960000004280ba
:1007e800fdff40540100d6261d40400b7000a5af08
:1007f800c940400b40006334100062302120c00023
:100808000a20e20025188300ffff63301640400be2
:10081800000022827000a78f100066300100e2807d
:100828000000e58c0400e4246001c0101000a2a3bd
:100838005f0140501400a5a3ffff06245c01465049
:100848001400a5a31400a2a31500a5a30200162452
:100858001400b4271d40400b7000a4afc940400be2
:1008680000046334dafd4814029d053c0400633437
:1008780001008424ffff8280cdfd4614ffff9124f0
:10088800080063341f42400b010084249681400f06
:1008980021284002ffff0324261843002b180300d9
:1008a80021886002df3f400b218003021f42400b7a
:1008b800010084241f42400b010084242a000424e0
:1008c800dcfd441421f000007000a48f01003126e3
:1008d8000000228200009e8c040084247000a4afd3
:1008e8002e000424d7fd445400106334010031263f
:1008f800000022822a000424e301441000406334eb
:10090800029d053c440ca5242120a20001008490ee
:1009180004008430ccfd8010219800004020130092
:10092800c098130021989300010031262198620293
:1009380000002282029d053c440ca5242120a2002f
:100948000100849004008430f4ff8014d0ff7326e3
:100958001540400b100007242565400f2120800218
:10096800dcfe4014212040000200e32adafe601475
:1009780021280000029d023c140f42243000a48f5d
:100988004265400f0000458cd7004004edffe32688
:10099800eeffe3261800a3af2024037ca17a400fc2
:1009a8003c00a3af21284000212080025264400f60
:1009b8003000a2af2565400f212040003c00a38fe6
:1009c80021a8400021a0400021b800000100042413
:1009d8000a00a22e2d0240141000a4a3029d043c7c
:1009e800780e842421100000020005240200072448
:1009f8008142400b120008242138a0000400868c94
:100a08007a01c014020049240000868c2b30a6020b
:100a18007601c014010042240100e524202c057c45
:100a2800f5ff4814080084241000a5a31400092425
:100a380023a8c30323a8b3022b10130023a8a902d9
:100a48000300c33223a8a2022b1803000400c232f9
:100a58004c01401023a8a3020200c232c501401075
:100a68000100c2320100c3322d0004242b000224ed
:100a78000a2043009681400f2128400227100200d7
:100a88002b10020021800202fe01a05a0800d63273
:100a9800300004249681400f2128400227100200cc
:100aa8002b100200ffffb526f9ffa01e21800202cd
:100ab8000800d6322000b6af21a80000029d043cf1
:100ac800c642400b680e9624c01803002118c302c2
:100ad8000000668c0400678c212080021b72400f86
:100ae8002128000021204000212860000a00062457
:100af8000071400f21380000300044249681400fd7
:100b080021284002271002002b1002002180020237
:100b18001000a283ffff4324201c037ceaff40143b
:100b28001000a3a31800a28f0c0040181300622a1b
:100b3800300004249681400f212840021800a38f1a
:100b4800271002002b100200ffff632421800202fd
:100b5800f7ff601c1800a3af1300622a03014014ba
:100b68002014137c120002241000a2a3eeff7326a7
:100b78002e0004249681400f21284002ffff032401
:100b8800020043101000b48301001026a17a400f20
:100b98002120800221204000e463400f2128e00248
:100ba8002565400f2120400021b04000ffff82262c
:100bb8002014027c21b80000230080121000a2a398
:100bc800029d053c680ebe24c01002002110c2031d
:100bd8000000468c0400478c2120c0021b72400f85
:100be8002128e002212040000a00062421380000c4
:100bf8000071400f21286000300044249681400f86
:100c0800212840021000b483271002002b10020094
:100c1800c01814002118c3030000668c0400678cf8
:100c28002128e0022120c0020071400f2180020229
:100c380021b04000ffff82262014027c21b860000a
:100c4800e1ff80161000a2a30a0060122000a78fff
:100c5800300004249681400f21284002271002000a
:100c68002b100200ffff7326f9ff60162180020295
:100c78002000a78fc0fce05000002482befca05ad0
:100c880000002482200004249681400f212840027d
:100c9800271002002b100200ffffb526f9ffa0164f
:100ca80021800202e03f400b0000248248014004fa
:100cb80010006230380040107000a78f7000a58fb8
:100cc80021b800000000b48c0400a5245641400b54
:100cd8007000a5af7000a48f0000948c04008424d9
:100ce800dd40400b7000a4af6842400b1800a3af72
:100cf8004d014054029d023ccccc033ccdcc633426
:100d08001900a302029d023c100f458c029d063c6f
:100d18008c1cc6243800a6af10180000c2180300a7
:100d2800ff006230090042248010020021104600b2
:100d38000000448ce463400f3c00a3af3c00a38f49
:100d48003800a68f40200300c01803002118830034
:100d58002318a302ff0063308018030021306600c7
:100d68000000c58ce463400f212040002941400b5e
:100d7800212080020000e48c0400e7247000a7af63
:100d8800c317040021a08000f1fd410421b84000f0
:100d98007343400b23a0040021b800000000f48c2a
:100da8000400e7245641400b7000a7af1400a5a328
:100db800010016241400b4271d40400b7000a4af96
:100dc80023a004002b201400231002000300633426
:100dd8005641400b23b84400212840023000042427
:100de8009681400f3c00a3af2000a58f271002007a
:100df8002b100200ffffa5242000a5af21800202ce
:100e0800f5ffa0143c00a38f080067309e41400bfb
:100e18003400a7af0500c212c00002242bfec21284
:100e28001000a483c541400b212840022800a78f49
:100e3800271808000610140104186700251062001e
:100e480006281701200006310b10a6002c00a58fdc
:100e5800029d043c029d073c400e8324540ee4246a
:100e68000a1885000f0042302118620000006480d3
:100e7800c441400b1000a4a32800a78f27101e0010
:100e88000620d40304104700252044002000c33363
:100e98000610d7030b204300070084303000842459
:100ea800c441400b1000a4a32000a48f08006230a6
:100eb800030080103400a2af110040102128400226
:100ec80002006230b300401001006230010065305a
:100ed8002d0004242b0002240a204500212840026a
:100ee8009681400f3c00a3af271002002b10020090
:100ef800218002029e41400b3c00a38f2128400222
:100f0800200004249681400f3c00a3af2000a58f49
:100f1800271002002b100200ffffa5242000a5af18
:100f280021800202e6ffa0103c00a38f2128400286
:100f3800200004249681400f3c00a3af2000a58f19
:100f4800271002002b100200ffffa5242000a5afe8
:100f580021800202e9ffa0143c00a38fb343400b99
:100f6800020062307b41400b0b9844001000a2a3a2
:100f7800fffe401423986202ffff02241443400b33
:100f88001000a2a30800c3320c0060142000a3af15
:100f98000b00a01a0200c232200004249681400fe0
:100fa80021284002271002002b100200ffffb5265f
:100fb800f9ffa01e2180020221a800000200c2320f
:100fc800700040100100d6322d0004242b000224aa
:100fd8000a2056009681400f21284002271002005f
:100fe8002b100200b142400b218002028e42400bbe
:100ff8001000a5a32b00c212c00002245ffdc2127c
:101008001000a2837741400b2a2053001800a5271f
:101018007f75400f212080021800a28f6666173c5a
:101028006766f726ffff422440180200211062007d
:1010380018005700c317020010b8000083b8170043
:1010480023b8e2020000e22a23b8e20223201700b4
:10105800a17a400f2024047c21204000e463400f43
:10106800212880023000a2af029d023c080f458c67
:101078004265400f3000a48f4f004104029d023c9e
:10108800ec40400bfffff7267000a78f01003126c8
:10109800000022820000f38c0400e7241440400b77
:1010a8007000a7af010002247f00e0121000a2a385
:1010b8000200022402000724000104242128000061
:1010c8003844400b100008240049050000210400a2
:1010d80025284901213840002b30e5023cfdc05449
:1010e8001000a2a36300e5122b3084020100e22461
:1010f8002014027cf4ff4814025704007641400b88
:101108001000a8a3010002246200e0121000a2a3ac
:1011180002000724020002244000042421280000c1
:101128005044400b15000824c0480500c0200400a6
:1011380025284901213840002b30e5021c00c05405
:101148001000a7a31700e5122b30840201004224e7
:101158002014027cf4ff4814425704007641400be7
:101168001000a2a33ffd40502000a48f9341400be4
:101178002000042444fe4010200004249f42400b19
:10118800000000004efec052029d043cf743400b95
:101198002000042437fd4010ffff6226b943400bae
:1011a80020000424eaffc050010042241000a7a335
:1011b8007641400b2110e0000c0f448c4265400f33
:1011c8003000a58f01004228ec40400b21b8e20214
:1011d8007000a28f07004424f8ff02242410820024
:1011e800080044247000a4af0000548c5641400b02
:1011f8000400578c7000a28f07004524f8ff0224d2
:101208002428a2000000a48c0400a28c0800a524b5
:101218007000a5af21a08000cdfc410421b840009a
:101228007343400b23a004008c1c422480a81500a3
:1012380021a8a202029d023c0000a48ee463400f94
:10124800100f458c2941400b21208002029d143c3f
:10125800380e9426f441400b212080022b28850269
:10126800d7fca050010042241000a7a37641400bf0
:101278002110e0009effc0500100e2247641400b9f
:101288001000a2a3b142400b2000b6af8e42400b23
:10129800010009240800822e9eff40500200072406
:1012a8007641400b010002241000822e81ff40503d
:1012b800020002247641400b010002240a00822e1b
:1012c800b2fc4010029d043c7641400b0100022410
:020000040000fa
:020000041d01dc
:1012d800e0ffbd271c00bfaf1800beaf21f0a00380
:1012e8001000c0a3c444400b000000001000c293cb
:1012f80021204000c746400f000000001000c293a4
:10130800010042241000c2a31000c2930a00422c1c
:10131800f6ff40140000000050808293010003246f
:101328004408627c508082a321e8c0031c00bf8f60
:101338001800be8f2000bd270800e0030000000051
:10134800e0ffbd271c00bfaf1800beaf21f0a0030f
:101358002000c4af2120a0002118c0002110e00007
:101368002400c4a32800c3a72c00c2a700a0023ce5
:10137800403642241400c2af1000c0a35745400baa
:10138800000000001400c28f0e0042946b0040144d
:10139800000000001400c28f2800c3970e0043a469
:1013a8002800c29711004014000000005280829764
:1013b8000120422c05004010000000005280829756
:1013c8000010422c0300401000000000001002240e
:1013d800528082a7528082971400c38f0e0062a4a5
:1013e80001004224ffff4230528082a72400c293aa
:1013f80004004010000000002000c28f0c004014c0
:10140800000000001400c28f21204000ff000524c6
:101418000c0006244385400f000000001400c28f12
:1014280005000324100043ac4945400b00000000b0
:101438002400c293030003241e0043100000000090
:101448000400432806006010000000000100422844
:1014580031004014000000001f45400b0000000050
:101468000400032420004310000000004945400bfd
:10147800000000001400c28f2000c38f000043ac9e
:101488002400c293020042380100422cff0044307d
:101498001400c38f1800628c0442827c180062ac6e
:1014a8001400c28f01000324100043ac4945400bcf
:1014b800000000001400c28f2000c38f000043ac5e
:1014c8001400c28f180040a01400c28f31010324f9
:1014d800140043ac1400c28f02000324100043ac74
:1014e8004945400b000000001400c38f2000c28f44
:1014f80021206000212840000c000624e47f400fd2
:10150800000000001400c28f05000324100043ac43
:101518004945400b00000000000000001400c28f85
:101528002c00c3970c0043a41000c293208182a30f
:101538001000c2935c45400b000000001400c28fed
:101548001c0042241400c2af1000c29301004224c0
:101558001000c2a31000c2930a00422c89ff401455
:1015680000000000ff00022421e8c0031c00bf8f18
:101578001800be8f2000bd270800e003000000000f
:10158800d8ffbd272400bfaf2000beaf1c00b0affe
:1015980021f0a0031000c0a3a846400b00000000e3
:1015a8001000c29300a0043c80180200c010030081
:1015b8002310430040368324211043001000438c3d
:1015c8000500022424016210000000001000c293ec
:1015d80000a0043c80180200c01003002310430040
:1015e80040368324211043001000438c0400022459
:1015f8001c016210000000001000c29300a0043c0f
:1016080080180200c01003002310430040368324d2
:10161800211043001000428c010003240c004310e9
:10162800000000000100432c3d0060140000000091
:101638000200032474004310000000000300032488
:101648009200431000000000a546400b0000000077
:101658007a5f400f00000000050140100000000004
:101668001000c29300a0043c80180200c0100300c0
:10167800231043004036832421104300100040ac5f
:101688001000c29300a0043c80180200c0100300a0
:101698002310430040368324211043001800428c55
:1016a8000002427cff0042300f00401000000000a2
:1016b8001000c29300a0043c80180200c010030070
:1016c8002310430040368324211043000000428c3d
:1016d8002120400001000524ab5f400f00000000fe
:1016e800a546400b000000001000c29300a0043c77
:1016f80080180200c01003002310430040368324e2
:10170800211043000000428c2120400001000524e4
:10171800ab5f400f00000000a546400b0000000032
:101728001400c22721204000d05f400f00000000b5
:10173800d2004010000000008f5f400f0000000042
:1017480026004010000000001000c2931400c48f4f
:1017580000a0053c80180200c010030023104300bd
:101768004036a32421104300000044ac1000c2936b
:1017780000a0043c80180200c0100300231043009e
:10178800403683242110430002000324100043ac98
:101798001000c29300a0043c80180200c01003008f
:1017a800231043004036832421104300180040a032
:1017b8001000c29300a0033c40366324801002004e
:1017c800c02002002310820021106200310103248e
:1017d800140043aca546400b000000001000c29363
:1017e80000a0043c80180200c0100300231043002e
:1017f800403683242110430001000324100043ac29
:10180800a546400b000000001000d0936477400ffd
:1018180000000000ffff443000a0053c211000023a
:1018280080180200c0100300231043004036a32490
:10183800211043001a0044a41000c293801802002b
:10184800c01003002310430000a0033c403663246b
:101858002110430021204000506f400f000000007d
:101868001000c29300a0043c80180200c0100300be
:10187800231043004036832421104300030003242f
:10188800100043aca546400b000000001000c293b6
:1018980080180200c01003002310430000a0033c7e
:1018a80040366324212043001000c29380180200b0
:1018b800c01003002310430000a0033c40366324fb
:1018c800211043000400422421284000896f400f62
:1018d8000000000055004014000000006477400f2d
:1018e80000000000ffff4230212040001000c2939a
:1018f80000a0053c80180200c0100300231043001c
:101908004036a324211043001a0042942318820071
:101918001000c29300a0043c4036842480100200ca
:10192800c02802002310a200211082001400428c5b
:10193800ffff42302a10430053004010000000000f
:101948001000c29300a0043c80180200c0100300dd
:10195800231043004036832421104300180042908e
:101968000600422c26004010000000001000c3931f
:1019780000a0053c2110600080200200c010040077
:10198800231044004036a42421104400180042903b
:1019980001004224ff00443000a0053c21106000f3
:1019a80080180200c0100300231043004036a3240f
:1019b80021104300180044a01000c5931000c293e2
:1019c80000a0033c4036632480100200c0200200bf
:1019d80023108200211062001400428c401802007b
:1019e80000a0023c403644242110a00080100200d0
:1019f800c02802002310a20021108200140043ac6a
:101a08001000c29300a0043c80180200c01003001c
:101a1800231043004036832421104300020003248e
:101a2800100043aca546400b000000001000c29314
:101a380000a0043c80180200c010030023104300db
:101a4800403683242110430005000324100043acd2
:101a5800a546400b0000000000000000a546400b12
:101a68000000000000000000a546400b0000000038
:101a780000000000a546400b000000000000000028
:101a8800a546400b00000000000000001000c293b3
:101a9800010042241000c2a31000c2930a00422c85
:101aa800bffe40140000000021e8c0032400bf8fdf
:101ab8002000be8f1c00b08f2800bd270800e0035f
:101ac80000000000f8ffbd270400beaf21f0a0030e
:101ad800211080000800c2a30800c29300a0043ca3
:101ae80080180200c01003002310430040368324ee
:101af800211043001000428c050042380100422c9e
:101b080021e8c0030400be8f0800bd270800e003d9
:101b180000000000f8ffbd270400beaf21f0a003bd
:101b2800211080000800c2a30800c2930a00422cba
:101b38001c004010000000000800c29300a0043cf4
:101b480080180200c010030023104300403683248d
:101b5800211043000e0040a40800c29300a0043cda
:101b680080180200c010030023104300403683246d
:101b780021104300000040ac0800c29300a0043cc0
:101b880080180200c010030023104300403683244d
:101b98002110430004000324100043acec46400b22
:101ba800000000000000000021e8c0030400be8f10
:101bb8000800bd270800e00300000000e0ffbd2783
:101bc8001c00bfaf1800beaf1400b0af21f0a003d7
:101bd800211080002000c2a72000d097af5c400fe2
:101be80000000000211002022a00422421204000a7
:101bf800d35c400f000000002000c2974c8082a7f1
:101c080021e8c0031c00bf8f1800be8f1400b08fde
:101c18002000bd270800e00300000000e8ffbd2702
:101c28001400bfaf1000beaf21f0a0032110800048
:101c38001800c2a71800c29708004224ffff4230cc
:101c4800212040007178400f000000001800c29762
:101c58004e8082a721e8c0031400bf8f1000be8ffa
:101c68001800bd270800e00300000000e8ffbd27ba
:101c78001400bfaf1000beaf21f0a00321108000f8
:101c88001800c2a3e15c400f0000000004004014eb
:101c980000000000211000003a47400b000000003f
:101ca8001c8082931800c393070062100000000094
:101cb8001800c2931c8082a3228180a721200000e3
:101cc800f146400f000000001800c293208182a353
:101cd80022818297c005032423106200ffff42304f
:101ce80021e8c0031400bf8f1000be8f1800bd2765
:101cf8000800e00300000000e8ffbd271400bfafa4
:101d08001000beaf21f0a003211080001800c2a36c
:101d18004c808297c005422c04004014000000004b
:101d2800211000005d47400b000000001800c2931e
:101d380021204000505d400f000000004c80829739
:101d480001004224ffff42304c8082a74c808397d9
:101d5800228182972b1043000300401000000000ee
:101d68004c808297228182a70100022421e8c003c7
:101d78001400bf8f1000be8f1800bd270800e003b5
:101d880000000000e0ffbd271c00bfaf1800beaf79
:101d980021f0a0032000c4af2110a0002400c2a796
:101da8004c808297c0050324231062001000c2a74c
:101db8001000c3972400c2972b1062000300401044
:101dc800000000001000c2972400c2a74c8083972f
:101dd8002400c29721106200ffff42304c8082a786
:101de8004c808397228182972b1043000300401078
:101df800000000004c808297228182a72400c297ad
:101e08002000c48f212840005f5d400f00000000c3
:101e18002400c29721e8c0031c00bf8f1800be8fa2
:101e28002000bd270800e00300000000e8ffbd27f0
:101e38001400bfaf1000beaf21f0a0031800c4af5c
:101e48001800c28f212040003e80400f0000000093
:101e5800ffff42301800c48f212840006347400f1d
:101e6800000000001800c38f2110620021e8c003a1
:101e78001400bf8f1000be8f1800bd270800e003b4
:101e880000000000c0ffbd273c00bfaf3800beaf58
:101e980021f0a0032081829380100200c018020064
:101ea8002318620000a0023c403642242110620040
:101eb8001000c2af22818297080042241400c2a7f2
:101ec8001000c28f0e00429421204000d651400fce
:101ed800000000001c00c2a71000c28f0c00429432
:101ee80021204000d651400f000000001e00c2a76c
:101ef8001400c29721204000d651400f0000000076
:101f08002000c2a72200c0a700a0023c003843243a
:101f18000300638821206000003844982110800065
:101f28002400c2af1000c28f0000428c2800c2af4c
:101f38002c00c0a3110002242d00c2a31400c297d4
:101f48002e00c2a72e00c29721204000d651400f74
:101f5800000000002e00c2a72400c2272120400054
:101f68000c0005242352400f000000002710020037
:101f7800ffff42302200c2a7af5c400f0000000004
:101f88000e00422421204000d35c400f00000000d6
:101f98001000c38f1400c29721206000110005248f
:101fa800213040002678400f000000001c00c227a6
:101fb80021204000080005245f5d400f000000005c
:101fc800af5c400f000000002200422421204000a6
:101fd8007e5e400f000000001800c2af1400c297d8
:101fe80021204000fc5e400f000000003000c2a726
:101ff8003000c2970300401400000000ffff0224d5
:102008003000c2a71800c48f7e5e400f0000000099
:10201800af5c400f0000000028004224212040004f
:10202800d35c400f000000003000c2272120400090
:10203800020005245f5d400f00000000b05d400f06
:1020480000000000228180a7ffff02241c8082a3d9
:1020580021e8c0033c00bf8f3800be8f4000bd2779
:102068000800e00300000000e8ffbd271400bfaf30
:102078001000beaf21f0a003211080001800c2a3f9
:102088001800c293208182a31d8082931800c393f5
:102098000400621000000000211000003a48400bc4
:1020a800000000005080829301004230ff0042305f
:1020b8000700401000000000508082930400027c5a
:1020c800508082a3212000000947400f0000000033
:1020d800248183974e80829723106200ffff42304d
:1020e80021e8c0031400bf8f1000be8f1800bd2761
:1020f8000800e00300000000e8ffbd271400bfafa0
:102108001000beaf21f0a0031800c4af4e80839723
:10211800248182972b106200050040100000000007
:102128001d808393208182930400621000000000c8
:10213800211000005b48400b000000008c5e400f3f
:1021480000000000211840001800c28f000043a0c2
:102158004e80829701004224ffff42304e8082a7c2
:102168000100022421e8c0031400bf8f1000be8fb5
:102178001800bd270800e00300000000e0ffbd27ad
:102188001c00bfaf1800beaf21f0a0032000c4aff1
:102198002110a0002400c2a74e8083972481829733
:1021a8002b10620005004010000000001d80839382
:1021b80020818293040062100000000021100000ba
:1021c8008b48400b00000000248183974e80829743
:1021d800231062001000c2a71000c3972400c29702
:1021e8002b10620003004010000000001000c2978e
:1021f8002400c2a72400c2972000c48f21284000d1
:10220800995e400f000000002400c2a74e8083970b
:102218002400c29721106200ffff42304e8082a73f
:102228002400c29721e8c0031c00bf8f1800be8f8e
:102238002000bd270800e00300000000e8ffbd27dc
:102248001400bfaf1000beaf21f0a00350808293ee
:1022580002004230ff0042300a0040140000000033
:10226800cc5d400f00000000248180a7ffff0224fe
:102278001d8082a350808293010003244408627c5d
:10228800508082a321e8c0031400bf8f1000be8fc6
:102298001800bd270800e00300000000c8ffbd27a4
:1022a8003400bfaf3000beaf21f0a0033800c4af88
:1022b8003c00c5af2110c0004000c2a7248180a700
:1022c8001400c2272120400008000524995e400f11
:1022d800000000001400c29721204000d651400f92
:1022e800000000001400c2a71600c2972120400079
:1022f800d651400f000000001600c2a71800c29770
:1023080021204000d651400f00000000f8ff422471
:10231800ffff42301800c2a71a00c2972d004010d4
:10232800000000003800c28f0300438821206000ad
:1023380000004498211080001c00c2af3c00c28fee
:102348000000428c2000c2af2400c0a31100022468
:102358002500c2a34000c2972600c2a72600c29744
:1023680021204000d651400f000000002600c2a7df
:102378001c00c227212040000c0005242352400fd6
:102388000000000027100200ffff42302800c2a70b
:10239800212000007178400f000000004000c29723
:1023a80021204000fc5e400f000000002a00c2a768
:1023b8002800c3972a00c297060062100000000098
:1023c800cc5d400f00000000211000001349400bb5
:1023d800000000001400c227212040003800c58feb
:1023e8003c00c68f1949400f000000001000c2a32e
:1023f8001000c393ff0002240600621400000000ce
:10240800cc5d400f00000000211000001349400b74
:10241800000000001000c2931d8082a31800c2971c
:10242800248182a750808293010003240400627ce7
:10243800508082a3508082934408027c508082a3fb
:102448000100022421e8c0033400bf8f3000be8f92
:102458003800bd270800e00300000000e0ffbd27aa
:102468001c00bfaf1800beaf21f0a0032000c4af0e
:102478002400c5af2800c6af2400c28f03004388dc
:102488000000439800a0023c0038442403008488dc
:1024980021288000003845982110a000040062140b
:1024a80000000000ff0002247149400b00000000fa
:1024b800ffff02241100c2a300a0023c40364224c0
:1024c8001400c2af1000c0a35649400b0000000022
:1024d8001400c28f0e0043942000c28f0200429461
:1024e80015006214000000001400c28f0c00439411
:1024f8002000c28f000042940d006214000000000a
:102508001400c28f0000438c2400c28f030044884b
:1025180021288000000045982110a00004006214c2
:10252800000000001000c2937149400b0000000039
:102538001000c2931100c2a31400c28f1c004224d1
:102548001400c2af1000c293010042241000c2a3bd
:102558001000c2930a00422cddff40140000000066
:102568001100c393ff000224130062100000000052
:102578001100c29380100200c018020023186200e4
:1025880000a0023c40364224211062001400c2af71
:102598001400c28f212040002400c58f0a000624a1
:1025a800e47f400f000000002000c28f0000439429
:1025b8001400c28f0c0043a41100c29321e8c00389
:1025c8001c00bf8f1800be8f2000bd270800e00345
:1025d80000000000d8ffbd272400bfaf2000beaf19
:1025e80021f0a0032881828f010003241400c3afc7
:1025f8001800c2af1400c48f1800c58f2a88400f76
:10260800000000009d89400f000000001c00c2a7c8
:102618001c00c28f080042300a0040100000000071
:102628002881828f212000002128400000120624e2
:10263800d188400f000000001000c0af9549400b42
:1026480000000000080002241000c2af1000c28f72
:1026580021e8c0032400bf8f2000be8f2800bd27bb
:102668000800e00300000000f0ffbd270c00beaf2b
:1026780021f0a003c0bf023cf02f438c0001023cb4
:10268800241062000100422c0000c2afc0bf023c0f
:10269800f02f438c0002023c24106200040040101a
:1026a8000000000021100000af49400b00000000ae
:1026b800020002240000c38f251062000000c2af90
:1026c8000000c28f21e8c0030c00be8f1000bd2798
:1026d8000800e00300000000c8ffbd273400bfafba
:1026e8003000beaf21f0a0033800c4af3c00c5af36
:1026f8004000c6af9c49400f000000001400c2af64
:102708003c00c28f1000423005004010000000005d
:102718001400c28f3c00c2afd449400b0000000037
:102728003c00c28f030042301800c2af1800c38fac
:102738001400c28f04006210000000000f00022481
:10274800ea4a400b00000000de80400f0000000055
:10275800288182af3800c28fc00042300500401087
:10276800000000003800c38ffeff0224241062001e
:102778003800c2af3800c28f010042300500401453
:10278800000000003800c38ffffe022424106200fe
:102798003800c2af3c00c28f01004230ff00423017
:1027a800040040100000000000040224f049400b1f
:1027b80000000000211000003800c38f25106200bf
:1027c8003800c2af064d400f00000000e780400f00
:1027d80000000000c404033c00b464342128400015
:1027e8004d86400f00000000b44d400f000000006f
:1027f80004004014000000000d000224ea4a400bc7
:10280800000000003800c28f060042300400401467
:10281800000000003800c28f040042343800c2af04
:102828003800c28f18004230040040140000000035
:102838003800c28f100042343800c2af3800c28f4f
:1028480001004230ff004230290040100000000023
:10285800080002241200c2a73800c28f08004230c4
:102868000f004010000000003800c28f0200423004
:1028780004004010000000001200c29700404234db
:102888001200c2a73800c28f040042300400401072
:10289800000000001200c297002042341200c2a7b4
:1028a8003800c28f1000423029004010000000009c
:1028b8003800c28f020042300400401000000000bf
:1028c8001200c297001042341200c2a73800c28f0b
:1028d800040042301e004010000000001200c297a1
:1028e800000842341200c2a7564a400b00000000fc
:1028f8003800c28f080042300c0040100000000071
:102908003800c28f0200423004004010000000006e
:10291800004002244a4a400b000000000020022424
:102928001200c2a7564a400b000000003800c28fb0
:102938000200423004004010000000000010022491
:10294800554a400b00000000000802241200c2a7ec
:102958002881828f010003242800c3af2c00c2af56
:102968002800c48f2c00c58f2a88400f0000000063
:102978009d89400f000000001c00c2a71200c287fa
:1029880008784230201e027c1c00c2872410620096
:102998002016027c1e00c2a71e00c2970078423093
:1029a80004004014000000000e000224ea4a400b14
:1029b800000000003c00c48f9880400f0000000019
:1029c8002000c2af2000c28f0400401000000000a9
:1029d8002000c28fea4a400b000000003800c48f74
:1029e800aa80400f000000002000c2af2000c28f64
:1029f80004004010000000002000c28fea4a400b8b
:102a0800000000001e00c297080042301c00401061
:102a1800000000001e00c297c2120200ffff4230f1
:102a2800401102002016027ce00342302016027c8e
:102a3800010042342016027c2400c2a72400c29759
:102a4800000442342400c2a72400c297000842347c
:102a58002400c2a72881838f2400c297040004247d
:102a68002128600021304000d188400f000000007c
:102a78007749400f00000000bf4a400b00000000eb
:102a88001000c0a71e00c29700604230040040102a
:102a9800000000001000c297002042341000c2a7b6
:102aa8001e00c29700504230040040100000000091
:102ab8001000c297000142341000c2a73800c28f2c
:102ac8008000423004004010000000001000c2974f
:102ad800004042341000c2a72881838f1000c2979b
:102ae800212000002128600021304000d188400fbb
:102af800000000003800c38fe0ff022424106200a9
:102b08003800c2af1e00c2970800423004004010cf
:102b1800000000003800c28f010042343800c2af04
:102b28001e00c29700604230040040100000000000
:102b38003800c28f080042343800c2af1e00c29766
:102b48000018423004004010000000003800c28f16
:102b5800100042343800c2af1e00c2970050423005
:102b680004004010000000003800c28f0200423408
:102b78003800c2af1e00c29700284230040040103f
:102b8800000000003800c28f040042343800c2af91
:102b98004000c28f3800c38f000043ac21100000f2
:102ba80021e8c0033400bf8f3000be8f3800bd2736
:102bb8000800e00300000000a0ffbd275c00bfafd5
:102bc8005800beaf21f0a0036000c4af2881828ff7
:102bd8001c00c0af2000c2af1c00c48f2000c58fee
:102be8002a88400f000000009d89400f0000000067
:102bf8004c00c2a74c00c28f001042306600401043
:102c0800000000002881828f2400c0af2800c2afd6
:102c18002400c48f2800c58f2a88400f00000000b8
:102c28009d89400f000000004c00c2a72881828fb8
:102c3800010003242c00c3af3000c2af2c00c48fa6
:102c48003000c58f2a88400f000000009d89400f82
:102c5800000000005000c2a76000c28f4e00401064
:102c6800000000004c00c28f000242301d004010de
:102c780000000000409c02341400c2af408a400f9c
:102c8800000000001800c2af2881828f3400c0af56
:102c98003800c2af3400c48f3800c58f2a88400f6f
:102ca800000000009d89400f000000004c00c2a7f2
:102cb8004c00c28f000242300a00401000000000a1
:102cc800408a400f00000000211840001800c28f01
:102cd800231862001400c28f2b106200eaff401410
:102ce800000000004c00c28f000242302a0040144d
:102cf80000000000c404023c00b442341400c2af17
:102d0800408a400f000000001800c2af2881828f5f
:102d1800010003243c00c3af4000c2af3c00c48f95
:102d28004000c58f2a88400f000000009d89400f91
:102d3800000000005000c2a75000c28f200042309f
:102d48000a00401400000000408a400f0000000004
:102d5800211840001800c28f231862001400c28f87
:102d68002b106200e9ff4014000000002881828fc8
:102d7800010003244400c3af4800c2af4400c48f1d
:102d88004800c58f2a88400f000000009d89400f29
:102d9800000000005000c2a74c00c28f0010423053
:102da8000500401400000000090002241000c2af12
:102db800814b400b000000004c00c28f00024230e3
:102dc80005004010000000000a0002241000c2aff5
:102dd800814b400b000000005000c28f20004230a1
:102de80004004014000000000b000224804b400b3c
:102df80000000000211000001000c2af1000c28fb8
:102e080021e8c0035c00bf8f5800be8f6000bd275b
:102e18000800e0030000000098ffbd276400bfaf72
:102e28006000beaf21f0a0036800c4af6c00c5af5e
:102e38001400c0af1800c0af2881828f010003249e
:102e48002c00c3af3000c2af2c00c48f3000c58f38
:102e58002a88400f000000009d89400f00000000f4
:102e68004c00c2a74c00c28f20004230050040141d
:102e780000000000001002241000c2af464c400bb6
:102e8800000000004c00c28f0400423004004014cf
:102e9800000000001000c0af464c400b00000000ce
:102ea800010002241000c2af010002242400c2afb6
:102eb800010002242800c2af2000c0af2000c28f4a
:102ec8001c00c2af200002245400c2a72881828fb0
:102ed800060003243400c3af3800c2af3400c48fe7
:102ee8003800c58f2a88400f000000009d89400fd8
:102ef800000000005000c2a75000c28f01004230fd
:102f080027004010000000002881828f050003245c
:102f18003c00c3af4000c2af3c00c48f4000c58f27
:102f28002a88400f000000009d89400f0000000023
:102f38005400c2a75400c28f002042300400401041
:102f4800000000001000c28f040042341000c2af1d
:102f58005400c28f000442300600401000000000f8
:102f68001000c28f100042341000c2af01000224ca
:102f78001c00c2af5400c28f00084230120040103b
:102f8800000000001000c28f200042341000c2afc1
:102f9800010002242000c2aff44b400b00000000e7
:102fa8001000c28f020042341000c2af5000c28f1e
:102fb8001000423004004010000000001000c28fd2
:102fc800080042341000c2af2881828f0400032415
:102fd8004400c3af4800c2af4400c48f4800c58f47
:102fe8002a88400f000000009d89400f0000000063
:102ff8005800c2a75800c3975400c2972410620013
:10300800ffff42305800c2a75800c2970001423063
:1030180005004010000000000a0002241400c2af9e
:103028002b4c400b000000005800c2978000423033
:1030380005004010000000000c0002241400c2af7c
:103048002b4c400b000000005800c2974000423053
:103058000500401000000000120002241400c2af56
:103068002b4c400b000000005800c2972000423053
:103078000500401000000000140002241400c2af34
:103088002b4c400b000000001000c28f002042347f
:103098001000c2af1000c38ffeff0224241062008c
:1030a8001000c2af1400c28f020042301800401056
:1030b800000000002800c38f2000c28f241862007f
:1030c8002400c28f251862001c00c28f24106200e1
:1030d8000300401000000000040002241800c2afe2
:1030e8002800c38f2000c28f241862001c00c28fe2
:1030f800251862002400c28f2410620004004010ca
:10310800000000001800c28f080042341800c2af47
:103118006800c28f04004010000000006800c28fe1
:103128001400c38f000043ac6c00c28f0400401031
:10313800000000006c00c28f1800c38f000043ac71
:103148001000c28f21e8c0036400bf8f6000be8feb
:103158006800bd270800e00300000000c8ffbd2785
:103168003400bfaf3000beaf21f0a0033800c4afb9
:103178002881828f010003241000c3af1400c2af5e
:103188001000c48f1400c58f2a88400f000000006b
:103198009d89400f000000002400c2a72400c28fb0
:1031a800040042300f004014000000003800c28fb5
:1031b8000c004010000000002881828f01000324c9
:1031c8001800c3af1c00c2af1800c48f1c00c58f05
:1031d8002a88400f000000009d89400f0000000071
:1031e8002400c2a72400c28f2800c2af2800c28fc3
:1031f800040042302b1002002000c2af2800c28f0a
:103208001000423004004010000000002000c28f6f
:10321800040042342000c2af2000c28f21e8c0035e
:103228003400bf8f3000be8f3800bd270800e00390
:1032380000000000c8ffbd273400bfaf3000beaf9c
:1032480021f0a0033800c4af2881828f212000001c
:103258002128400000800634d188400f000000007b
:103268003800c28f2f004010000000003101023cde
:10327800002d42341000c2af408a400f0000000009
:103288001400c2af2881828f1800c0af1c00c2afe3
:103298001800c48f1c00c58f2a88400f000000004a
:1032a8009d89400f000000002800c2a72800c28f97
:1032b800008042300a00401000000000408a400fa1
:1032c80000000000211840001400c28f231862007b
:1032d8001000c28f2b106200eaff401400000000ab
:1032e8002881828f2000c0af2400c2af2000c48f85
:1032f8002400c58f2a88400f000000009d89400fd8
:10330800000000002800c2a72800c28f00804230b9
:10331800040040100000000021100000cc4c400bbd
:10332800000000000100022421e8c0033400bf8f20
:103338003000be8f3800bd270800e0030000000001
:10334800e8ffbd271400bfaf1000beaf21f0a003f7
:103358002881828f0100042421284000fa88400f28
:103368000000000021e8c0031400bf8f1000be8fca
:103378001800bd270800e00300000000d8ffbd27a3
:103388002400bfaf2000beaf21f0a003c489400fc6
:10339800000000001400c2a71400c28f1800c2afba
:1033a8001800c28f040042302b1002001000c2af78
:1033b8001800c28f100042300400401000000000c6
:1033c8001000c28f040042341000c2af1000c28f38
:1033d80021e8c0032400bf8f2000be8f2800bd272e
:1033e8000800e00300000000f8ffbd270400beaf9e
:1033f80021f0a00389bf023c909240ac21e8c003b1
:103408000400be8f0800bd270800e003000000008c
:10341800e0ffbd271c00bfaf1800beaf21f0a0031e
:10342800c0bf023cf02f428c1000c2af1000c38f07
:103438000002023c2410620050004010000000000e
:1034480003000424000805244a88400f00000000f7
:1034580003000424000105243a88400f00000000fe
:1034680003000424400005244a88400f000000009f
:1034780005000424020005244a88400f00000000cb
:1034880005000424010005244a88400f00000000bc
:1034980006000424000205243a88400f00000000ba
:1034a80006000424000105243a88400f00000000ab
:1034b80001000424001005243a88400f0000000091
:1034c80001000424002005243a88400f0000000071
:1034d80001000424000805243a88400f0000000079
:1034e8001000c38f0001023c2410620070004010dd
:1034f8000000000003000424800005243a88400fdf
:103508000000000003000424001005244a88400f2e
:103518000000000003000424002005244a88400f0e
:103528000000000006000424020005244a88400f19
:103538000000000001000424004005243a88400fe0
:103548000000000001000424008005343a88400f80
:103558000000000006000424800005243a88400f7b
:103568000000000006000424400005243a88400fab
:1035780000000000ae4d400b0000000003000424d2
:10358800000805244a88400f0000000003000424b6
:10359800000105243a88400f0000000021200000a7
:1035a800008005344a88400f00000000030004240e
:1035b800004005244a88400f00000000030004244e
:1035c800008005344a88400f0000000006000424eb
:1035d800000205243a88400f000000000600042479
:1035e800000105243a88400f00000000040004246c
:1035f800000105243a88400f00000000040004245c
:10360800000205243a88400f000000000600042448
:10361800008005343a88400f000000001000c38f76
:103628000001023c2410620021004010000000004c
:1036380021200000004005243a88400f00000000c7
:1036480001000424008005344a88400f000000006f
:1036580001000424004005244a88400f00000000af
:1036680001000424000805244a88400f00000000d7
:1036780021200000000205243a88400f00000000c5
:1036880021200000000405243a88400f00000000b3
:1036980001000424001005243a88400f00000000af
:1036a80001000424002005243a88400f000000008f
:1036b80021e8c0031c00bf8f1800be8f2000bd2763
:1036c8000800e00300000000b0ffbd274c00bfafba
:1036d8004800beaf21f0a0032881828f1800c0af38
:1036e8001c00c2af1800c48f1c00c58f2a88400f69
:1036f800000000009d89400f000000004000c2a7a4
:103708004000c28f008042302f00401000000000af
:103718003101023c002d42341000c2af408a400ff4
:10372800000000001400c2af2881828f2000c0afc3
:103738002400c2af2000c48f2400c58f2a88400f00
:10374800000000009d89400f000000004000c2a753
:103758004000c28f008042300a0040100000000084
:10376800408a400f00000000211840001400c28f5a
:10377800231862001000c28f2b106200eaff401469
:10378800000000002881828f2800c0af2c00c2af43
:103798002800c48f2c00c58f2a88400f0000000025
:1037a8009d89400f000000004000c2a74000c28f62
:1037b800008042300400401000000000211000008a
:1037c800324e400b000000002881828f212000002b
:1037d8002128400000440624d188400f0000000042
:1037e8002881828f3000c0af3400c2af3000c48f50
:1037f8003400c58f2a88400f000000009d89400fc3
:10380800000000004000c2a74000c28f00404230c4
:1038180005004010000000004000c28f0004423044
:10382800040040140000000021100000324e400b3c
:10383800000000004000c29700444238ffff4230b9
:103848004000c2a72881838f4000c2972120000032
:103858002128600021304000d188400f000000007e
:103868002881828f3800c0af3c00c2af3800c48fb7
:103878003c00c58f2a88400f000000009d89400f3a
:10388800000000004000c2a74000c28f0040423044
:1038980005004014000000004000c28f00044230c0
:1038a800040040100000000021100000324e400bc0
:1038b80000000000010004248f4c400f00000000ad
:1038c80021e8c0034c00bf8f4800be8f5000bd27c1
:1038d8000800e00300000000e0ffbd271c00bfafa8
:1038e8001800beaf21f0a0032000c4af0c80828f67
:1038f8001400c2af2000c28f030040140000000073
:10390800010002242000c2af2000c28f0c8082afc9
:103918001000c0a34e4e400b00000000594e400f4f
:10392800000000001000c293010042241000c2a34e
:103938001000c2931000422cf8ff40140000000051
:103948001400c28f21e8c0031c00bf8f1800be8f6f
:103958002000bd270800e00300000000f0ffbd279d
:103968000c00beaf21f0a0030000c0a36c4e400bba
:10397800000000000c80828f421802000c80828fa9
:10398800010042302320020000d0023c01004234f2
:1039980024108200261062000c8082af0000c293bf
:1039a800010042240000c2a30000c2930f00422c71
:1039b800f0ff4014000000000c80828fffff4230af
:1039c80021e8c0030c00be8f1000bd270800e003eb
:1039d80000000000c0ffbd273c00bfaf3800beafed
:1039e8003400b0af21f0a00381bf023c0090428cac
:1039f8001800c2a781bf023c1090428c1a00c2a7cf
:103a080081bf023c2090428c1c00c2a780bf023cb0
:103a18000006428c1e00c2a780bf023c2006428cd2
:103a28002000c2a781bf023c009040ac81bf023c8d
:103a3800009f0334209043ac81bf023c3f00032425
:103a4800109043ac81bf023ce4800334009043ac47
:103a580080bf023c00800334000643ac80bf023cb8
:103a6800ffff0334200643ac1000c0a31400c0af0e
:103a78001200c0a7594e400f000000002800c2af36
:103a8800a54e400b000000000000000080bf023c73
:103a980001000324080043ac0000000088bf023c7a
:103aa8004010428c02004230fcff40100000000031
:103ab80080bf023c1006428c2200c2a780bf023c95
:103ac800100640ac88bf023c02000324441043acfb
:103ad800594e400f000000002400c2a72200c297e0
:103ae8001400c38f211062001400c2af1400c38fea
:103af800c404023c00b442342b1062000f0040148e
:103b0800000000002800d097594e400f0000000028
:103b180026100202ffff42302800c2a72a00d097d1
:103b2800594e400f0000000026100202ffff4230ed
:103b38002a00c2a7f54e400b000000001200c397f0
:103b48002200c29704006214000000000000000078
:103b5800a54e400b000000002400c3971200c49734
:103b68002200c29723108200211062002120400009
:103b7800384e400f000000002200c2971200c2a772
:103b88002800c28f401002002800c2af594e400fd3
:103b980000000000800042300500401000000000d6
:103ba8002800c29701004234ffff42302800c2a714
:103bb8001000c293010042241000c2a31000c29357
:103bc800b1ff4014000000000000000081bf023c6b
:103bd800009040ac1c00c39781bf023c209043acce
:103be8001a00c39781bf023c109043ac1800c397da
:103bf80081bf023c009043ac1e00c39780bf023ccb
:103c0800000643ac2000c39780bf023c200643acab
:103c18002800c28f21e8c0033c00bf8f3800be8f48
:103c28003400b08f4000bd270800e003000000000a
:103c3800f0ffbd270c00beaf21f0a0031000c4aff9
:103c48001400c5af0000c0a30100c0a30400c0afaa
:103c5800a34f400b000000000100c2930400422c57
:103c680095004010000000000200c293d0ff4224db
:103c78000200c2a30000c293080040140000000024
:103c88000200c2930a00422c760040140000000093
:103c980021100000f14f400b000000000000c3930a
:103ca8000300022436006214000000000200c393df
:103cb800fe00022404006210000000002110000031
:103cc800f14f400b000000000400c38f0200023ccb
:103cd800060542342b106200040040140000000066
:103ce80021100000f14f400b000000000100c493b8
:103cf8000600c293801002002118400080280300ab
:103d0800211840002110a000211062002118400055
:103d180080280300211840002110a0002110620013
:103d2800ff0043300500c2934010020021284000e4
:103d380080300500212840002110c0002110a20079
:103d4800ff00423021106200ff0043300400c2939c
:103d580021106200ff0043301400c28f211044007c
:103d6800000043a00100c293010042240100c2a345
:103d78000000c0a30400c0afa34f400b0000000028
:103d88000200c393fe0002242f006214000000000a
:103d98000400c38f0200023c060542342b10620067
:103da800040040140000000021100000f14f400bf7
:103db800000000000100c4930600c29380100200b6
:103dc8002118400080280300211840002110a0007d
:103dd80021106200211840008028030021184000ab
:103de8002110a00021106200ff0043300500c2939b
:103df80040100200212840008030050021284000a2
:103e08002110c0002110a200ff00423021106200e2
:103e1800ff0043300400c29321106200ff004330ca
:103e28001400c28f21104400000043a00100c29377
:103e3800010042240100c2a30000c0a30400c0afd7
:103e4800a34f400b000000000200c2930a00422c5e
:103e5800040040140000000021100000f14f400b46
:103e6800000000000000c293010042240000c2a329
:103e78000400c28f001202000400c2af0200c29305
:103e88000400c2a31000c28f000042900200c2a327
:103e98000200c2932b100200ff0042301000c38fb3
:103ea800010063241000c3af6bff40140000000042
:103eb800b14f400b00000000000000000200c29358
:103ec80018004010000000000200c3932f000224d5
:103ed80014006210000000000200c3930d000224c9
:103ee80010006210000000000200c3930a000224c0
:103ef8000c006210000000000200c393200002249e
:103f080008006210000000000200c39309000224a8
:103f1800040062100000000021100000f14f400b67
:103f2800000000000400c38f0200023c0605423472
:103f38002b10620004004014000000002110000053
:103f4800f14f400b000000000600c29380100200f1
:103f58002118400080200300211840002110800013
:103f68002110620021184000802003002118400021
:103f78002110800021106200ff0043300500c29329
:103f88004010020021204000802804002120400029
:103f98002110a00021108200ff0042302110620091
:103fa800ff0043300400c29321106200ff00433039
:103fb8001400c28f030043a00100022421e8c003bb
:103fc8000c00be8f1000bd270800e00300000000b1
:103fd800f0ffbd270c00beaf21f0a0031000c4af56
:103fe8002118a0001800c6af2110e0001400c3a7d4
:103ff8001c00c2a70100c0a30200c0a7aa50400b22
:10400800000000001000c28f000042900000c2a310
:104018001000c28f010042241000c2af0000c293fa
:104028004100422c0a004014000000000000c29326
:104038005b00422c06004010000000000000c29304
:10404800bfff42240000c2a34650400b00000000fe
:104058000000c2936100422c0a00401400000000d6
:104068000000c2937b00422c0600401000000000b4
:104078000000c293b9ff42240000c2a34650400b7f
:10408800000000000000c2933000422c0a004014d7
:10409800000000000000c2933a00422c06004010c5
:1040a800000000000000c293040042240000c2a3e4
:1040b8004650400b000000000000c3932b00022470
:1040c80005006210000000000000c3932d000224c8
:1040d80005006214000000003e0002240000c2a394
:1040e8004650400b000000000000c3932f0002243c
:1040f80005006210000000000000c3935f00022466
:1041080066006214000000003f0002240000c2a301
:104118000100c29313004014000000000100c29384
:10412800010042240100c2a30200c3971c00c297e9
:104138002b10620064004010000000000200c297cb
:10414800010042240200c2a70000c29380100200ae
:10415800ff0043301800c28f000043a0aa50400b54
:10416800000000000100c393010002241e00621435
:10417800000000000100c293010042240100c2a314
:104188001800c28f000044900000c3930219030076
:10419800ff00633025188300ff006330000043a050
:1041a8001800c28f010042241800c2af0200c39752
:1041b8001c00c2972b10620046004010000000004f
:1041c8000200c297010042240200c2a70000c29365
:1041d80000110200ff0043301800c28f000043a006
:1041e800aa50400b000000000100c3930200022403
:1041f8001e006214000000000100c2930100422466
:104208000100c2a31800c28f000044900000c393ad
:1042180082180300ff00633025188300ff00633015
:10422800000043a01800c28f010042241800c2af4a
:104238000200c3971c00c2972b1062002800401090
:10424800000000000200c297010042240200c2a739
:104258000000c29380110200ff0043301800c28f93
:10426800000043a0aa50400b000000000100c0a3ba
:104278001800c28f000044900000c39325188300e3
:10428800ff006330000043a01800c28f01004224e1
:104298001800c2afaa50400b000000000000000048
:1042a8001400c2972b100200ff0042301400c3977d
:1042b800ffff63241400c3a752ff4014000000004e
:1042c800bb50400b0000000000000000bb50400b3a
:1042d8000000000000000000bb50400b0000000080
:1042e800000000000200c29721e8c0030c00be8f46
:1042f8001000bd270800e00300000000e8ffbd270c
:104308001400beaf21f0a003211080001c00c5af2f
:104318001800c2a70400c0af1800c29735004010ab
:10432800000000000000c0a3102702240200c2a75a
:10433800f950400b000000001800c3970200c29714
:104348001b006200f4014000101800001210000069
:104358000800c2a70800c29704004014000000002b
:104368000400c28f13004010000000000800c2972c
:10437800ff00423030004224ff0043301c00c28f4f
:10438800000043a01c00c28f010042241c00c2afe1
:104398000800c3970200c29702106270ffff423004
:1043a8001800c397231062001800c2a70100022456
:1043b8000400c2af0200c397cccc023ccdcc42343f
:1043c8001900620010100000c21002000200c2a70b
:1043d8000000c293010042240000c2a30000c2935f
:1043e8000500422cd4ff4014000000000551400b8a
:1043f800000000001c00c28f30000324000043a00e
:104408001c00c28f010042241c00c2af1c00c28fd6
:10441800000040a021e8c0031400be8f1800bd278b
:104428000800e00300000000f8ffbd270400beaf4d
:1044380021f0a0030800c4a70900c2934700422c3a
:1044480005004014000000000900c293e0ff422468
:10445800ff0042300900c2a30800c2934700422c63
:1044680005004014000000000800c293e0ff422449
:10447800ff0042300800c2a30900c2933a00422c50
:1044880007004014000000000900c293c9ff42243d
:10449800ff0042300900c2a32e51400b000000006b
:1044a8000900c293d0ff4224ff0042300900c2a392
:1044b8000800c2933a00422c070040140000000094
:1044c8000800c293c9ff4224ff0042300800c2a37b
:1044d8003c51400b000000000800c293d0ff42246a
:1044e800ff0042300800c2a30900c2930011020075
:1044f800201c027c0800c2932014027c2510620054
:104508002014027cff00423021e8c0030400be8f63
:104518000800bd270800e00300000000f8ffbd27e1
:104528000400beaf21f0a003211080000800c2a340
:104538000800c293021102000800c2a30800c29337
:104548000a00422c06004014000000000800c29334
:1045580037004224ff0042305d51400b000000004c
:104568000800c29330004224ff00423021e8c00313
:104578000400be8f0800bd270800e003000000000b
:10458800f8ffbd270400beaf21f0a0032110800072
:104598000800c2a30800c2930f0042300800c2a35b
:1045a8000800c2930a00422c0600401400000000d4
:1045b8000800c29337004224ff0042307651400b76
:1045c800000000000800c29330004224ff0042307f
:1045d80021e8c0030400be8f0800bd270800e003df
:1045e80000000000f0ffbd270c00beaf21f0a003c3
:1045f8001000c4af1400c5af1000c28f0000429075
:104608000000c2a31400c28f000042900100c2a3a0
:10461800ba51400b000000000000c2936100422c18
:1046280008004014000000000000c2937b00422ce8
:1046380004004010000000000000c293e0ff422484
:104648000000c2a30100c2936100422c080040147c
:10465800000000000100c2937b00422c04004010bf
:10466800000000000100c293e0ff42240100c2a341
:104678000000c3930100c2932b10430004004010b4
:104688000000000001000224d151400b000000008e
:104698000000c3930100c2932b1062000400401075
:1046a80000000000ffff0224d151400b0000000071
:1046b8001000c28f010042241000c2af1400c28f44
:1046c800010042241400c2af1000c28f00004290c3
:1046d8000000c2a31400c28f000042900100c2a3d0
:1046e8000000c29304004010000000000100c293c3
:1046f800c9ff4014000000000000c3930100c293ea
:104708002b104300040040100000000001000224a8
:10471800d151400b000000000000c3930100c29378
:104728002b1062000400401000000000ffff02246c
:10473800d151400b000000002110000021e8c00307
:104748000c00be8f1000bd270800e0030000000029
:10475800f0ffbd270c00beaf21f0a00321108000a0
:104768001000c2a71000c2970400c2a70500c29398
:104778000000c2a30400c2930500c2a30000c293b4
:104788000400c2a30400c29721e8c0030c00be8f36
:104798001000bd270800e00300000000f8ffbd2757
:1047a8000400beaf21f0a0030800c4af0800c22770
:1047b8000800c327000064900800c3270300639023
:1047c80026188300ff006330000043a00800c227ba
:1047d8000800c327030064900800c3270000639003
:1047e80026188300ff006330030043a00800c22797
:1047f8000800c327000064900800c32703006390e3
:1048080026188300ff006330000043a00800c22779
:104818000800c327010064900800c32702006390c2
:1048280026188300ff006330010043a00800c22758
:104838000800c327020064900800c32701006390a2
:1048480026188300ff006330020043a00800c22737
:104858000800c327010064900800c3270200639082
:1048680026188300ff006330010043a00800c28fb0
:1048780021e8c0030400be8f0800bd270800e0033c
:1048880000000000e8ffbd271400beaf21f0a00320
:104898001800c4af2110a0001c00c2a71c00c297ba
:1048a800421002000000c2a71800c28f0400c2af65
:1048b8000800c0af3952400b000000000800c38f49
:1048c8000400c28f00004294211062000800c2afa9
:1048d8000400c28f020042240400c2af0000c29745
:1048e8002b100200ff0042300000c397ffff632433
:1048f8000000c3a7f1ff4014000000001c00c2978d
:1049080001004230ff004230060040100000000065
:104918000800c38f0400c28f00004290211062007b
:104928000800c2af0800c297211840000a00c297c9
:10493800211062000800c2af0800c3970a00c2979e
:1049480021106200ffff42300800c2a70800c2978a
:1049580027100200ffff423021e8c0031400be8f79
:104968001800bd270800e00300000000f0ffbd2785
:104978000c00beaf21f0a0031000c4af1000c28f1e
:104988000000c2af7852400b000000000400c28350
:10499800610042280d004014000000000400c2839a
:1049a8007b00422809004010000000000000c28f70
:1049b80000004280ff004230e0ff4224ff00423006
:1049c800201c027c0000c28f000043a00000c28fa0
:1049d800010042240000c2af0000c28f00004290d4
:1049e8000400c2a30400c283e8ff401400000000d2
:1049f8001000c28f21e8c0030c00be8f1000bd2735
:104a08000800e00300000000e0ffbd271c00bfaf66
:104a18001800beaf21f0a0032000c4af2000c28f51
:104a28000f004224000040a02000c28f2120400037
:104a38005d52400f000000001000c0a3ac52400bb4
:104a4800000000001000c2932000c38f21106200f4
:104a5800000042901100401400000000a352400bd7
:104a6800000000001000c2932000c38f21106200d4
:104a780020000324000043a01000c2930100422438
:104a88001000c2a31000c2930f00422cf5ff40147f
:104a980000000000b052400b000000001000c2935c
:104aa800010042241000c2a31000c2930f00422c40
:104ab800e4ff40140000000021e8c0031c00bf8f81
:104ac8001800be8f2000bd270800e003000000008a
:104ad800f0ffbd270c00beaf21f0a0031000c4af4b
:104ae8001400c5af2110c0001800c2a3d552400b56
:104af800000000001000c28f000042900000c2a316
:104b08001000c28f010042241000c2af0000c2830f
:104b1800040040140000000021100000de52400b89
:104b2800000000000000c3831800c283070062145d
:104b3800000000001000c28fffff42241000c2af27
:104b48001000c28fde52400b000000001400c28f1c
:104b58002b100200ff0042301400c38fffff6324b4
:104b68001400c3afe3ff4014000000002110000050
:104b780021e8c0030c00be8f1000bd270800e00329
:104b880000000000e8ffbd271400bfaf1000beaf53
:104b980021f0a0031800c4af1800c48f029d023c86
:104ba8009417452407000624bf85400f0000000025
:104bb800040040140000000021100000ff52400bc8
:104bc800000000001800c48f029d023c9c17452479
:104bd80004000624bf85400f0000000004004014b4
:104be8000000000021100000ff52400b00000000f0
:104bf8008000022421e8c0031400bf8f1000be8f7c
:104c08001800bd270800e00300000000e8ffbd27ea
:104c18001400bfaf1000beaf21f0a0031800c4af4e
:104c28001c00c5af1800c28f21204000029d023c25
:104c3800a4174524c982400f000000000c0040144e
:104c4800000000001c00c28f21204000029d023c91
:104c5800a4174524c982400f000000000400401436
:104c680000000000800002241f53400b00000000d9
:104c78002110000021e8c0031400bf8f1000be8f70
:104c88001800bd270800e00300000000b0ffbd27a2
:104c98004c00bfaf4800beaf4400b0af21f0a00346
:104ca8001000c0a31800c0af1c00c0af2000c0a7f0
:104cb8002400c0af2800c0af2c00c0af3000c0af88
:104cc8003400c0af3800c0af3c00c0a300a0023c15
:104cd8006437422418004290211840002400c2275b
:104ce800212060002128400015000624363f400f8f
:104cf800000000002400c22721204000029d023c41
:104d0800a81745240b000624bf85400f00000000ab
:104d1800070040140000000000a0023c6437422451
:104d2800010003241a0043a0b654400b0000000001
:104d38002400c22721204000029d023cb4174524cc
:104d480014000624bf85400f000000000300401433
:104d5800000000008d86400f000000002400c227dc
:104d680021204000029d023cc81745240b00062460
:104d7800bf85400f000000005800401400000000ec
:104d8800029d023cd417422400a0033c88376424c7
:104d9800212840002b2e400f000000001400c2af55
:104da80000a0023c1c0f4224040040a01000c0a335
:104db8001100c0a31400c28f000042901200c2a3c9
:104dc8001200c383200002243d016210000000008d
:104dd8001200c3832c000224140062140000000097
:104de8001100d0931800c227212040006d85400f84
:104df80000000000ff00433000a0023c1c0f4224ca
:104e080021100202000043a000a0023c1c0f432412
:104e18001000628c010004240400827c100062ac43
:104e280000000000b654400b000000001200c383cd
:104e38002e00022418006214000000001100d09314
:104e48001800c227212040006d85400f0000000097
:104e5800ff00433000a0023c1c0f42242110020234
:104e6800000043a01100c293010042241100c2a314
:104e78001000c2931800c3272120600021280000d9
:104e8800213040004385400f000000001000c0a3ff
:104e9800b153400b000000001000c2931400c38ff0
:104ea800000063901000c42721108200080043a06e
:104eb8001000c293010042241000c2a31400c28f44
:104ec800010042241400c2af1400c28f00004290b7
:104ed8001200c2a37253400b000000002400c22736
:104ee80021204000029d023cd817452407000624d3
:104ef800bf85400f00000000f500401400000000ce
:104f0800029d023ce417422400a0033c8837642435
:104f1800212840002b2e400f000000001400c2afd3
:104f28001400c28f00004290bfff42241300432c9c
:104f3800730060100000000080180200019d023c10
:104f48005c4f4224211062000000428c080040009f
:104f580000000000a84f019dcc4f019d0851019d04
:104f68003050019d0851019d0851019d0851019d36
:104f78000851019d0851019d0851019d0851019d4d
:104f88000851019d0851019d5450019d7850019d83
:104f98000851019d0851019d9c50019d1050019d93
:104fa80000a0023c30194324dc00628c0100042478
:104fb8000421827cdc0062ac21100000b754400b55
:104fc8000000000000a0023c30194224dc00428ca2
:104fd8004001427cff00423001004238ff0042306d
:104fe80001004230ff00443000a0023c3019432445
:104ff800dc00628c4429827cdc0062ac2110000059
:10500800b754400b0000000000a0023c30194324b4
:10501800dc00628c0421027cdc0062ac2110000000
:10502800b754400b0000000000a0023c3019432494
:10503800d000628c010004240400827cd00062aca1
:1050480021100000b754400b0000000000a0023cf3
:1050580030194324d000628c010004244429827c46
:10506800d00062ac21100000b754400b00000000d3
:1050780000a0023c30194324d000628c01000424b3
:10508800c439827cd00062ac21100000b754400bb8
:105098000000000000a0023c30194224e60040a4b1
:1050a80000a0023c30194224c80140ac00a0023cd8
:1050b8003019422421180000bc0143ac00a0023c76
:1050c80030194224cc0140ac00a0023c30194224e3
:1050d80021180000c00143ac00a0023c3019422452
:1050e800d00140ac00a0023c301942242118000035
:1050f800c40143ac21100000b754400b000000006d
:105108001400c28f000042901200c2a31400c28f84
:10511800010042241400c2af1400c28f01004224cf
:105128001400c2af1400c28f000042906700401004
:10513800000000001400c28f000043902c000224dd
:1051480054006214000000001200c28349000324c6
:1051580032004310000000004a0043280600601097
:105168000000000043000324130043100000000067
:105178009e54400b000000005000032431004310ef
:10518800000000005600032439004314000000000a
:105198001800c227212040009389400f000000001a
:1051a8002118400000a0023c30194224e00143ac21
:1051b8009e54400b000000001800c2272120400028
:1051c8009389400f00000000212040002565400f12
:1051d800000000001100c2a31100c39301000224c3
:1051e800220062140000000000a0023c3019432491
:1051f800dc00628c010004248431827cdc0062ac17
:1052080000a0023c30194324dc00628c4429027c53
:10521800dc0062ac9e54400b000000001800c2275e
:10522800212040009389400f000000002118400011
:1052380000a0023c30194224e40143ac9e54400bc8
:10524800000000001800c227212040009389400f69
:10525800000000002118400000a0023c3019422440
:10526800e80143ac9e54400b000000000000000021
:105278001800c22721204000212800000900062428
:105288004385400f000000001000c0a34854400ba5
:10529800000000001000c2931400c38f0000639048
:1052a8001000c42721108200080043a01000c293f8
:1052b800010042241000c2a34854400b0000000023
:1052c80000000000b654400b000000000000000081
:1052d8002110000021e8c0034c00bf8f4800be8f9a
:1052e8004400b08f5000bd270800e0030000000014
:1052f800d0ffbd272c00bfaf2800beaf21f0a00310
:1053080000a0023c6437422418004290212040004b
:105318001000c2272128400016000624363f400fff
:10532800000000002110000021e8c0032c00bf8ffe
:105338002800be8f3000bd270800e00300000000f1
:10534800e0ffbd271c00bfaf1800beaf1400b1af0f
:105358001000b0af21f0a00300a0023c6437508ccd
:105368002c8182932118400000a0023cc018030041
:10537800f0374224211062000400429021204000ae
:10538800b106400f00000000218840002c81829364
:105398002118400000a0023cc0180300f037422446
:1053a800211062000400429021204000af08400f05
:1053b80000000000211022022b10500004004010b1
:1053c80000000000211000003055400b00000000d4
:1053d8002c8182932118400000a0023cc0180300d1
:1053e800f03742242110620004004290212040003e
:1053f800b106400f000000002118400000a0023c48
:105408006437428c2b10620021004010000000001d
:10541800010002243055400b0000000000a0023caf
:1054280088374424060005245f2e400f0000000042
:105438000400401000000000211000003055400b0f
:105448000000000000a0023c8e3744245c000524c4
:105458007e2e400f000000000400401000000000f5
:10546800211000003055400b0000000000a0023c55
:105478008837422421204000029d023ce817452439
:10548800c982400f000000002755400b00000000b3
:105498000000000000a0023c6437428cdfff40148b
:1054a8000000000000a0023c643742240c000324e2
:1054b8001c0043ac2110000021e8c0031c00bf8f72
:1054c8001800be8f1400b18f1000b08f2000bd27c8
:1054d8000800e00300000000e8ffbd271400bfaf8c
:1054e8001000beaf21f0a0032c8182932118400048
:1054f80000a0023cc0180300f037422421106200cb
:105508000400429021184000029d023c00184224e9
:1055180021206000212840003706400f00000000cd
:1055280021e8c0031400bf8f1000be8f1800bd27ec
:105538000800e00300000000e0ffbd271c00bfaf2b
:105548001800beaf21f0a0032000c4af1000c0a314
:105558008055400b000000001000c2930c00401062
:10556800000000002c8182932118400000a0023c1a
:10557800c0180300f0374224211062000400429052
:10558800212040002e0005243804400f00000000b0
:105598001000c2932000c32721106200000042902f
:1055a800211840001400c227212060002128400053
:1055b800c150400f000000002c8182932118400048
:1055c80000a0023cc0180300f037422421106200fa
:1055d80004004290211840001400c22721206000d6
:1055e800212840003706400f000000001000c29339
:1055f800010042241000c2a31000c2930400422cf0
:10560800d5ff40140000000021e8c0031c00bf8f34
:105618001800be8f2000bd270800e003000000002e
:10562800e8ffbd271400bfaf1000beaf21f0a003f4
:105638002c8182932118400000a0023cc01803006e
:10564800f0374224211062000400429021204000db
:1056580000a0023c1c3845243706400f000000001b
:1056680021e8c0031400bf8f1000be8f1800bd27ab
:105678000800e00300000000e8ffbd271400bfafea
:105688001000beaf21f0a00300a0023c0038432464
:1056980003006388212060000038449821108000ae
:1056a800212040005055400f0000000021e8c003b1
:1056b8001400bf8f1000be8f1800bd270800e0033c
:1056c80000000000e8ffbd271400bfaf1000beaf08
:1056d80021f0a00300a0023c003842240b004388bc
:1056e80021206000080044982110800021204000fb
:1056f8005055400f0000000021e8c0031400bf8f80
:105708001000be8f1800bd270800e003000000004d
:10571800e8ffbd271400bfaf1000beaf21f0a00303
:1057280000a0023c00384224070043882120600082
:105738000400449821108000212040005055400f5b
:105748000000000021e8c0031400bf8f1000be8fc6
:105758001800bd270800e00300000000e8ffbd278f
:105768001400bfaf1000beaf21f0a00300a0023ca0
:10577800003842240f004388212060000c00449820
:1057880021108000212040005055400f00000000eb
:1057980021e8c0031400bf8f1000be8f1800bd277a
:1057a8000800e00300000000e8ffbd271400bfafb9
:1057b8001000beaf21f0a00300a0023c0038422434
:1057c80013004388212060001000449821108000b5
:1057d800212040005055400f0000000021e8c00380
:1057e8001400bf8f1000be8f1800bd270800e0030b
:1057f80000000000d8ffbd272400bfaf2000beafc7
:105808001c00b0af21f0a0032c8182932118400026
:1058180000a0023cc0180300f037422421106200a7
:105828000400429021204000ba03400f000000000d
:105838001200422c070040100000000000a0023cab
:1058480064374224010003240c0043ac5b56400b30
:10585800000000001000c0a35356400b00000000d9
:105868001000c2930c004010000000002c818293ad
:105878002118400000a0023cc0180300f037422461
:105888002110620004004290212040003a000524c3
:105898003804400f000000002c818293211840003a
:1058a80000a0023cc0180300f03742242110620017
:1058b80004004290218040001000c29300a0033ce5
:1058c80000386324211062002d00429021204000fe
:1058d8004951400f0000000021200002212840000b
:1058e8003804400f000000002c81829321184000ea
:1058f80000a0023cc0180300f037422421106200c7
:1059080004004290218040001000c29300a0033c94
:1059180000386324211062002d00429021204000ad
:105928006251400f000000002120000221284000a1
:105938003804400f000000001000c2930100422408
:105948001000c2a31000c2930600422cc4ff4014ea
:105958000000000000a0023c643742240c0040ac68
:105968000000000021e8c0032400bf8f2000be8f84
:105978001c00b08f2800bd270800e00300000000cd
:10598800a0febd275c01bfaf5801beaf5401b0af48
:1059980021f0a0031000c0af1400c0af1800c0afc2
:1059a8001c00c0af2000c0af2400c3272c01022474
:1059b8002120600021280000213040004385400f4d
:1059c800000000002400c22721204000029d023c64
:1059d8000818452402000624e47f400f0000000058
:1059e8001000c22721204000029d023c0c184524cb
:1059f80037000624fc86400f000000002400c3275f
:105a08001000c2272120600021284000b588400fdf
:105a1800000000002400d0272400c22721204000d5
:105a28003e80400f000000002110020221204000ab
:105a3800029d023c0818452402000624e47f400f1a
:105a4800000000002c8182932118400000a0023c35
:105a5800c0180300f037422421106200040042906d
:105a6800211840002400c22721206000212840007e
:105a78003706400f0000000021e8c0035c01bf8f1b
:105a88005801be8f5401b08f6001bd270800e003a4
:105a98000000000090febd276c01bfaf6801beafdb
:105aa8006401b0af21f0a0031400c0af1800c0af6c
:105ab8001c00c0af2000c0af2400c0af2800c3271f
:105ac8002c01022421206000212800002130400000
:105ad8004385400f00000000029d023c1418448cce
:105ae800141843240400638c5401c4af5801c3af95
:105af80014184224080042945c01c2a72800c22757
:105b080021204000029d023c08184524020006247a
:105b1800e47f400f000000001000c0a3ec56400bcb
:105b2800000000001400c3271000c2931000c4270f
:105b38002110820044014280ffff42302120600092
:105b4800029d033c0c18652421304000fc86400f60
:105b5800000000002800c3271400c227212060008d
:105b680021284000b588400f000000002800d027f9
:105b78002800c227212040003e80400f000000007e
:105b88002110020221204000029d023c08184524f1
:105b980002000624e47f400f000000001000c293ba
:105ba800010042241000c2a31000c2930300422c3b
:105bb800dcff4014000000002c8182932118400073
:105bc80000a0023cc0180300f037422421106200f4
:105bd80004004290211840002800c22721206000bc
:105be800212840003706400f0000000021e8c003cc
:105bf8006c01bf8f6801be8f6401b08f7001bd2733
:105c08000800e0030000000098febd276401bfaf54
:105c18006001beaf5c01b0af21f0a0031000c0afbf
:105c28001400c0af1800c0af1c00c0af2000c0af48
:105c38002400c0af2800c0a32c00c3272c010224d5
:105c48002120600021280000213040004385400fba
:105c5800000000002c00c22721204000029d023cc9
:105c68000818452402000624e47f400f00000000c5
:105c78001000c22721204000029d023c1018452434
:105c880037000624fc86400f000000002c00c327c4
:105c98001000c2272120600021284000b588400f4d
:105ca800000000002c00d0272c00c2272120400033
:105cb8003e80400f00000000211002022120400019
:105cc800029d023c0818452402000624e47f400f88
:105cd800000000002c8182932118400000a0023ca3
:105ce800c0180300f03742242110620004004290db
:105cf800211840002c00c2272120600021284000e4
:105d08003706400f0000000021e8c0036401bf8f80
:105d18006001be8f5c01b08f6801bd270800e003f9
:105d2800000000000080013c2638e10040580500d2
:105d3800425d0b00c0520500427d040025504f0112
:105d4800c04a04000080083c255048014070070004
:105d580042750e00c06a0700427d06002568af0143
:105d6800c06206002568a801ffff6f25fe07e12d28
:105d78008d00201000000000ffffcf25fe07e12d59
:105d8800bb002010000000000080013c2428a10076
:105d980023406e012c0000110000000015000019be
:105da800000000002000012d070020140000000062
:105db800e0ff08212b300c0023000d102560a60100
:105dc800f8ff001000000d341f0000110000000053
:105dd8002220080004308c0004208d0006600c018d
:105de80006680d011800c01025608c001600001010
:105df80002008c3525580e00234008002000012d94
:105e08000700201400000000e0ff08212b300900e3
:105e18000d000a1025484601f8ff001000000a345a
:105e28000900001100000000222008000430890049
:105e380004208a000648090106500a010200c01021
:105e480025488900020029352678a7001c00e005ae
:105e58000000000021482c012b782c0121504d0115
:105e680021504f0102004d11000000002b784d0118
:105e78003700e0110000000001002f310200e0119e
:105e8800000000000200293542480900c07f0a00ce
:105e980025482f0142500a000080013c255041014d
:105ea80001006b25ff07012429006115000000008f
:105eb800f07f013c2528a1003700001000000424d1
:105ec8002b782c0123482c012b104f0123504f0114
:105ed8002b784d012578e2010700e01123504d0190
:105ee8000080013c2628a1002b78090023480900de
:105ef80023500a0023504f010800401500000000fd
:105f080003002015000000000d00001000000b2405
:105f18002550200100000924e0ff6b25204048712e
:105f28000700001100000000235868012220080023
:105f3800062089000448090104500a01255044013b
:105f4800257849010200e015000000000000052442
:105f580068006019000000000004292500042f2da6
:105f680021504f012b784f0121586f01c27a090047
:105f78000100ef3123482f01c2220900407d0a00a9
:105f880025208f0040780a00027b0f002528af00eb
:105f9800007d0b002528af002510040025180500fa
:105fa8000800e003000000002a78200121482901a8
:105fb80021504a012300601521504f0125784901dd
:105fc8001400e01100000000080040150000000067
:105fd800030020150000000067ff001000000b24dc
:105fe8002550200100000924e0ff6b25204048715e
:105ff80061ff0011000000002358680122200800fa
:10600800062089000448090104500a015aff0010bb
:1060180025504401ff0701241500c11100000000ac
:106028002140e700257806010300e0150000000084
:10603800d9ffe0040000000025100600d8ff00107a
:1060480025180700257849012700e0150000000001
:10605800ff070124d0ffc115000000002678a70023
:106068002100e00500000000f3ff00100000000020
:106078002a78800121608c012168ad011700c015c4
:106088002168af012578ac01c3ffe01100000000d2
:106098000800a015000000000300801500000000a3
:1060a80039ff001000000e242568800100000c2430
:1060b800e0ffce252040a87133ff0011000000004a
:1060c8002370c8012220080006208c0004600c01ff
:1060d80004680d012cff00102568a4012578ac0187
:1060e800d5ffe01100000000f8ff053caaff0010f2
:1060f800000004240100082423400b012000012d86
:106108000700201400000000e0ff08212b300900e0
:106118000d000a1025484601f8ff001000000a3457
:106128000900001100000000222008000430890046
:1061380004208a000648090106500a010200c0101e
:10614800254889000200293583ff001000000b2430
:106158004050050042550a00c04a0500427d04002f
:1061680025482f01c042040000800e3c25482e011e
:1061780040680700426d0d00c0620700427d0600be
:1061880025608f01c05a060025608e012628a700c9
:106198002428ae00ffff4f25fe07e12d4700201001
:1061a80000000000ffffaf25fe07e12d6f00201063
:1061b8000000000002fcaf2521504f0119002c01fe
:1061c800123800001070000019000b0112200000a6
:1061d8001030000019002b01125800001068000050
:1061e8002130cb002b78cb002138ed002138ef008f
:1061f8000200ed10000000002b78ed002170cf01a7
:1062080019000c0112400000104800002130c8009d
:106218002b78c8002138e9002138ef000200e91086
:10622800000000002b78e9002170cf012578860056
:106238000200e011000000000100e73425480e00cc
:1062480006002005254007002a78000121400801a2
:106258002148290121482f01ffff4a25ffff4f252b
:10626800fe07e12d6800201000000000000408254a
:1062780000040f2d21482f012b782f0121504f01a9
:10628800c27a08000100ef3123400f01c222080042
:10629800407d090025208f0040780900027b0f000f
:1062a8002528af00007d0a002528af00251004002e
:1062b800251805000800e003000000002a78000106
:1062c80021400801214829011c00401521482f01bf
:1062d800257828011400e0110000000008002015ae
:1062e800000000000300001500000000adff0010d2
:1062f80000000a242548000100000824e0ff4a2580
:1063080020702e71a7ffc0110000000023504e011d
:1063180022380e000638e8000440c8010448c901c4
:10632800a0ff001025482701ff0701243300a11111
:1063380000000000ddff00100000000025782801a3
:106348002e00e015000000000500a0150000000068
:1063580040780c002578eb012800e01100000000cf
:10636800ff0701242100a115000000002a78600120
:1063780021586b0121608c011900a01521608f0143
:1063880025788b011400e01100000000080080153a
:1063980000000000030060150000000085ff0010e9
:1063a80000000d242560600100000b24e0ffad25ee
:1063b800203086717fffc010000000002368a6010e
:1063c800227006000670cb010458cb000460cc0094
:1063d80078ff001025608e01b4ff0010000004242f
:1063e80025788b010500e01500000000f07f013cd6
:1063f8002528a100adff001000000424f8ff053c8b
:10640800aaff001000000424f8ff401d000000004f
:1064180001000e242370ca012000c12d070020149a
:1064280000000000e0ffce212b3008000d0009100d
:1064380025402601f8ff0010000009340900c011aa
:106448000000000022380e000430e8000438e9009b
:106458000640c8010648c9010200c0102540e800ee
:10646800020008350004082500040f2d21482f01db
:1064780083ff0010c25709004050050042550a002a
:10648800c04a0500427d040025482f01c04204008f
:1064980000800e3c25482e0140680700426d0d0023
:1064a800c0620700427d060025608f01c05a0600c1
:1064b80025608e012628a7002428ae00ffff4f255f
:1064c800fe07e12dcb00201000000000ffffaf25e4
:1064d800fe07e12df40020100000000023504d01bc
:1064e800ff034a2542400800c07f090025400f01ec
:1064f80042480900023c0c00f401e0001b0027019f
:106508001270000010480000ffff86311900ce000d
:1065180012200000004c0900027c080025482f01c9
:106528002b7824010600e01123482401ffffce2523
:1065380021482c012b082c01fcff20100000000032
:10654800f401e0001b002701123800001048000089
:106558001900c70012200000004c0900ffff0f318e
:1065680025482f012b7824010600e0112348240137
:10657800ffffe72421482c012b082c01fcff2010e9
:106588000000000000740e002170c7011900cb0143
:106598001238000010200000000008242b780701a2
:1065a800234007012b102f0123482f012b782401aa
:1065b8002578e2010b00e01123482401ffffce25d6
:1065c80021400b012b780b0121482c0121482f0178
:1065d80002002c11000000002b782c01f7ffe011bd
:1065e8000000000006002c150000000025200b000c
:1065f8002548080000000d242a00001025380d0049
:10660800023c0c00f401e0001b00270112680000a6
:1066180010480000ffff86311900cd00122000004d
:10662800004c0900027c080025482f012b78240122
:106638000600e01123482401ffffad2521482c0165
:106648002b082c01fcff201000000000f401e000e2
:106658001b00270112380000104800001900c7006d
:1066680012200000004c0900ffff0f3125482f01c0
:106678002b7824010600e01123482401ffffe724ba
:1066880021482c012b082c01fcff201000000000e1
:10669800006c0d002168a7011900ab011238000039
:1066a80010200000000008242b7807012340070170
:1066b8002b102f0123482f012b7824012578e20184
:1066c8000b00e01123482401ffffad2521400b01f9
:1066d8002b780b0121482c0121482f0102002c1195
:1066e800000000002b782c01f7ffe01100000000eb
:1066f8000600c005000000002a78a0012168ad014d
:106708002170ce012170cf01ffff4a25257828018d
:106718000200e011000000000100ad3525480e0020
:1067280025400d00ffff4f25fe07e12d1500201025
:10673800000000000004082500040f2d21482f0147
:106748002b782f0121504f01c27a08000100ef3148
:1067580023400f01c2220800407d090025208f0038
:1067680040780900027b0f002528af00007d0a0051
:106778002528af0025100400251805000800e003af
:10678800000000004400401d0000000001000e242d
:106798002370ca012000c12d07002014000000004a
:1067a800e0ffce212b2008000d0009102540240110
:1067b800f8ff0010000009340900c01100000000b3
:1067c80022300e000420c8000430c9000640c80169
:1067d8000648c901020080102540c800020008359b
:1067e8000004082500040f2d21482f01d6ff0010b2
:1067f800c25709002a7800012140080121482901cf
:106808001700401521482f01257828011400e011b0
:10681800000000000800201500000000030000151b
:106828000000000029ff001000000a24254800018c
:1068380000000824e0ff4a2520702e7123ffc011b4
:106848000000000023504e0122300e000630c80020
:106858000440c8010448c9011cff0010254826014e
:1068680005004d150000000040780c002578eb016c
:106878002b00e01100000000ff0701240a00a1110d
:1068880000000000bbff401100000000257828012f
:106898002300e01500000000f07f013c2528a1003e
:1068a800b4ff0010000004242a78600121586b010d
:1068b80021608c011700a01521608f0125788b01bc
:1068c800f5ffe0110000000008008015000000003e
:1068d800030060150000000000ff001000000d24f8
:1068e8002560600100000b24e0ffad2520708e714b
:1068f800fafec011000000002368ae0122300e002d
:106908000630cb000458cb010460cc01f3fe001024
:106918002560860125788b010200e0110000000047
:10692800f8ff053c93ff0010000004240000052434
:106938002548050025380500253004000c00c01046
:10694800000000000600c104000000000080093caf
:106958002b50050023280500233006002330ca00e9
:106968001e0407242040c8702338e80004300601bc
:10697800c24205004055060025400a014050060065
:1069880002530a0025482a010055070025482a0114
:1069980025100800251809000800e0030000000081
:1069a8000000052425380500253004000500c01026
:1069b800000000001e0407242048c9702338e9009d
:1069c80004302601c24205004055060025400a0150
:1069d80040480600024b09000055070025482a01d7
:1069e80025100800251809000800e0030000000031
:1069f800c23d0400ff00e7300080013c24308100e4
:106a0800ffffe924fe00212d0c00201000000000eb
:106a18008003e724404a0400024b09002530c900de
:106a2800402f0400004d07002530c900251005003f
:106a3800251806000800e0030000000000000524f7
:106a480021208400f7ff8010000000000900e014f6
:106a580000000000ffffe724212084008000013ca3
:106a68002b088100fbff201400000000e8ff001045
:106a780000000000ff07072400ff013c010021344b
:106a88002b088100e7ff201400000000e5ff00103c
:106a9800f8ff063cc03a0500425d04002538eb00cb
:106aa800c03204000080013c2538e1000080013c30
:106ab8002448a100404005004245080080fc082504
:106ac800ffff0b25fe00612d1100201000000000c3
:106ad8000200c010000000000100e7348000e72435
:106ae8008000eb2c21400b01025a070001006b319a
:106af8002338eb0040380700423a0700c05d080021
:106b08002538eb002510e9000800e003000000002c
:106b18007f04012407000115000000004058070009
:106b2800255866010300601100000000f6ff001000
:106b3800c0ff023cff0001290400201400000000ef
:106b4800807f013cf0ff00102510210101000a247c
:106b5800235048012000412d0300201400000000ac
:106b6800e9ff00102510090020000c2423608a0189
:106b7800045887012530cb00063847010000082457
:106b88000080013cd2ff00102538e100c03a050022
:106b9800425504002538ea000080013c2538e10010
:106ba8004050050042550a001e0406242330ca003e
:106bb8000b00c018000000002000c12c02002014a7
:106bc80000000000000007340200a1040638c700d6
:106bd80023380700251007000800e0030000000024
:106be80002008010000000000100a534f07f013c85
:106bf800010021342b08a10003002014000000002c
:106c0800f5ff00100080023cff7f023cf2ff0010fd
:106c1800ffff4234c03a0500425504002538ea0017
:106c28000080013c2538e1004050050042550a002b
:106c38001e0406242330ca000b00c0040000000014
:106c48002000c12c020020140000000000000734be
:106c58000200a1040638c7002338070025100700e2
:106c68000800e0030000000002008010000000009f
:106c78000100a534f07f013c010021342b08a1005c
:106c88000300201400000000f5ff00100080023c03
:106c9800f3ff0010ffff0224feff09244050050007
:106ca80040580700255864012558660125504b01b6
:106cb80003004015000000003c0000100000022402
:106cc800020080104040050001000825e0ff013c5b
:106cd800010021342b0801013600201000000000bb
:106ce8000200c0104040070001000825e0ff013cf9
:106cf800010021342b0801012e00201000000000a3
:106d08001600a104000000000300e00400000000d9
:106d180026000010ffff02242b5086002320860047
:106d28002b58aa002328aa002b50a70025504b0156
:106d3800030040112328a7001c00001001000224b2
:106d48002550a400030040110000000017000010a7
:106d5800ffff022415000010000002240300e104d4
:106d68000000000011000010010002242b508600d2
:106d7800232086002b58aa002328aa002b50a700fe
:106d880025504b01030040112328a70007000010dd
:106d9800ffff02242550a40003004011000000005a
:106da8000200001001000224000002240800e00391
:106db80000000000fdff0010251009000080013cc4
:106dc8002628a10025100400251805000800e00366
:106dd80000000000ff7f013cffff21342428a100b0
:106de80025100400251805000800e0030000000035
:106df800020080104040050001000825e0ff013c2a
:106e0800010021342b0801010300201400000000b8
:106e18000c000010010002240200c01040400700ce
:106e280001000825e0ff013c010021342b08010185
:106e380003002014000000000200001001000224da
:106e4800000002240800e00300000000a0ffbd27a6
:106e58005c00bfaf5800beaf21f0a003029d023c0a
:106e6800cc28438c3c00c3afcc2842240400429475
:106e78004000c2a74400c0a34500c0a34600c0a369
:106e88004700c0a34800c0a34900c0a31800c0af72
:106e98008c8080af8c80828f888082af8880828f40
:106ea800808082af8080828f848082af6c8080af48
:106eb8006c80828f688082af1000c0afc15b400bce
:106ec8000000000001a0053c1000c38f21106000e5
:106ed80040210200801004002310440023104300c6
:106ee8000019020040f2a22421106200000040ac08
:106ef8001000c28f010042241000c2af1000c28fe0
:106f08000200422cefff40140000000001a0023ce8
:106f180040f24224548082af588080af5c8080a7c2
:106f2800608080af648080a7788080af7880828f0f
:106f38007c8082af748080af010002242000c2af41
:106f4800010002242400c2af2400c28f1000423482
:106f58002400c2af2400c28f080042342400c2af0c
:106f68002400c28f040042342400c2af2400c28f20
:106f7800020042342400c2af2400c28f0001423410
:106f88002400c2af2400c28f020042300400401027
:106f9800000000000f000224eb5b400b0000000023
:106fa800211000002800c2afbe84400f000000007e
:106fb8004c00c2272400c48f2000c58f2130400018
:106fc800b849400f000000002c00c2afffc00434d5
:106fd800248a400f000000005b000424208a400f30
:106fe800000000003400c2272120400000a0023c1d
:106ff8002d38452406000624e47f400f00000000d9
:107008003400c3273c00c22721206000212840000b
:1070180006000624bf85400f000000000a0040104b
:10702800000000003400c3274400c227212060006c
:107038002128400006000624bf85400f00000000fc
:1070480021004014000000003400c2273000c2af05
:1070580089bf023c2093428cffff43303000c28f2f
:10706800000043a43000c28f020042243000c2afa7
:1070780089bf023c1093428cffff43303000c28f1f
:10708800000043a43000c28f020042243000c2af87
:1070980089bf023c0093428cffff43303000c28f0f
:1070a800000043a43400c22700a0033c2d38642408
:1070b8002128400006000624e47f400f000000005d
:1070c800385c400b000000003400c227212040003b
:1070d800c587400f000000000200042402000524b8
:1070e800019d023cd47c462421380000e681400ff3
:1070f8000000000021184000020002240400621071
:10710800000000001800c28f010042241800c2af1e
:107118001400042401000524019d023cd47c46246b
:1071280021380000e681400f0000000021184000cf
:107138001400022404006210000000001800c28f2e
:10714800010042241800c2af000604242c89400f15
:10715800000000001000c0af1400c0af6d5c400b11
:10716800000000001000c28f4012020080180200c8
:107178002318620001a0023c20fe42242110620074
:107188005000c2af5000c227212040000100052452
:1071980001000624087a400f000000001400c2af66
:1071a8001000c28f010042241000c2af1000c28f2d
:1071b8001400422804004010000000001400c28f90
:1071c800e8ff4010000000001400c28f04004010c7
:1071d800000000001800c28f010042241800c2af4e
:1071e8002c00c28f2000401400000000010002247f
:1071f800788082af2400c28f01004230ff00423005
:107208000900401000000000010002247c8082afc9
:10721800465f400f000000002b1002001c00c2afa8
:10722800955c400b000000004c00c28f21204000fc
:107238002800c58feb84400f0000000021200000cb
:10724800594c400f000000001c00c2af5677400f99
:1072580000000000708082af1c00c28f748082af73
:107268009f5c400b000000001800c28f0100422400
:107278001800c2af21e8c0035c00bf8f5800be8f62
:107288006000bd270800e00300000000f8ffbd27ec
:107298000400beaf21f0a0037480828f0100423049
:1072a80021e8c0030400be8f0800bd270800e003e2
:1072b80000000000f8ffbd270400beaf21f0a003c6
:1072c8005480828f05004010000000005480828f97
:1072d80004004224ba5c400b0000000021100000aa
:1072e80021e8c0030400be8f0800bd270800e003a2
:1072f80000000000f8ffbd270400beaf21f0a00386
:1073080001a0023c2076422421e8c0030400be8f7d
:107318000800bd270800e00300000000f8ffbd27b3
:107328000400beaf21f0a00301a0023c387742243c
:1073380021e8c0030400be8f0800bd270800e00351
:1073480000000000f0ffbd270c00beaf21f0a00335
:107358001000c4af6880828f0000c2af1000c28fd7
:10736800688082af0000c28f21e8c0030c00be8f86
:107378001000bd270800e00300000000e0ffbd2763
:107388001c00bfaf1800beaf21f0a00321200000f1
:10739800019d023c947c4524213000001489400f53
:1073a800000000005480828f550040140000000047
:1073b8005880828f010042241000c2af135d400b39
:1073c8000000000001a0053c1000c38f21106000e0
:1073d80040210200801004002310440023104300c1
:1073e8000019020040f2a224211062000000428c21
:1073f80011004014000000001000c38f211060002d
:107408004021020080100400231044002310430090
:10741800001102002118400001a0023c40f2422461
:1074280021106200548082af1000c28f588082af52
:10743800175d400b000000001000c28f01004224bd
:107448001000c2af1000c28f0200422cddff4014b2
:10745800000000005480828f2900401400000000c2
:107468001000c0af3d5d400b0000000001a0053cce
:107478001000c38f2110600040210200801004001a
:1074880023104400231043000019020040f2a224f4
:10749800211062000000428c11004014000000001e
:1074a8001000c38f211060004021020080100400ea
:1074b800231044002310430000110200211840004b
:1074c80001a0023c40f2422421106200548082afa5
:1074d8001000c28f588082af425d400b0000000050
:1074e8001000c28f010042241000c2af5880828f62
:1074f8001000c38f2a106200dcff40140000000057
:107508005480828f04004014000000009080828f15
:1075180001004224908082af5480828f2b10020099
:1075280021e8c0031c00bf8f1800be8f2000bd27b4
:107538000800e00300000000f8ffbd270400beaf0c
:1075480021f0a003211080000800c2a36880828f68
:107558000800c393000043a001004224688082af62
:1075680021e8c0030400be8f0800bd270800e0031f
:1075780000000000e8ffbd271400bfaf1000beaf39
:1075880021f0a0031800c4af2110a0001c00c2a75e
:107598006880838f1c00c297212060001800c58f67
:1075a80021304000e47f400f000000006880838f96
:1075b8001c00c29721106200688082af21e8c003d6
:1075c8001400bf8f1000be8f1800bd270800e0030d
:1075d80000000000e8ffbd271400bfaf1000beafd9
:1075e80021f0a0031800c4af2118a0002110c0008a
:1075f8001c00c3a32000c2a72000c2970e0042248b
:10760800ffff42305c8082a75480828f04004224ae
:10761800688082af6880828f212040001800c58f63
:1076280006000624e47f400f000000006880828f77
:1076380006004224688082af6880828f2120400043
:1076480000a0023c2d38452406000624e47f400fa4
:10765800000000006880828f06004224688082afa4
:107668006880828f08000324000043a001004224a0
:10767800688082af6880828f1c00c3930400601406
:107688000000000021180000a75d400b000000006a
:1076980006000324000043a001004224688082af52
:1076a80021e8c0031400bf8f1000be8f1800bd274b
:1076b8000800e00300000000e8ffbd271400bfaf8a
:1076c8001000beaf21f0a0035480828f100040103c
:1076d800000000005c8082970d0040100000000050
:1076e8005480828f01000324000043ac5480828fb1
:1076f800040043245c8082972120600021284000f8
:107708006084400f00000000548080af5c8080a738
:1077180021e8c0031400bf8f1000be8f1800bd27da
:107728000800e00300000000e8ffbd271400bfaf19
:107738001000beaf21f0a0036080828f0c004010c3
:10774800000000006080828f212040002128000076
:1077580021300000da89400f00000000608080af0f
:10776800648080a78c80828f010042248c8082af45
:1077780021e8c0031400bf8f1000be8f1800bd277a
:107788000800e00300000000d0ffbd272c00bfafb9
:107798002800beaf21f0a0033000c4af3400c5af4d
:1077a8008880828f01004224888082af7880828f0f
:1077b80025004010000000005677400f0000000030
:1077c8001400c2af7080828f1400c38f2310620030
:1077d800e079422c1b00401400000000212000002a
:1077e800594c400f000000001000c2af1400c28fb7
:1077f800708082af7c80828f0e00401000000000f5
:107808001000c28f01004230ff00423009004010d2
:10781800000000007480828f01004230050040148f
:1078280000000000465f400f000000002b1002001f
:107838001000c2af1000c28f748082af145e400b7c
:107848000000000000000000cc5d400f00000000b8
:107858001c00c3272000c2272120600021284000e7
:107868006a88400f000000001800c2af1800c28fdd
:1078780039004014000000002000c28f0400438c2f
:107888008000023c24106200330040100000000019
:107898002000c28f0000438c0001023c24106200cb
:1078a8002d004014000000002000c28f0400438c0b
:1078b8001000023c24106200270040140000000061
:1078c8002000c28f04004294648082a71c00c28feb
:1078d800608082af6080828f0e0042246c8082af0d
:1078e8001c00c28f060042243000c48f21284000ab
:1078f80006000624e47f400f000000003400c28f19
:10790800ffff0324000043a01c00c28f0c00429418
:107918002400c2a72400c393080002240b006214a9
:10792800000000002500c293050040100000000080
:107938002500c3930600022404006214000000001e
:107948002500c3933400c28f000043a08080828f3b
:1079580001004224808082af6080828f0d00401435
:10796800000000001c00c28f0a0040100000000048
:107978001c00c28f21204000212800002130000077
:10798800da89400f000000008480828f01004224c1
:10799800848082af6080828f2b10020021e8c003b0
:1079a8002c00bf8f2800be8f3000bd270800e003e1
:1079b80000000000f8ffbd270400beaf21f0a003bf
:1079c800211080000800c2a76080838f0800c2973a
:1079d8000e004224211062006c8082af21e8c003af
:1079e8000400be8f0800bd270800e0030000000067
:1079f800f0ffbd270c00beaf21f0a0031000c4affc
:107a08006c80828f0000c2af1000c28f6c8082af82
:107a18000000c28f21e8c0030c00be8f1000bd27f4
:107a28000800e00300000000f8ffbd270400beaf17
:107a380021f0a0036c80828f000043900100422453
:107a48006c8082af2110600021e8c0030400be8f63
:107a58000800bd270800e00300000000e8ffbd277c
:107a68001400bfaf1000beaf21f0a0031800c4afd0
:107a78002110a0001c00c2a71800c28f08004010e7
:107a8800000000006c80838f1c00c2971800c48f10
:107a98002128600021304000e47f400f00000000f2
:107aa8006c80838f1c00c297211062006c8082afab
:107ab8001c00c29721e8c0031400bf8f1000be8fbe
:107ac8001800bd270800e00300000000f0ffbd27f4
:107ad8000c00beaf21f0a00389bf023ce2904290a7
:107ae800ff00423014000324231062000000c2afdc
:107af8000000c28fffff42304012020021184000f0
:107b08008018030023106200ffff423021e8c00301
:107b18000c00be8f1000bd270800e0030000000025
:107b2800e0ffbd271c00bfaf1800beaf21f0a003c7
:107b38002000c4af2400c5af2110c0002800c2a790
:107b48002800c29719004010000000002000c38fd1
:107b5800ffff022404006210000000002000c28f12
:107b6800dd5e400b000000006880828f1000c2af0d
:107b78002400c38fffff02240400621000000000ed
:107b88002400c28fe65e400b000000006c80828fec
:107b98001400c2af2800c2971000c48f1400c58f0c
:107ba80021304000e47f400f0000000021e8c003be
:107bb8001c00bf8f1800be8f2000bd270800e003ff
:107bc80000000000f8ffbd270400beaf21f0a003ad
:107bd8000100022421e8c0030400be8f0800bd276d
:107be8000800e00300000000e8ffbd271400bfaf55
:107bf8001000beaf21f0a003211080001800c2a71a
:107c08006c80838f1800c2972120600021284000d3
:107c18002352400f0000000021e8c0031400bf8f6a
:107c28001000be8f1800bd270800e0030000000008
:107c3800e8ffbd271400bfaf1000beaf21f0a003be
:107c4800211880002110a0001800c3a71c00c2a79b
:107c58006080838f1800c2970e00422421186200aa
:107c68001c00c29721206000212840002352400fa9
:107c78000000000021e8c0031400bf8f1000be8f71
:107c88001800bd270800e00300000000f0ffbd2732
:107c98000c00beaf21f0a0031000c4af1400c5afa4
:107ca8001800c6af1000c28ffcff42240000c2af0c
:107cb8000000c28f000040ac21e8c0030c00be8f5a
:107cc8001000bd270800e00300000000e8ffbd2702
:107cd8001400bfaf1000beaf21f0a0031800c4af5e
:107ce8001c00c5af2000c6af1800c48f1c00c58f8c
:107cf8008a87400f0000000021e8c0031400bf8fee
:107d08001000be8f1800bd270800e0030000000027
:107d1800d0ffbd272c00bfaf2800beaf21f0a003c5
:107d28001000c0af21200000f04a400f0000000002
:107d38001400c2af1400c28f2200401400000000db
:107d48001c00c3272000c2272120600021284000f2
:107d5800884b400f000000001800c2af1800c28f07
:107d680001004230ff0042301600401000000000c1
:107d78009c49400f0000000001004230ff004230e3
:107d8800040040100000000000040224685f400b5b
:107d980000000000211000001c00c38f25104300c4
:107da8001c00c2af1c00c38f2000c28f21206000be
:107db80021284000eb84400f00000000010002244d
:107dc8001000c2af1000c28f21e8c0032c00bf8f83
:107dd8002800be8f3000bd270800e0030000000027
:107de800f8ffbd270400beaf21f0a00340808293b6
:107df80001004230ff004230040040100000000043
:107e0800211000008a5f400b000000004080829330
:107e1800010003240400627c408082a30100022444
:107e280021e8c0030400be8f0800bd270800e00356
:107e380000000000e8ffbd271400bfaf1000beaf70
:107e480021f0a00314808393ff000224070062102e
:107e5800000000001480829321204000c746400f94
:107e680000000000ffff0224148082a30700022400
:107e7800188082af408082930400027c408082a3f5
:107e8800408082934000427cff00423021e8c003da
:107e98001400bf8f1000be8f1800bd270800e00334
:107ea80000000000e8ffbd271400bfaf1000beaf00
:107eb80021f0a0031800c4af2110a0001c00c2a329
:107ec8001800c48f01a0023c0c7945240e4f400fc6
:107ed800000000000900401000000000408082936c
:107ee800010003244408627c408082a30700022426
:107ef800188082afca5f400b000000001800c28fd4
:107f0800348082af388080af188080af1c00c29365
:107f18003c8082a3408082934408027c408082a3f4
:107f280021e8c0031400bf8f1000be8f1800bd27c2
:107f38000800e00300000000c8ffbd273400bfaf01
:107f48003000beaf21f0a0033800c4af1880828f84
:107f58000800432cef0260100000000080180200a7
:107f6800019d023c807f4224211062000000428c67
:107f78000800400000000000a07f019da87f019d2f
:107f8800e47f019d7880019db480019d0082019d60
:107f9800a489019d6c89019d418080a3428080a3b2
:107fa80000a0023c0c384424506f400f0000000031
:107fb8004180829301004224ff004230418082a325
:107fc8005677400f00000000448082af0200022470
:107fd800188082afc762400b0000000000a0023c7e
:107fe8000c38442401a0023c10794524896f400fc5
:107ff8000000000016004014000000005677400ff3
:1080080000000000211840004480828f231862007d
:108018000400023cb5c442342b106200b002401484
:1080280000000000418082930300422c04004014a9
:1080380000000000060002241360400b000000004e
:1080480001000224188082afc762400b00000000c4
:1080580000a0023c003842240f0043880c004398db
:1080680001a0023c0c7943ac03000224188082afc3
:1080780001a0023c0c794224212040000400052480
:108088002130000035000724d244400f00000000d2
:10809800148082a314808393ff0002249302621049
:1080a8000000000004000224188082af148082932c
:1080b800212040001d47400f000000008e024010a4
:1080c800000000004880829701004224ffff4230f0
:1080d800488082a749808293212040004047400f72
:1080e8000000000048808293212040004047400f54
:1080f80000000000010004244047400f0000000079
:10810800212000004047400f00000000212000000f
:108118004047400f00000000010004244047400f82
:1081280000000000212000004047400f0000000030
:10813800212000004047400f0000000021200000df
:108148004047400f00000000212000004047400f3a
:1081580000000000212000004047400f0000000000
:10816800212000004047400f000000003480828f2b
:1081780007004010000000003480828f212040005a
:10818800ce62400f000000006a60400b0000000053
:108198003880828f21204000ce62400f000000000e
:1081a800212000004047400f000000003c808293df
:1081b800212040004047400f00000000212000001f
:1081c8004047400f00000000010004244047400fd2
:1081d80000000000a347400f000000005677400f42
:1081e80000000000448082af05000224188082af9e
:1081f800c762400b000000001480829321204000d9
:108208001c48400f000000000f0040140000000050
:108218005677400f00000000211840004480828fec
:10822800231862000400023cb5c442342b106200db
:10823800340240140000000006000224188082afb7
:10824800c762400b000000001800c227010042244a
:10825800212040004048400f000000001800c227bd
:10826800212040004048400f000000001800c3973c
:108278004880829705006210000000009148400f76
:1082880000000000c762400b000000001800c22771
:1082980003004224212040004048400f0000000015
:1082a8001800c22702004224212040004048400f05
:1082b800000000001800c2270500422421204000c9
:1082c8004048400f000000001800c2270400422464
:1082d800212040004048400f000000001800c2273d
:1082e80007004224212040004048400f00000000c1
:1082f8001800c22706004224212040004048400fb1
:10830800000000001800c227090042242120400074
:108318004048400f000000001800c227080042240f
:10832800212040004048400f000000001800c227ec
:108338000b004224212040004048400f000000006c
:108348001800c2270a004224212040004048400f5c
:1083580000000000ed60400b000000001e63400fad
:10836800000000001400c227010042242120400020
:108378004048400f000000001400c22721204000a0
:108388004048400f000000001400c22701004224aa
:10839800212040004048400f000000001400c22780
:1083a800212040004048400f000000001c00c297f8
:1083b8002b180200ff006330ffff4224ffff42300a
:1083c8001c00c2a7e5ff6014000000006161400bbb
:1083d800000000001e63400f000000002400c227b8
:1083e80001004224212040004048400f00000000c6
:1083f8002400c227212040004048400f0000000010
:108408002400c22703004224212040004048400f96
:10841800000000002400c22702004224212040005e
:108428004048400f000000002400c22707004224f3
:10843800212040004048400f000000002400c227cf
:1084480006004224212040004048400f0000000060
:108458002400c22705004224212040004048400f44
:10846800000000002400c22704004224212040000c
:108478004048400f000000002400c22709004224a1
:10848800212040004048400f000000002400c2277f
:1084980008004224212040004048400f000000000e
:1084a8002400c39701000224250062140000000084
:1084b8002600c39701000224240062140000000073
:1084c8002c00c3970400022423006214000000005b
:1084d80040808293010003244408627c408082a388
:1084e80001a0023c0c7944244048400f00000000e1
:1084f80001a0023c0d7944244048400f00000000d0
:1085080001a0023c0e7944244048400f00000000be
:1085180001a0023c0f7944244048400f00000000ad
:108528005162400b000000001000c22721204000cb
:108538004048400f000000005961400b0000000057
:10854800000000005961400b00000000000000001e
:108558005961400b00000000000000002c00c29789
:108568002b180200ff006330ffff4224ffff423058
:108578002c00c2a7ecff6014000000001e00c29788
:108588002b180200ff006330ffff4224ffff423038
:108598001e00c2a78fff601400000000d561400bc9
:1085a800000000001e63400f000000002400c227e6
:1085b80001004224212040004048400f00000000f4
:1085c8002400c227212040004048400f000000003e
:1085d8002400c22703004224212040004048400fc5
:1085e800000000002400c22702004224212040008d
:1085f8004048400f000000002400c2270700422422
:10860800212040004048400f000000002400c227fd
:1086180006004224212040004048400f000000008e
:108628002400c22705004224212040004048400f72
:10863800000000002400c22704004224212040003a
:108648004048400f000000002400c22709004224cf
:10865800212040004048400f000000002400c227ad
:1086680008004224212040004048400f000000003c
:108678002400c397010002242500621400000000b2
:108688002600c397010002242400621400000000a1
:108698002c00c39704000224230062140000000089
:1086a80040808293010003244408627c408082a3b6
:1086b80001a0023c0c7944244048400f000000000f
:1086c80001a0023c0d7944244048400f00000000fe
:1086d80001a0023c0e7944244048400f00000000ed
:1086e80001a0023c0f7944244048400f00000000dc
:1086f8005162400b000000001000c22721204000fa
:108708004048400f00000000cd61400b0000000011
:1087180000000000cd61400b0000000000000000d8
:10872800cd61400b00000000000000002c00c29743
:108738002b180200ff006330ffff4224ffff423086
:108748002c00c2a7ecff6014000000002000c297b4
:108758002b180200ff006330ffff4224ffff423066
:108768002000c2a78fff6014000000004962400b80
:10877800000000001e63400f000000002400c22714
:1087880001004224212040004048400f0000000022
:108798002400c227212040004048400f000000006c
:1087a8002400c22703004224212040004048400ff3
:1087b800000000002400c2270200422421204000bb
:1087c8004048400f000000002400c2270700422450
:1087d800212040004048400f000000002400c2272c
:1087e80006004224212040004048400f00000000bd
:1087f8002400c22705004224212040004048400fa1
:10880800000000002400c227040042242120400068
:108818004048400f000000002400c22709004224fd
:10882800212040004048400f000000002400c227db
:1088380008004224212040004048400f000000006a
:108848002400c397010002242500621400000000e0
:108858002600c397010002242400621400000000cf
:108868002c00c397040002242300621400000000b7
:1088780040808293010003244408627c408082a3e4
:1088880001a0023c0c7944244048400f000000003d
:1088980001a0023c0d7944244048400f000000002c
:1088a80001a0023c0e7944244048400f000000001b
:1088b80001a0023c0f7944244048400f000000000a
:1088c8005162400b000000001000c2272120400028
:1088d8004048400f000000004162400b00000000cb
:1088e800000000004162400b000000000000000092
:1088f8004162400b00000000000000002c00c297fd
:108908002b180200ff006330ffff4224ffff4230b4
:108918002c00c2a7ecff6014000000002200c297e0
:108928002b180200ff006330ffff4224ffff423094
:108938002200c2a78fff6014000000009148400f7a
:10894800000000001480829321204000c746400f99
:1089580000000000ffff0224148082a30700022405
:10896800188082af4080829302004230ff0042307c
:10897800030040140000000001a0023c0c7940ac48
:1089880001a0023c0c79438c3800c28f000043ac34
:1089980001000224c862400b00000000428082935c
:1089a8000200422c06004014000000003800c28f6c
:1089b800000040ac01000224c862400b0000000027
:1089c8004280829301004224ff004230428082a309
:1089d80000a0023c00384224130043882120600094
:1089e8001000449821108000490040100000000049
:1089f80000a0023c003842240f0043880c00439832
:108a080000a0023c0038422413004488212880003a
:108a1800100045982110a0002618620000a0023c12
:108a2800003842240f0043a80c0043b800a0023cc1
:108a380000384224130043881000439800a0023ce9
:108a4800003842240f004488212880000c004598f3
:108a58002110a0002618620000a0023c0038422421
:108a6800130043a8100043b800a0023c0038422479
:108a78000f0043880c00439800a0023c00384224b1
:108a88001300448821288000100045982110a00078
:108a98002618620000a0023c003842240f0043a8b8
:108aa8000c0043b8418080a314808393ff00022404
:108ab800070062100000000014808293212040000b
:108ac800c746400f00000000ffff0224148082a365
:108ad80001000224188082afc762400b000000002a
:108ae80000000000c762400b00000000000000000a
:108af800c762400b0000000000000000c762400b86
:108b08000000000000000000c762400b00000000e9
:108b1800000000002110000021e8c0033400bf8fce
:108b28003000be8f3800bd270800e00300000000b9
:108b3800e0ffbd271c00bfaf1800beaf21f0a003a7
:108b48002000c4af2000c28f1000c2afd862400b13
:108b580000000000000000001000c28f00004290da
:108b68001400c2a31000c28f010042241000c2af3b
:108b78001400c29311004010000000001400c393b9
:108b88002e0002240d006210000000001400c393a0
:108b98002f00022409006210000000001400c39393
:108ba8002c00022405006210000000001400c3938a
:108bb8003e000224e8ff6214000000001000c28f8b
:108bc800ff0043302000c28fff00423023106200b4
:108bd800ff004230ffff42241500c2a31500c293d4
:108be800212040004047400f000000001500c293bc
:108bf8002000c48f212840006347400f0000000078
:108c0800010042242000c38f211062002000c2af5f
:108c18001400c2930d004010000000001400c3931c
:108c28002f00022409006210000000001400c39302
:108c38002c00022405006210000000001400c393f9
:108c48003e000224c3ff621400000000212000003f
:108c58004047400f0000000021e8c0031c00bf8f00
:108c68001800be8f2000bd270800e00300000000a8
:108c7800e0ffbd271c00bfaf1800beaf21f0a00366
:108c88001000c227212040004048400f000000008b
:108c980016004010000000001000c293c0004330ce
:108ca800c000022407006214000000001000c22760
:108cb800212040004048400f000000004163400b65
:108cc800000000001000c2930b00401000000000dc
:108cd8001000c29321200000212840006148400f65
:108ce800000000002263400b0000000000000000ac
:108cf8004163400b000000000000000021e8c003b1
:108d08001c00bf8f1800be8f2000bd270800e0039d
:108d1800000000000080013c2628a100c24d04008c
:108d2800ff002931c25d0500ff006b310080073c60
:108d38000042040025400701005205002550470164
:108d4800ffff2d25fe00a12d61002010000000006e
:108d5800ffff6d25fe00a12d770020100000000008
:108d680023602b010d0080050000000020008129f0
:108d780003002014000000001500001002000a245f
:108d880025300a0006508a0104688a011000a611dd
:108d9800000000000e00001002004a3525480b00b4
:108da80023600c002000812903002014000000002b
:108db800070000100200082425300800064088013a
:108dc800046888010200a6110000000002000835ae
:108dd80024608700266885011000a00500000000b7
:108de80021400a012b680a011700a01100000000a9
:108df80001000d310200a01100000000020008353a
:108e08004240080001002925ff0001240e00211519
:108e1800000000000c000010000008242b680a0164
:108e28000400a01123400a01234008000300001099
:108e380026608701500000110000000020300671f4
:108e4800234826010440c8000e0020190000000035
:108e58008000082580000d2d21482d01026a080098
:108e68000100ad3123400d01404008004242080096
:108e7800c06d090025400d0125100c010800e00314
:108e880000000000010006242330c9002000c12c86
:108e980039002010000000000080013c254001013d
:108ea80020000d242368a6010448a801020020110f
:108eb8000640c800010008350000092480000d257f
:108ec800e3ffa10500000000e1ff001001000924f4
:108ed8000e002015000000002140080105000011c7
:108ee8000000000020600c7123482c0198ff00103e
:108ef80004408801ff0001240f00611100000000f8
:108f08000080013c1800a11400000000216808013d
:108f18001b00a01500000000ff00012414006115cb
:108f280000000000266885001500a005000000006c
:108f38000d0000100000000008006015000000008f
:108f480021504a010a0040110000000020604c71c5
:108f580023586c0182ff001004508a0121684a01dd
:108f68000700a01500000000c4ff00102510050030
:108f7800c2ff001025100400c0ff001000000224ea
:108f8800beff0010c0ff023cc23d0400ff00e730f6
:108f9800c24d0500ff00293100800a3c0032040060
:108fa8002530ca000042050025400a0126608500d8
:108fb80024504c01ffffec24fe00812d21002010dd
:108fc80000000000ffff2c25fe00812d3600201038
:108fd800000000001900c8001258000002006011cb
:108fe800103000000100c6340300c0040000000077
:108ff80040300600ffffe72482ff2c252138ec00d3
:10900800ffffec24fe00812d3a0020100000000034
:109018008000c6248000cc2c2138ec0002620600b7
:1090280001008c312330cc0040300600423206006b
:10903800c06507002530cc002510ca000800e003f1
:10904800000000000d00e014000000002130c60000
:109058000500c010000000002058cb702338eb003a
:10906800d8ff001004306601ff0001241f00211101
:109078000000000015000010000000002160c6007c
:109088001a008015000000000400201500000000f0
:10909800216008011500801100000000ff00012474
:1090a8000f002115000000000a0020150000000034
:1090b80021400801050000110000000020580b7134
:1090c80023482b01c3ff001004406801dbff001098
:1090d80025100a0021600801040080150000000026
:1090e800807f013cd5ff001025104101d3ff0010ff
:1090f800c0ff023cfaffe01c0000000001000b2446
:10910800235867012000612df0ff201000000000a7
:1091180020000c2423608b01043886010200e01033
:10912800063066010200c634000007248000cc2403
:10913800b7ff810500000000b5ff001001000724fb
:1091480000800b3cc2450400ff000831c2550500f1
:10915800ff004a31003a04002538eb00004a0500b8
:1091680025482b012670850024586e01ffff0e2527
:10917800fe00c12d3f00201000000000ffff4e251b
:10918800fe00c12d53002010000000002b08e9004c
:1091980003002014000000004238070001000825e1
:1091a80082630900f40180011b00ec00122000001a
:1091b80010300000ff3f2d311900a40112280000d3
:1091c800803306002b70c5000400c0112330c50091
:1091d800ffff84242130c9002b70c900f4018001ed
:1091e8001b00cc0012380000103000001900a70145
:1091f80012280000803306002b70c5000400c0113f
:109208002330c500ffffe7242130c9002b70c900b7
:10921800807304002138ee000200c01000390700f6
:109228000100e7347e000e242370ca0121400e019c
:10923800ffff0e25fe00c12d3400201000000000a5
:109248008000e7248000ee2c21400e010272070006
:109258000100ce312338ee0040380700423a0700bb
:10926800c07508002538ee002510eb000800e00363
:109278000000000008000015000000002138e70089
:109288000500e010000000002060ec7023400c0195
:10929800baff0010043887010400481500000000d8
:1092a800217029012f00c01100000000ff000124d7
:1092b8000800411100000000120000110000000029
:1092c8002170e7002700c0150000000022000010f0
:1092d8000000000008004015000000002148290196
:1092e8001d0020110000000020602c7123504c014b
:1092f800a6ff001004488901217029011900c01532
:1093080000000000d9ff001025100b001200001dfe
:109318000000000001000c24236088012000812d3a
:10932800f8ff20100000000020000e242370cc015c
:109338000440c70102000011063887010200e73423
:10934800000008248000ee24bdffc10500000000d5
:10935800bbff001001000824807f013cc3ff001000
:1093680025106101c1ff0010c0ff023c0080013cd4
:1093780012008010243081000200810400000000e7
:10938800232004009e000524203887702328a70086
:109398000420e400800084248000882c2128a80070
:1093a8000342040001000831232088004020040003
:1093b80042220400c04505002520880025108600ab
:1093c8000800e003000000000f008010000000000b
:1093d8009e000624202885702330c5000420a400a0
:1093e800800084248000872c2130c700023a0400c2
:1093f8000100e730232087004020040042220400b7
:10940800c03d060025208700251004000800e00361
:1094180000000000002a04000080013c2528a1006b
:10942800c23d0400ff00e7309e0006242330c70039
:109438000c00c018000000002000c1280300201400
:109448000000000005000010000002240200810452
:109458000628c50023280500251005000800e0039c
:1094680000000000807f013c010021342b088100ae
:109478000300201400000000f8ff00100080023ce8
:10948800ff7f023cf5ff0010ffff4234002a040072
:109498000080013c2528a100c23d0400ff00e73000
:1094a8009e0006242330c7000c00c0040000000002
:1094b8002000c1280300201400000000050000104f
:1094c80000000224020081040628c50023280500a4
:1094d800251005000800e00300000000807f013c23
:1094e800010021342b088100030020140000000033
:1094f800f8ff00100080023cf6ff0010ffff022476
:10950800feff082440300400403805002548c70005
:109518001b0020110000000000ff013c0100213465
:109528002b08c100190020100000000000ff013cba
:10953800010021342b08e100140020100000000075
:109548000200810442300600233006000200a10414
:1095580042380700233807002a08c70003002010f4
:109568000000000007000010ffff02242a08e600a0
:109578000300201000000000020000100100022477
:10958800000002240800e00300000000fdff0010b6
:109598002510080040100400421002000800e003f3
:1095a800000000000080013c261081000800e00354
:1095b800000000004030040000ff013c010021349d
:1095c8002b08c10003002014000000000a0000104e
:1095d800010002244030050000ff013c0100213455
:1095e8002b08c10003002014000000000200001036
:1095f80001000224000002240800e003000000002b
:020000040000fa
:020000041d01dc
:109608006e61766261722e696e630000666f6f74b8
:109618002e696e63000000002144454600000000ea
:109628000d0a00007478740068746d0068746d6cbd
:109638000000000063676900786d6c006373730055
:1096480067696600706e67006a706700636c610026
:1096580077617600000000002c96019d3096019df0
:109668003496019d3c96019d4096019d4496019d2e
:109678004896019d4c96019d5096019d5496019dda
:109688005896019d5c96019d746578742f706c6185
:10969800696e0000746578742f68746d6c00000042
:1096a800746578742f786d6c0000000074657874a8
:1096b8002f63737300000000696d6167652f676928
:1096c80066000000696d6167652f706e67000000b5
:1096d800696d6167652f6a70656700006170706cfd
:1096e80069636174696f6e2f6a6176612d766d00aa
:1096f800617564696f2f782d7761766500000000c9
:10970800000000009096019d9c96019d9c96019ded
:109718009c96019da896019db496019dc096019db9
:10972800cc96019dd896019de496019df896019de1
:109738000897019d485454502f312e312032303033
:10974800204f4b0d0a436f6e6e656374696f6e3af6
:1097580020636c6f73650d0a000000004854545074
:109768002f312e312034303020426164205265710f
:10977800756573740d0a436f6e6e656374696f6ef9
:109788003a20636c6f73650d0a0d0a34303020423d
:10979800616420526571756573743a2063616e2740
:1097a800742068616e646c6520436f6e74656e74b6
:1097b8002d4c656e6774680d0a00000048545450bb
:1097c8002f312e312034303120556e617574686f19
:1097d80072697a65640d0a5757572d417574686523
:1097e8006e7469636174653a2042617369632072bb
:1097f80065616c6d3d2250726f7465637465642297
:109808000d0a436f6e6e656374696f6e3a20636c00
:109818006f73650d0a0d0a34303120556e61757409
:10982800686f72697a65643a2050617373776f72f2
:10983800642072657175697265640d0a0000000024
:10984800485454502f312e3120343034204e6f7408
:1098580020666f756e640d0a436f6e6e656374697a
:109868006f6e3a20636c6f73650d0a436f6e746593
:109878006e742d547970653a20746578742f687405
:109888006d6c0d0a0d0a3430343a2046696c652037
:109898006e6f7420666f756e643c62723e557365b8
:1098a800203c6120687265663d222f6d7066737575
:1098b800706c6f6164223e4d5046532055706c6f3a
:1098c80061643c2f613e20746f2070726f67726113
:1098d8006d207765622070616765730d0a0000006e
:1098e800485454502f312e31203431342052657170
:1098f800756573742d55524920546f6f204c6f6ee7
:10990800670d0a436f6e6e656374696f6e3a206304
:109918006c6f73650d0a0d0a343134205265717508
:109928006573742d55524920546f6f204c6f6e67c4
:109938003a20427566666572206f766572666c6f4e
:10994800772064657465637465640d0a000000001f
:10995800485454502f312e312035303020496e7400
:1099680065726e616c2053657276657220457272fd
:109978006f720d0a436f6e6e656374696f6e3a207d
:10998800636c6f73650d0a0d0a35303020496e74ab
:1099980065726e616c2053657276657220457272cd
:1099a8006f723a20457870656374656420646174e9
:1099b80061206e6f742070726573656e740d0a0095
:1099c800485454502f312e3120353031204e6f7489
:1099d80020496d706c656d656e7465640d0a436f22
:1099e8006e6e656374696f6e3a20636c6f73650d94
:1099f8000a0d0a353031204e6f7420496d706c6540
:109a08006d656e7465643a204f6e6c7920474554d5
:109a180020616e6420504f535420737570706f72bc
:109a28007465640d0a000000485454502f312e31db
:109a380020323030204f4b0d0a436f6e6e656374d1
:109a4800696f6e3a20636c6f73650d0a436f6e74ad
:109a5800656e742d547970653a20746578742f6832
:109a6800746d6c0d0a0d0a3c68746d6c3e3c626f37
:109a78006479207374796c653d226d617267696ed3
:109a88003a3130307078223e3c666f726d206d65d9
:109a980074686f643d706f737420616374696f6e6e
:109aa8003d222f6d70667375706c6f61642220653e
:109ab8006e63747970653d226d756c74697061723e
:109ac800742f666f726d2d64617461223e3c623e34
:109ad8004d50465320496d6167652055706c6f6124
:109ae800643c2f623e3c703e3c696e707574207415
:109af8007970653d66696c65206e616d653d6920ac
:109b080073697a653d34303e20266e6273703b205f
:109b18003c696e70757420747970653d7375626dfb
:109b280069742076616c75653d2255706c6f61644f
:109b3800223e3c2f666f726d3e3c2f626f64793e09
:109b48003c2f68746d6c3e00485454502f312e31b0
:109b580020323030204f4b0d0a436f6e6e656374b0
:109b6800696f6e3a20636c6f73650d0a436f6e748c
:109b7800656e742d547970653a20746578742f6811
:109b8800746d6c0d0a0d0a3c68746d6c3e3c626f16
:109b98006479207374796c653d226d617267696eb2
:109ba8003a3130307078223e3c623e4d5046532068
:109bb8005570646174652053756363657373667566
:109bc8006c3c2f623e3c703e3c6120687265663d8d
:109bd800222f223e53697465206d61696e20706181
:109be80067653c2f613e3c2f626f64793e3c2f686d
:109bf800746d6c3e00000000485454502f312e31d3
:109c08002035303020496e7465726e616c20536562
:109c180072766572204572726f720d0a436f6e6eae
:109c2800656374696f6e3a20636c6f73650d0a43e0
:109c38006f6e74656e742d547970653a207465780a
:109c4800742f68746d6c0d0a0d0a3c68746d6c3e57
:109c58003c626f6479207374796c653d226d617222
:109c680067696e3a3130307078223e3c623e4d5022
:109c7800465320496d61676520436f727275707431
:109c8800206f722057726f6e672056657273696f06
:109c98006e3c2f623e3c703e3c6120687265663dba
:109ca800222f6d70667375706c6f6164223e5472fa
:109cb8007920616761696e3f3c2f613e3c2f626f7e
:109cc80064793e3c2f68746d6c3e000048545450d3
:109cd8002f312e312033303220466f756e640d0ad5
:109ce800436f6e6e656374696f6e3a20636c6f7351
:109cf800650d0a4c6f636174696f6e3a200000004d
:109d0800485454502f312e312034303320466f724e
:109d180062696464656e0d0a436f6e6e656374698b
:109d28006f6e3a20636c6f73650d0a0d0a34303319
:109d380020466f7262696464656e3a2053534c2002
:109d48005265717569726564202d207573652048a8
:109d5800545450530d0a00003c97019d3c97019db7
:109d68006497019dc497019d4898019de898019dbd
:109d78005899019dc899019d309a019d0897019da8
:109d8800509b019d009c019dd49c019d089d019db7
:109d9800436f6f6b69653a00417574686f72697ad1
:109da8006174696f6e3a0000436f6e74656e742d4e
:109db8004c656e6774683a00989d019da09d019d51
:109dc800b09d019d47455400504f5354000000007a
:109dd8006d70667375706c6f61640000696e6465a0
:109de800782e68746d0000000d0a0d0a3330342097
:109df80052656469726563743a200000436f6e743b
:109e0800656e742d547970653a200000436f6e7446
:109e1800656e742d456e636f64696e673a20677a64
:109e280069700d0a0000000043616368652d436f87
:109e38006e74726f6c3a20006e6f2d636163686593
:109e4800000000006d61782d6167653d000000002d
:109e5800363030005365742d436f6f6b69653a2057
:109e6800000000000d0a0d0a000000000d0a0d0a8e
:109e78004d50465302010000301088bf601088bf63
:109e880001000000301088bf601088bf0200000089
:109e9800301088bf601088bf04000000301088bff1
:109ea800601088bf08000000301088bf601088bfad
:109eb80080000000301088bf601088bf00080000d4
:109ec800301088bf601088bf00800000301088bf45
:109ed800601088bf00000800301088bf601088bf7d
:109ee80010000000301088bf601088bf000100001b
:109ef800301088bf601088bf00100000301088bf85
:109f0800601088bf00000100301088bf601088bf53
:109f180000001000301088bf601088bf20000000cb
:109f2800301088bf601088bf00020000301088bf62
:109f3800601088bf00200000301088bf601088bf04
:109f480000000200301088bf601088bf00002000a9
:109f5800401088bf701088bf00000020401088bfe4
:109f6800701088bf00000040401088bf701088bf84
:109f780000000080501088bf801088bf01000000da
:109f8800501088bf801088bf02000000301088bfc2
:109f9800601088bf40000000301088bf601088bf84
:109fa80000040000301088bf601088bf0040000027
:109fb800301088bf601088bf00000400301088bfd0
:109fc800601088bf00004000401088bf701088bf34
:109fd80001000000301088bf601088bf00008003b7
:109fe800401088bf701088bfe0000000301088bfa4
:109ff800601088bf0000001c401088bf701088bf28
:10a0080000070000301088bf601088bf0000800083
:10a01800401088bf701088bf20000000301088bf33
:10a02800601088bf00000004401088bf701088bf0f
:10a0380000010000301088bf601088bf00000002d7
:10a04800401088bf701088bf80000000301088bfa3
:10a05800601088bf00000010401088bf701088bfd3
:10a0680000040000301088bf601088bf00000001a5
:10a07800401088bf701088bf40000000301088bfb3
:10a08800601088bf00000008401088bf701088bfab
:10a0980000020000301088bf601088bf000000e098
:10a0a800401088bf701088bf00380000301088bf8b
:10a0b800601088bf0000001c401088bf701088bf67
:10a0c800e0000000401088bf701088bf0007000043
:10a0d800301088bf601088bf00000020401088bf83
:10a0e800701088bf00080000301088bf601088bf5b
:10a0f80000000004401088bf701088bf20000000d6
:10a10800401088bf701088bf00010000301088bf61
:10a11800601088bf00000040401088bf701088bfe2
:10a1280000100000301088bf601088bf00000008d1
:10a13800401088bf701088bf40000000401088bfe2
:10a14800701088bf00020000301088bf601088bf00
:10a1580000000080401088bf701088bf00200000f9
:10a16800301088bf601088bf00000010401088bf02
:10a17800701088bf80000000401088bf701088bf32
:10a1880000040000301088bf601088bf0000001c69
:10a19800401088bf701088bf00070000401088bfbb
:10a1a800701088bfe0000000501088bf801088bf82
:10a1b80038000000501088bf801088bf000e0000d3
:10a1c800501088bf801088bfc0010000301088bfc1
:10a1d800601088bf00000004401088bf701088bf5e
:10a1e80000010000401088bf701088bf20000000e8
:10a1f800501088bf801088bf08000000501088bf2a
:10a20800801088bf00020000501088bf801088bfef
:10a2180040000000301088bf601088bf00000008b0
:10a22800401088bf701088bf00020000401088bf2f
:10a23800701088bf40000000501088bf801088bf91
:10a2480010000000501088bf801088bf0004000074
:10a25800501088bf801088bf80000000301088bf71
:10a26800601088bf00000010401088bf701088bfc1
:10a2780000040000401088bf701088bf80000000f4
:10a28800501088bf801088bf20000000501088bf81
:10a29800801088bf00080000501088bf801088bf59
:10a2a80000010000401088bf701088bf0200000045
:10a2b800401088bf701088bf04000000501088bf8d
:10a2c800801088bf04000000401088bf701088bf4d
:10a2d80008000000401088bf701088bf1000000000
:10a2e800401088bf701088bf00400000401088bf31
:10a2f800701088bf00000001401088bf701088bf30
:10a3080000800000401088bf701088bf0000010066
:10a31800401088bf701088bf00000200401088bf3e
:10a32800701088bf00000400401088bf701088bffc
:10a3380000000800401088bf701088bf000010009f
:10a34800401088bf701088bf00002000401088bff0
:10a35800701088bf00004000401088bf701088bf90
:10a3680000008000401088bf701088bf0000000205
:10a37800401088bf701088bf00000004401088bfdc
:10a38800701088bf00000008401088bf701088bf98
:10a3980000000010901088bf0000000002000000bc
:10a3a800901088bf080000000a000000901088bfc5
:10a3b8001000000012000000901088bf1800000074
:10a3c8001a000000a01088bf180000001a00000042
:10a3d800b01088bf180000001a000000c01088bf25
:10a3e800180000001a000000d01088bf18000000f4
:10a3f8001a000000a01088bf000000000200000042
:10a40800b01088bf0000000002000000c01088bf24
:10a418000000000002000000d01088bf000000000b
:10a4280002000000e01088bf0000000002000000e9
:10a43800a01088bf080000000a000000b01088bf04
:10a44800080000000a000000c01088bf08000000d3
:10a458000a000000d01088bf080000000a000000b1
:10a46800e01088bf080000000a000000a01088bfa4
:10a478001000000012000000b01088bf100000009b
:10a4880012000000c01088bf100000001200000079
:10a49800d01088bf1000000012000000e01088bf34
:10a4a8001000000012000000e01088bf1800000033
:10a4b8001a000000001188bf180000001a000000f0
:10a4c800f01088bf0000000002000000101188bfd3
:10a4d8000000000002000000f01088bf000000002b
:10a4e80002000000101188bf0000000002000000f8
:10a4f800001188bf180000001a000000501188bf22
:10a50800080000000a000000501188bf1800000071
:10a518001a000000501188bf10000000120000004f
:10a52800f01088bf080000000a000000101188bf62
:10a53800080000000a000000f01088bf00000000ba
:10a5480002000000001188bf180000001a00000077
:10a55800101188bf0000000002000000f01088bf42
:10a568001000000012000000f01088bf1800000062
:10a578001a000000001188bf00000000020000005f
:10a58800001188bf080000000a000000001188bf01
:10a598001000000012000000101188bf1000000019
:10a5a80012000000101188bf180000001a000000f7
:10a5b800201188bf0000000002000000201188bfa1
:10a5c800080000000a000000201188bf10000000e9
:10a5d80012000000201188bf180000001a000000b7
:10a5e800301188bf0000000002000000301188bf51
:10a5f800080000000a000000301188bf10000000a9
:10a6080012000000301188bf180000001a00000076
:10a61800401188bf0000000002000000401188bf00
:10a62800080000000a000000401188bf1000000068
:10a6380012000000401188bf180000001a00000036
:0ca64800501188bf00000000020000005c
:020000040000fa
:020000041d01dc
:10a65400c0ffbd273c00bfaf3800beaf21f0a00350
:10a66400c880828f010003240e0043100000000004
:10a674000100432c060060140000000002000324c3
:10a684001600431000000000ce6a400b00000000da
:10a69400c880828f01004224c88082afce6a400bfa
:10a6a4000000000021200000212800008900062469
:10a6b40089000724d244400f00000000cc8082a30c
:10a6c400cc808393ff000224160162100000000076
:10a6d400c880828f01004224c88082afcc808293dc
:10a6e400212040001c48400f0000000010014010d1
:10a6f4000000000000a0023c583743240300638894
:10a704005837439800a0023c00384424030084884e
:10a7140021288000003845982110a00026186200e6
:10a7240000a0023c0038422407004488212880000d
:10a73400040045982110a000241062000500401078
:10a74400000000009148400f00000000ce6a400b5a
:10a75400000000001c00c227010042242120400008
:10a764004048400f000000001c00c2272120400088
:10a774004048400f000000001c00c2270300422490
:10a78400212040004048400f000000001c00c22768
:10a7940002004224212040004048400f00000000f5
:10a7a4001c00c22705004224212040004048400fdd
:10a7b400000000001c00c2270400422421204000a5
:10a7c4004048400f000000001c00c227070042243c
:10a7d400212040004048400f000000001c00c22718
:10a7e40006004224212040004048400f00000000a1
:10a7f4001c00c22709004224212040004048400f89
:10a80400000000001c00c227080042242120400050
:10a814004048400f000000001c00c2270b004224e7
:10a82400212040004048400f000000001c00c227c7
:10a834000a004224212040004048400f000000004c
:10a84400bd6a400b000000002800c2272120400000
:10a85400056b400f000000001000c22721204000bb
:10a864004048400f000000001400c22701004224a9
:10a87400212040004048400f000000001400c2277f
:10a88400212040004048400f000000001800c2276b
:10a8940001004224212040004048400f00000000f5
:10a8a4001800c227212040004048400f000000004b
:10a8b4001400c397200002248d00621400000000dd
:10a8c4001800c397010002248900621400000000ec
:10a8d4002800c2272120400000a0023c1c38452447
:10a8e40010000624bf85400f0000000080004014c3
:10a8f4000000000000000000cc8082932120400072
:10a904001d47400f00000000fbff40100000000046
:10a91400008402241e00c2a71d00c293212040000f
:10a924004047400f000000001c00c293212040005b
:10a934004047400f000000001f00c2932120400048
:10a944004047400f000000001e00c2932120400039
:10a954004047400f00000000212000004047400f06
:10a9640000000000212000004047400f00000000cc
:10a97400212000004047400f000000000100042493
:10a984004047400f00000000212000004047400fd6
:10a9940000000000212000004047400f000000009c
:10a9a400212000004047400f00000000212000004b
:10a9b4004047400f0000000000a0023c1c38442423
:10a9c400d46a400f00000000212000004047400fdf
:10a9d40000000000200004244047400f0000000055
:10a9e400212000004047400f000000000100042423
:10a9f4004047400f00000000212000004047400f66
:10aa040000000000212000004047400f000000002b
:10aa1400212000004047400f0000000021200000da
:10aa24004047400f00000000212000004047400f35
:10aa340000000000060004244047400f000000000e
:10aa4400600004244047400f000000002120000063
:10aa54004047400f0000000000a0023c0038429034
:10aa6400212040004047400f0000000000a0023cad
:10aa74000038422401004290212040004047400f0a
:10aa84000000000000a0023c003842240200429072
:10aa9400212040004047400f0000000000a0023c7d
:10aaa4000038422403004290212040004047400fd8
:10aab40000000000cc80829380180200c0100300c4
:10aac4002310430000a0033c4036632421104300bc
:10aad4002120400000a0023c583745240a000624e7
:10aae400e47f400f00000000a347400f0000000077
:10aaf4002000c2972b180200ff006330ffff42249e
:10ab0400ffff42302000c2a74fff60140000000086
:10ab14009148400f0000000000000000ce6a400b86
:10ab24000000000000000000ce6a400b000000009e
:10ab34000000000021e8c0033c00bf8f3800be8f36
:10ab44004000bd270800e00300000000e0ffbd272f
:10ab54001c00bfaf1800beaf21f0a0032000c4af9b
:10ab6400200004244047400f000000001000c0a350
:10ab7400f86a400b000000002000c28f00004290e1
:10ab84001100c2a32000c28f010042242000c2afe2
:10ab94001100c29302110200ff004230410042241e
:10aba400ff004230212040004047400f00000000d9
:10abb4001100c2930f004230ff0042304100422492
:10abc400ff004230212040004047400f00000000b9
:10abd4001000c293010042241000c2a31000c293cb
:10abe4001000422ce4ff401400000000212000006b
:10abf4004047400f0000000021e8c0031c00bf8f45
:10ac04001800be8f2000bd270800e00300000000ec
:10ac1400e0ffbd271c00bfaf1800beaf21f0a003aa
:10ac24002000c4af2000c28f1500401400000000b3
:10ac34001100c227212040004048400f00000000be
:10ac4400176b400b000000001200c22721204000b7
:10ac54004048400f000000001100c2932b1802006e
:10ac6400ff006330ffff4224ff0042301100c2a303
:10ac7400f5ff601400000000586b400b000000005a
:10ac84001100c227212040004048400f000000006e
:10ac94001100c3932000022427006210000000006a
:10aca4002000c28f000040a0586b400b0000000041
:10acb4001200c227212040004048400f000000003d
:10acc4001200c293bfff4224ff0042301200c2a30d
:10acd4001200c293001102001000c2a31100c2931b
:10ace400ffff4224ff0042301100c2a31200c2271a
:10acf400212040004048400f000000001200c29391
:10ad0400bfff4224ff0042301200c2a31200c393cb
:10ad14001000c29325106200ff0043302000c28f50
:10ad2400000043a02000c28f010042242000c2afd3
:10ad3400506b400b00000000000000001100c293a3
:10ad44002b180200ff006330ffff4224ff00423053
:10ad54001100c2a3d6ff60140000000021e8c00364
:10ad64001c00bf8f1800be8f2000bd270800e00321
:10ad740000000000e0ffbd271c00bfaf1800beaffd
:10ad840021f0a0032000c4af2110a0002400c2a71a
:10ad94001000c2272120400004000524995e400fc2
:10ada400000000001000c397080002244800621449
:10adb400000000002400c29714000424212840004d
:10adc4000e5f400f0000000065004014000000000a
:10add4001000c0a31200c29308004224ff004230b6
:10ade4001200c2a31200c2930800422c0e004010ad
:10adf400000000001300c29301004224ff0042300f
:10ae04001300c2a31300c2930a0040140000000000
:10ae14001200c29301004224ff0042301200c2a378
:10ae24008f6b400b00000000000000008f6b400b94
:10ae34000000000000000000e15c400f0000000082
:10ae4400fdff401000000000af5c400f0000000058
:10ae54000e00422421204000d35c400f000000007b
:10ae64002400c2972000c48f010005242130400033
:10ae74002678400f000000001000c2272120400067
:10ae8400040005245f5d400f000000002400c29709
:10ae9400fcff4224ffff4230ffff0424ffff052490
:10aea40021304000ca5e400f000000000000000096
:10aeb400f35e400f00000000fdff401000000000a2
:10aec400b05d400f00000000e36b400b0000000089
:10aed4001000c2972c004014000000001000c2278c
:10aee4002120400004000524995e400f000000006a
:10aef4001000c397beef02341c006214000000006f
:10af04001200c3979c8082971b006214000000000b
:10af1400212000007178400f000000000a00042482
:10af2400fc5e400f0000000016004014000000000a
:10af3400a4808293010003244408627ca48082a339
:10af44005677400f0000000021184000a080828f37
:10af540023106200a08082afe36b400b000000006e
:10af640000000000e36b400b000000000000000044
:10af7400e36b400b0000000000000000e36b400b9b
:10af8400000000000000000021e8c0031c00bf8f87
:10af94001800be8f2000bd270800e0030000000059
:10afa400e8ffbd271400bfaf1000beaf21f0a0031f
:10afb4001800c4afa48082934408027ca48082a3b6
:10afc4005677400f00000000a08082af01a0023c31
:10afd4001800c38f187943ac03000224a88082af01
:10afe40021e8c0031400bf8f1000be8f1800bd27d6
:10aff4000800e00300000000e8ffbd271400bfaf15
:10b004001000beaf21f0a0031800c4afa480829347
:10b014004408027ca48082a35677400f00000000fd
:10b02400a08082afa48082938410027ca48082a337
:10b0340001a0023c1800c38f187943ac010002241c
:10b04400a88082af21e8c0031400bf8f1000be8f18
:10b054001800bd270800e00300000000d8ffbd274a
:10b064002400bfaf2000beaf21f0a003a880828fd0
:10b074000700432c880060100000000080180200c4
:10b08400029d023c9cb04224211062000000428ccc
:10b0940008004000000000009cb2019db8b0019d72
:10b0a40024b1019d6cb1019d8cb1019db4b1019d90
:10b0b4007cb2019d7a5f400f0000000079004010cf
:10b0c40000000000a480829304004230ff0042305c
:10b0d400090040100000000001a0023c1879428cd5
:10b0e4002120400001000524ab5f400f0000000058
:10b0f400456c400b0000000001a0023c1879428c12
:10b104002120400001000524ab5f400f0000000037
:10b1140002000224a88082afb76c400b000000003c
:10b1240001a0023c18794424d05f400f00000000c5
:10b134005f004010000000008f5f400f000000001f
:10b1440001a0023c1879428c050040140000000064
:10b15400a88080affdff0224cc6c400b00000000ef
:10b1640003000224a88082af01a0023c1879442481
:10b17400506f400f0000000004000224a88082af3a
:10b18400b76c400b0000000001a0023c1879442475
:10b1940001a0023c1c794524896f400f0000000087
:10b1a400460040100000000005000224a88082af81
:10b1b400e15c400f0000000043004010000000006c
:10b1c400080002241000c2a31100c0a31200c0a7eb
:10b1d400beef02241400c2a79c808297010042247f
:10b1e400ffff42309c8082a79c8082971600c2a7f2
:10b1f400602802241800c2a71000c22721204000a2
:10b204000a0005242352400f000000001200c2a7c8
:10b214005677400f00000000a08082afaf5c400f63
:10b22400000000000e00422421204000d35c400fa7
:10b234000000000001a0023c187944240100052408
:10b244000a0006242678400f000000001000c227e0
:10b25400212040000a0005245f5d400f000000002b
:10b26400b05d400f0000000006000224a88082aff9
:10b27400b76c400b00000000a480829302004230af
:10b28400ff0042301300401000000000a080828fb5
:10b29400cc6c400b00000000ffff0224cc6c400b80
:10b2a4000000000000000000b76c400b000000002c
:10b2b40000000000b76c400b00000000000000001c
:10b2c400b76c400b0000000000000000b76c400b9e
:10b2d40000000000000000005677400f000000004e
:10b2e40021184000a080828f231862001300023cc2
:10b2f400d11242342b1062000b00401400000000f5
:10b30400a880838f0200022403006214000000005e
:10b314008f5f400f00000000a88080afffff022471
:10b32400cc6c400b00000000feff022421e8c003a7
:10b334002400bf8f2000be8f2800bd270800e00333
:10b3440000000000f8ffbd270400beaf21f0a003f9
:10b35400a480829301004230ff0042300400401078
:10b364000000000021100000e26c400b000000000f
:10b37400a4808293010003240400627ca48082a33d
:10b384000100022421e8c0030400be8f0800bd2789
:10b394000800e00300000000f8ffbd270400beaf72
:10b3a40021f0a003a48082930400027ca48082a3e1
:10b3b40021e8c0030400be8f0800bd270800e00395
:10b3c40000000000e8ffbd271400bfaf1000beafaf
:10b3d40021f0a0031800c4af1c00c5af1800c28f31
:10b3e4007c00423082100200308182af0070024043
:10b3f400348182af1800c28f0400410400000000b1
:10b404003481828f04004224348182af8d86400fc0
:10b4140000000000e8ffbd271400bfaf1000beaf5e
:10b4240021f0a003166d400f00000000566e400f7f
:10b43400000000004476400f00000000c976400f71
:10b44400000000005c31400f000000000c6d400b58
:10b454000000000080ffbd277c00bfaf7800beafb6
:10b4640021f0a003c404023c00b442341000c2af73
:10b474001000c28f1400c2af1400c28f1800c2aff4
:10b484001800c28f1c00c2af1800c38fc404023c52
:10b4940001b442342b106200080040140000000084
:10b4a4000800023c2000c2af1c00c28f4210020000
:10b4b4001c00c2af316d400b000000002000c0af83
:10b4c4002000c28f2400c2af448a400f0000000055
:10b4d4002800c2af88bf023c0030428c0003427c8b
:10b4e400ff0042302c00c2af2c00c28f0900401470
:10b4f4000000000088bf023c00100324083043ac65
:10b5040088bf023c0030428c00084230fcff4014eb
:10b51400000000002c00c28f3000c2af81bf023c8b
:10b5240030f240ac81bf023c99aa033c55666334b7
:10b5340030f243ac81bf023c6655033caa996334a4
:10b5440030f243ac81bf023c00f0428c7000c2afc9
:10b554007000c28fc4a4027c7000c2af7000c38f9d
:10b564002400c28f251062007000c2af7000c38f28
:10b5740081bf023c00f043ac81bf023c00f0428c2e
:10b584007000c2af81bf023c3333033c33336334b6
:10b5940030f243ac3000c28f3400c2af3400c28feb
:10b5a400130040100000000088bf023c0030428cb1
:10b5b4000003427cff0042303800c2af3800c28f23
:10b5c4000e0040140000000088bf023c0010032459
:10b5d400083043ac88bf023c0030428c0008423043
:10b5e400fcff401400000000806d400b00000000d0
:10b5f40088bf023c00100324043043ac2800c48fed
:10b60400e889400f000000001c00c28f3c00c2af5c
:10b614004000c0af906d400b000000004000c28f9e
:10b62400010042244000c2af1400c38f36fe023c26
:10b63400803c4234211062001400c2af1400c38f56
:10b64400c901023c81c342342b106200f3ff401055
:10b6540000000000448a400f000000004400c2af14
:10b6640088bf023c4000c38f004043ac4400c48ff9
:10b67400e889400f000000003c00c28f4800c2afc0
:10b68400448a400f000000004c00c2af88bf023c57
:10b6940040000324042043ac88bf023c0040428c99
:10b6a4005000c2af5000c28f300042345000c2afcd
:10b6b40088bf023c5000c38f004043ac018a400f56
:10b6c400000000004c00c48fe889400f0000000017
:10b6d4000789400f000000005400c0af448a400fa7
:10b6e400000000005800c2af88bf023c0030428c0a
:10b6f4000003427cff0042305c00c2af5c00c28f9a
:10b70400090040140000000088bf023c001003241c
:10b71400083043ac88bf023c0030428c0008423001
:10b72400fcff4014000000005c00c28f6000c2af48
:10b7340081bf023c30f240ac81bf023c99aa033c79
:10b744005566633430f243ac81bf023c6655033c1a
:10b75400aa99633430f243ac81bf023c00f0428cbe
:10b764006c00c2af6c00c28fc4a4027c6c00c2af78
:10b774006c00c38f5400c28f251062006c00c2afee
:10b784006c00c38f81bf023c00f043ac81bf023c1c
:10b7940000f0428c6c00c2af81bf023c3333033ce7
:10b7a4003333633430f243ac6000c28f6400c2af01
:10b7b4006400c28f130040100000000088bf023ce8
:10b7c4000030428c0003427cff0042306800c2af6c
:10b7d4006800c28f0e0040140000000088bf023cc5
:10b7e40000100324083043ac88bf023c0030428c74
:10b7f40000084230fcff401400000000056e400bbe
:10b804000000000088bf023c00100324043043ac55
:10b814005800c48fe889400f00000000018a400fdf
:10b824000000000088bf023c0040428c30004334da
:10b8340088bf023c004043ac88bf023c4000032464
:10b84400042043ac81bf033c00f2628cc418027c28
:10b8540000f262ac81bf023cffff0334609043ac52
:10b8640080bf023c507040ac88bf033cd060628c07
:10b87400010004240400827cd06062ac88bf033cd5
:10b88400c060628c0400027cc06062ac88bf033c70
:10b894000061628c010004248410827c006162ac2b
:10b8a40088bf033c0061628c010004244429827c2b
:10b8b400006162ac88bf033c0061628c0100042417
:10b8c4008431827c006162acfe76400f000000008f
:10b8d400053a400f00000000486e400f00000000d1
:10b8e4002576400f0000000000a0023c68014224bd
:10b8f400540040a088bf033cd060628c0400027cea
:10b90400d06062ac21e8c0037c00bf8f7800be8f9a
:10b914008000bd270800e00300000000e8ffbd2709
:10b924001400bfaf1000beaf21f0a00300a0023c82
:10b9340000384424cf7b400f0000000021e8c003fe
:10b944001400bf8f1000be8f1800bd270800e0034d
:10b9540000000000e8ffbd271400bfaf1000beaf19
:10b9640021f0a0035677400f00000000211840008a
:10b97400e080828f231862000200023c5a62423443
:10b984002b106200100040140000000088bf023c2d
:10b99400d060428c0000427cff00423001004238fb
:10b9a400ff00423001004230ff00443088bf033cb6
:10b9b400d060628c0400827cd06062ac5677400f09
:10b9c40000000000e08082af21e8c0031400bf8fb4
:10b9d4001000be8f1800bd270800e003000000001f
:10b9e400e8ffbd271400bfaf1000beaf21f0a003d5
:10b9f4001800c4af00000000e15c400f000000002c
:10ba0400fdff401000000000af5c400f000000008c
:10ba140021204000d35c400f000000001800c28fba
:10ba240001000324000043a41800c28f000803246b
:10ba3400020043a41800c28f06000324040043a09c
:10ba44001800c28f04000324050043a01800c28f0d
:10ba5400080042242120400000a0023c2d38452447
:10ba640006000624e47f400f000000001800c28f87
:10ba740000a0033c0038642403008488212880004b
:10ba8400003865982118a000110043a80e0043b89f
:10ba94001800c48fc16f400f000000001800c28f4f
:10baa4001200422421204000060005241c00062424
:10bab400775d400f000000001800c28f2120400075
:10bac4001c0005245f5d400f00000000b05d400fc6
:10bad400000000000100022421e8c0031400bf8f0d
:10bae4001000be8f1800bd270800e003000000000e
:10baf400f8ffbd270400beaf21f0a00301a0023c63
:10bb0400f4784224ffff0324040043a001a0023c74
:10bb1400f4784224ffff0324050043a001a0023c63
:10bb2400f4784224ffff0324060043a001a0023c52
:10bb3400f4784224ffff0324070043a001a0023c41
:10bb4400f4784224ffff0324080043a001a0023c30
:10bb5400f4784224ffff0324090043a001a0023c1f
:10bb6400f47840ac21e8c0030400be8f0800bd2770
:10bb74000800e00300000000c8ffbd273400bfaf89
:10bb84003000beaf21f0a0039480828f06004010e5
:10bb940000000000010003244a00431000000000dc
:10bba400496f400b000000001000c2272120400014
:10bbb4001c000524995e400f00000000cc5d400f7e
:10bbc400000000001000c22721204000c16f400f78
:10bbd400000000001000c397010002240900621451
:10bbe400000000001400c393060002240500621440
:10bbf400000000001500c393040002240400621036
:10bc040000000000010002244a6f400b0000000005
:10bc14001600c397020002240e0062140000000004
:10bc240001a0023cf47842241800c38f040043ac02
:10bc34001c00c397080043a401a0023c2100c38b4d
:10bc44001e00c39bf47843ac010002244a6f400bee
:10bc5400000000001600c3970100022419006214ba
:10bc6400000000002800c38f00a0023c00384424d8
:10bc74000300848821288000003845982110a00002
:10bc84000400621000000000010002244a6f400b0f
:10bc94000000000001a0023c2100c38b1e00c39bd6
:10bca400007943ac01a0023c007942241800c38f00
:10bcb400040043ac1c00c397080043a40100022401
:10bcc400948082af020002241600c2a701a0023ca5
:10bcd400007942240400438c2500c3ab2200c3bb7b
:10bce400080042942600c2a701a0023c0079428cbd
:10bcf4002800c2af1000c22721204000796e400ff7
:10bd040000000000040040140000000021100000a6
:10bd14004a6f400b00000000948080af00000000d8
:10bd24000100022421e8c0033400bf8f3000be8f1d
:10bd34003800bd270800e00300000000c8ffbd274d
:10bd44003400bfaf3000beaf21f0a0033800c4af51
:10bd5400010002241600c2a7ffff02242200c2a38e
:10bd6400ffff02242300c2a3ffff02242400c2a376
:10bd7400ffff02242500c2a3ffff02242600c2a362
:10bd8400ffff02242700c2a300a0023c0038432482
:10bd940003006388003843983800c28f0000428c47
:10bda4002618620000a0023c0038422407004488a0
:10bdb40021288000040045982110a000241062006e
:10bdc4000a0040100000000000a0023c0038422499
:10bdd4000b00438821206000080044982110800053
:10bde4002800c2af7f6f400b000000003800c28ff4
:10bdf4000000428c2800c2af1000c227212040005e
:10be0400796e400f0000000021e8c0033400bf8faa
:10be14003000be8f3800bd270800e003000000009a
:10be2400f8ffbd270400beaf21f0a0030800c4af93
:10be34000c00c5af01a0023cf478438c0800c28f0b
:10be44000000428c1b0062100000000001a0023cb4
:10be5400f478438c00a0023c003842240b00448850
:10be640021288000080045982110a0001e006214bb
:10be74000000000000a0023c003843240300638853
:10be8400003843980800c28f0000428c26186200d4
:10be940000a0023c00384224070044882128800086
:10bea400040045982110a000241062000e004010e8
:10beb400000000000c00c28f01a0033cf47863244e
:10bec4000400648c030044a8000044b80800649093
:10bed400040044a009006390050043a0010002246b
:10bee400bc6f400b000000002110000021e8c003db
:10bef4000400be8f0800bd270800e0030000000016
:10bf0400e8ffbd271400bfaf1000beaf21f0a003af
:10bf14001800c4af1800c28f0000429421204000d2
:10bf2400d651400f00000000211840001800c28fb5
:10bf3400000043a41800c28f020042942120400054
:10bf4400d651400f00000000211840001800c28f95
:10bf5400020043a41800c28f06004294212040002e
:10bf6400d651400f00000000211840001800c28f75
:10bf7400060043a421e8c0031400bf8f1000be8f45
:10bf84001800bd270800e00300000000e0ffbd2703
:10bf94001c00bfaf1800beaf21f0a003a55c400f8a
:10bfa400000000004e0040100000000021200000ae
:10bfb400212800002c0b06245f760724d244400f6e
:10bfc400000000001100c2a31100c393ff0002246b
:10bfd4004600621000000000000000001100c2933f
:10bfe400212040001d47400f00000000fbff4010cf
:10bff4000000000000a0023c1c3844240f0005246b
:10c004006347400f000000000d0004244047400f28
:10c01400000000000a0004244047400f0000000014
:10c024001000c0a31000c29300a0033c0038632496
:10c03400211062002d004290212040004951400f00
:10c0440000000000212040004047400f0000000095
:10c054001000c29300a0033c003863242110620046
:10c064002d004290212040006251400f000000004a
:10c07400212040004047400f000000001000c29300
:10c08400010042241000c2a31000c393060002243e
:10c094000e00621400000000029d023cb4234224fe
:10c0a400212040008d47400f00000000a347400faf
:10c0b400000000001100c29321204000c746400f39
:10c0c400000000003d70400b000000002d0004241f
:10c0d4004047400f000000000a70400b00000000c1
:10c0e400000000003d70400b000000000000000054
:10c0f40021e8c0031c00bf8f1800be8f2000bd279d
:10c104000800e00300000000c0ffbd273c00bfaff3
:10c114003800beaf3400b0af21f0a0031000c0afb0
:10c124001400c0af1800c0af1c00c0af2000c0afe7
:10c134002400c0af2800c0a3ac80828f0100032478
:10c1440019004310000000000100432c0600601495
:10c15400000000000200032433004310000000002c
:10c16400f970400b0000000021200000212800008d
:10c174005f7606245f760724d244400f0000000057
:10c18400b08082a3b0808393ff0002248a006210ef
:10c1940000000000ac80828f01004224ac8082af9a
:10c1a400f970400b00000000b08082932120400011
:10c1b4001c48400f000000008200401000000000f6
:10c1c4002900c227212040004048400f0000000001
:10c1d4009148400f000000002900c393440002244a
:10c1e4007b00621400000000ac80828f01004224b6
:10c1f400ac8082afb080829380180200c01003002c
:10c204002310430000a0033c403663242110430064
:10c214002120400000a0023c583745240a0006248f
:10c22400e47f400f00000000b08082932120400092
:10c234001d47400f0000000068004010000000008f
:10c2440000a0023c1c3844240f0005246347400f1f
:10c25400000000000d0004244047400f00000000cf
:10c264000a0004244047400f000000002900c0a336
:10c274002900c29300a0033c00386324211062000b
:10c284002d004290212040004951400f0000000041
:10c29400212040004047400f000000002900c293c5
:10c2a40000a0033c00386324211062002d0042905a
:10c2b400212040006251400f000000002120400076
:10c2c4004047400f000000002900c29301004224af
:10c2d400ff0042302900c2a32900c39306000224b0
:10c2e40030006214000000000d0004244047400f99
:10c2f400000000000a0004244047400f0000000032
:10c304001000c32700a0023c4619422421206000eb
:10c3140021284000567e400f000000001000d02766
:10c324001000c227212040003e80400f0000000082
:10c334002110020221204000029d023cd02345240a
:10c3440010000624e47f400f000000001000d027f6
:10c354001000c227212040003e80400f0000000052
:10c364002110020221204000029d023ce0234524ca
:10c3740007000624e47f400f000000001000c227dd
:10c38400212040008d47400f00000000a347400fcc
:10c394000000000001000224ac8082aff970400b61
:10c3a400000000002d0004244047400f000000005e
:10c3b4009d70400b0000000000000000f970400b6d
:10c3c4000000000000000000f970400b00000000b5
:10c3d40000000000f970400b0000000000000000a5
:10c3e40021e8c0033c00bf8f3800be8f3400b08ffb
:10c3f4004000bd270800e003000000002140c00009
:10c40400214880003c00e0142118a0002b10a60055
:10c414004a0040102010c270080040500234080046
:10c424002320020006208900041845000440460029
:10c434002518830004484900023408001b006600e4
:10c44400f401c000ffff0c3102240900125800005f
:10c454001050000000540a002550440102586c7129
:10c464002b684b011b006600f401c0000900a051b9
:10c4740023504b01215048012b18480105006054fa
:10c4840023504b012b204b01211848010b50640011
:10c4940023504b011b004601f401c000ffff29316a
:10c4a4001220000010180000001c03002548690039
:10c4b40002208c702b1824011b004601f401c000db
:10c4c4000900605023482401214828012b18280121
:10c4d40005006054234824012b182401214028011d
:10c4e4000b480301234824010610490021180000c9
:10c4f4000800e003000000002b10a70048004014cf
:10c504002040e8704a00001520000a242b10e500a2
:10c5140005004014231086002b408600f4ff00150c
:10c5240021108000231086002318a7002b208200ee
:10c53400231864000800e003000000000600c01493
:10c5440020100271010002241b004600f401c00007
:10c5540012400000201002717d0040542000092484
:10c564002328a800021c0800ffff07311b00a300ba
:10c57400f401600002540900122000001030000091
:10c58400003406002530ca00022087702b50c400f6
:10c594001b00a300f4016000090040512330c400d3
:10c5a4002130c8002b28c8000500a0542330c40043
:10c5b4002b50c4002128c8000b30aa002330c4002b
:10c5c4001b00c300f4016000ffff293112280000a2
:10c5d4001020000000240400254889000238a770b8
:10c5e4002b2027011b00c300f401600009008050c8
:10c5f40023482701214828012b18280105006054ed
:10c60400234827012b182701214028010b48030147
:10c6140023482701061049003d71400b21180000f2
:10c62400211080002118a0000800e0030000000091
:10c6340023504801061046010438070125384700f5
:10c6440006584501024c07001b006901f401200152
:10c65400ffffe33006684401042805012528a501ed
:10c66400026c050004300601126000001010000086
:10c674000014020025104d001b006901f401200183
:10c68400025883712b684b000a00a0110420040196
:10c69400211047002b6847000600a015ffff8c25da
:10c6a4002b684b000400a05123104b00ffff8c2586
:10c6b4002110470023104b001b004900f401200106
:10c6c400ffffa53012580000106800001b0049004d
:10c6d400f401200100140d0025284500024863716f
:10c6e4002b10a9000600405000640c002128a7006c
:10c6f4002b10a7004d004010ffff6b2500640c00b9
:10c7040025586c01190066012328a90010c80000ef
:10c714002b68b900217020033e00a01512480000c8
:10c724004b00b9102318b900121000002310820026
:10c734002b208200231864000450430106100201d8
:10c7440025104a00061803010800e0030000000059
:10c75400234822010440480006302501021c080039
:10c764001b00c300f4016000ffff073106582401d9
:10c774000428450025586501022c0b000448440098
:10c78400125000001060000000240c002520a400ba
:10c79400025047712b288a001b00c300f40160007b
:10c7a4000600a05023208a00212088002b2888001e
:10c7b4002400a0102b308a0023208a001b00830051
:10c7c400f4016000ffff6b311230000010280000fc
:10c7d400002c05002528ab000230c7702b50a600a2
:10c7e4001b008300f401600060ff40512328a60071
:10c7f4002128a8002b20a8005cff80542328a60031
:10c804002b50a6002120a8000b288a005c71400b45
:10c814002328a600231026012318c7012b48220130
:10c8240023186900cc71400b2318a3002b10a90016
:10c83400b3ff405000640c00ffff6b25c071400b38
:10c844002128a70021288800ef71400b0b20a600a7
:10c854002b188900f0ff60542310260112100000e9
:10c86400cc71400b211800002110c0002140800031
:10c874003e00e0142118a0002b30a6004700c01091
:10c88400000000002020447008008010022c0200e8
:10c89400232804000628a80004188300041082003a
:10c8a4002518a30004408800022c02001b00650028
:10c8b400f401a000ffff49300254080012380000c0
:10c8c400105800001b006500f401a000001c0b00c0
:10c8d40025186a000220e9702b3064000b00c05058
:10c8e40023186400211862002b3062000600c01473
:10c8f400ffffe7242b3064000400c05023186400b9
:10c90400ffffe72421186200231864001b00650060
:10c91400f401a000ffff08311220000010500000b5
:10c924001b006500f401a000001c0a0025406800fb
:10c93400024889702b180901060060102140020189
:10c944002b10020103004014ffff84242b4809012b
:10c9540023208900003c07002520870021180000bf
:10c96400211080000800e003000000002b10a70045
:10c9740043004014211800002018e37044006014a0
:10c9840020000b242b28e500c500a054211800002a
:10c994002b2086005972400b0100842c06004014a1
:10c9a40020304670010003241b006200f4014000a3
:10c9b40012100000203046707900c0542000082472
:10c9c4002328a200023c0200ffff4a300100032496
:10c9d4001b00a700f401e000025c080012480000fc
:10c9e400106000001b00a700f401e000002c0c0004
:10c9f4002528ab0002202a712b30a4000900c05066
:10ca04002328a4002128a2002b30a2000400c01473
:10ca1400ffff29252b30a400a300c054ffff2925c4
:10ca24002328a4001b00a700f401e000ffff083145
:10ca340012200000105800001b00a700f401e000c1
:10ca4400002c0b002540a80002508a702b280a01f4
:10ca54000600a010214002012b1002010300401423
:10ca6400ffff84242b500a0123208a00004c090074
:10ca740025208900211080000800e0030000000048
:10ca840021200000211080000800e00300000000c5
:10ca940023586301061066010438670025384700ef
:10caa40006486501021407001b002201f40140003e
:10cab400ffffec3006586401042865002528650151
:10cac400025c050012500000104000000044080001
:10cad40025400b011b002201f401400002484c7167
:10cae4002b5809010a006011043066002140070137
:10caf4002b58070106006015ffff4a252b58090132
:10cb04000400605123400901ffff4a252140070129
:10cb1400234009011b000201f4014000ffffa5307e
:10cb240010580000124800001b000201f4014000ec
:10cb340000140b002528450002102c712b40a20084
:10cb44000b00005100540a002128a7002b40a70025
:10cb540006000015ffff29252b40a2000400005108
:10cb640000540a00ffff29252128a70000540a00c9
:10cb740025482a01190026012328a2001058000084
:10cb84002b10ab0043004014125000003e00ab5089
:10cb940004186400212020015972400b2118000060
:10cba4000410c2002340060106480501023c0200ad
:10cbb4001b002701f401e000064004010428c5001d
:10cbc40025280501ffff4a300440c400025c05002b
:10cbd400123000001060000000240c0025206401c5
:10cbe4001b002701f401e0000218ca702b488300df
:10cbf4000b00205123208300212082002b48820037
:10cc040006002015ffffc6242b4883000400205192
:10cc140023208300ffffc6242120820023208300d9
:10cc24001b008700f401e000ffffa530104800005e
:10cc3400121800001b008700f401e0000024090022
:10cc44002528850002206a702b48a4000b0020517f
:10cc5400003406002128a2002b48a200060020155b
:10cc6400ffff63242b48a400040020510034060075
:10cc7400ffff63242128a200003406002328a40017
:10cc84007572400b251866002b186a0034ff60107b
:10cc940021202001ffff24255972400b2118000098
:10cca4005972400b010004248972400b2128a20010
:10ccb40098ffbd276400bfaf6000beaf21f0a003a2
:10ccc4001500c0a31800c0af1c00c0af2000c0af47
:10ccd4002400c0af2800c0af1400c0a3d880828f46
:10cce4000100032414004310000000000100422c42
:10ccf400b4004010000000002120000021280000a2
:10cd04006076062460760724d244400f00000000b9
:10cd1400dc8082a3dc808393ff000224ac006210d9
:10cd240000000000d880828f01004224d88082afa6
:10cd34000574400b00000000dc8082932120400039
:10cd44001c48400f000000001600c2a31600c29346
:10cd5400a2004010000000001000c28f000040a09c
:10cd64001600c2931000c48f212840006148400f70
:10cd7400000000009148400f000000001000c28f26
:10cd84000000429098004010000000001600c2937a
:10cd94001000c48f212840000b74400f00000000d5
:10cda4001500c2a31500c293ffff42241500c2a3bd
:10cdb4001400c0a37c73400b000000001400c29355
:10cdc4001000c38f000063901000c427211082005c
:10cdd400080043a01000c28f010042241000c2af1b
:10cde4001400c293010042241400c2a31400c3938c
:10cdf4001500c2932b106200f0ff401400000000e5
:10ce04001800c3272c00c2272120600021284000dd
:10ce14000e4f400f0000000076004010000000009c
:10ce240000a0023c00384324030063880038439880
:10ce34002c00c28f5f006214000000001000c28f3b
:10ce4400010042241000c2af1600c2931000c48f28
:10ce5400212840000b74400f000000001500c2a3fd
:10ce64001500c293ffff42241500c2a31800c22775
:10ce74002120400021280000140006244385400f8f
:10ce8400000000001400c0a3b173400b00000000b8
:10ce94001400c2931000c38f000063901000c427d5
:10cea40021108200080043a01000c28f0100422418
:10ceb4001000c2af1400c293010042241400c2a3a4
:10cec4001400c3931500c2932b106200f0ff4014aa
:10ced400000000001800c3272c00c2272120600096
:10cee400212840000e4f400f000000004400401075
:10cef400000000001000c28f010042241000c2afe5
:10cf04001800c22721204000212800001400062414
:10cf14004385400f000000001400c0a3dc73400be5
:10cf2400000000001000c28f000042901500c2a350
:10cf34001500c3932a0002241200621000000000ae
:10cf44001400c2931000c327211062001500c3937c
:10cf5400080043a01000c28f010042241000c2af99
:10cf64001400c293010042241400c2a31400c2930b
:10cf74003200422cebff401400000000e373400b2e
:10cf840000000000000000001800c3272c00c22786
:10cf94000400422421206000212840000e4f400f4d
:10cfa4000000000019004010000000008d86400fb2
:10cfb4000000000001000224d88082af0574400bf9
:10cfc40000000000000000000574400b0000000099
:10cfd400000000000574400b000000000000000089
:10cfe4000574400b00000000000000000574400bb5
:10cff40000000000000000000574400b0000000069
:10d00400000000000574400b000000000000000058
:10d0140021e8c0036400bf8f6000be8f6800bd2795
:10d024000800e00300000000f0ffbd270c00beafc5
:10d0340021f0a0031000c4af2110a0001400c2a36b
:10d044000000c0a30100c0a30000c0a32774400bcc
:10d05400000000000000c2931000c38f2110620082
:10d06400000043902c000224080062140000000019
:10d074000000c2930100c2a30100c2930100422434
:10d084000100c2a32c74400b000000000000c293f6
:10d09400010042240000c2a30000c3931400c29301
:10d0a4002b106200ebff4014000000000100c2934b
:10d0b40021e8c0030c00be8f1000bd270800e00368
:04d0c4000000000068
:020000040000fa
:020000041d01dc
:10d0c800c0ffbd273800beaf2c00b5af2800b4aff5
:10d0d8003c00bfaf3400b7af3000b6af2400b3afe9
:10d0e8002000b2af1c00b1af1800b0af00008280c2
:10d0f800029d1e3c440cde272118c20301006380f8
:10d1080021a080001000a5af8800633008006010df
:10d1180021a880000100b5260000a2822118c203c0
:10d128000100638088006330fbff60540100b5266e
:10d138002d000324bc0043102b0042380100422c70
:10d148001400a0af21a8a2020000a2822118c203e5
:10d158000100639004006330c300601021b0000038
:10d16800029d043c7828928c7c28938c21b800007e
:10d17800218800002128e002d0ff50242120c0028d
:10d18800213040025658400f213860022120000209
:10d1980021b040004d5a400f21b8600021304000b6
:10d1a8002120c0022128e0024d57400f213860009d
:10d1b8000100b52621b040000000a28221b860001d
:10d1c8002118c2030100639004006330e9ff601472
:10d1d80025883002010004242e0003244e00435009
:10d1e8000100b52694008014219000001000a68f3d
:10d1f8000200c0100aa884020000d5ac2400401226
:10d20800c3271200029d023c26a89200009d143cf0
:10d218007428438c23a8a4027028428c000094260a
:10d22800080010248f74400bffff1e240c001e12f0
:10d23800f8ff94260720150201008430fbff8010b8
:10d24800ffff10264000868e4400878e2120400074
:10d258005658400f21286000f6ff1e16f8ff942646
:10d26800770040062120c0022128e002213040003a
:10d278005658400f213860002120400021286000c6
:10d28800e17d400f2130400221b0400021b860000c
:10d298008200c01200f0e27e2510d702790040100b
:10d2a800000000001400a78f0e00e0143c00bf8fa0
:10d2b8002110c0022118e0023800be8f3400b78f59
:10d2c8003000b68f2c00b58f2800b48f2400b38fa0
:10d2d8002000b28f1c00b18f1800b08f0800e00347
:10d2e8004000bd272120c0022128e0023800be8f5f
:10d2f8003400b78f3000b68f2c00b58f2800b48f5c
:10d308002400b38f2000b28f1c00b18f1800b08f9b
:10d31800715b400b4000bd270000a3822110c303ae
:10d32800010045900400a530aeffa0102110600058
:10d3380021900000029d023c782842240000468c7f
:10d348000400478c2128e002d0ff70245658400f73
:10d358002120c0022120000221b040004d5a400f78
:10d3680021b86000213040002120c0022128e002bd
:10d378004d57400f213860000100b52621b86000e4
:10d388000000a38221b04000258830022110c30389
:10d398000100429004004230e6ff4014ffff52268d
:10d3a8006500022403006210450002248fff621406
:10d3b800010004240100b5260000a3822d000224e8
:10d3c800260062500100b5262b0002242a006210b4
:10d3d800212800002110c303010044900400843078
:10d3e8000c0080102110000040200200c010020034
:10d3f800211082000100b526211043000000a382fd
:10d408002120c3030100849004008430f6ff8014b7
:10d41800d0ff4224231802000b106500219042021d
:10d428007d74400b01000424010002240100b5268c
:10d438005474400b1400a2afea74400b211840004a
:10d448002128e002213040002059400f2138600097
:10d4580021204000a274400b212860000000a38214
:10d46800f774400b0100052421b8000021200000ba
:10d478007874400b218800000100b526f774400b32
:10d488000000a38288ff20121400a78f2200032423
:10d4980000a0023cab74400b1c0143acf07f033c82
:10d4a8007eff43142510d7022675400b2200032463
:020000040000fa
:020000041d01dc
:10d4b800c23d0400ff00e730c2550500ff004a31b5
:10d4c80000800c3c003204002530cc00004a0500e6
:10d4d80025482c0124408c00ffffed24fe00a12ddf
:10d4e8002b00201000000000ffff4d25fe00a12d9d
:10d4f80030002010000000002360ea0003008105ce
:10d508000000000020000010251004004230060032
:10d51800424809002b68c9000300a0112330c90044
:10d528002130c9002b68c9002a68c0002130c60014
:10d53800ffff8c25f7ff8105000000002b00c010bd
:10d54800000000002060cc7023504c010900401df1
:10d558000430860109000c2423608a012000812df3
:10d56800020020140000000000000634050000102e
:10d57800063086014030060042320600c06d0a00bf
:10d588002530cd002510c8000800e0030000000089
:10d598001400e014000000002130c600d2ffc010c3
:10d5a800000000002060cc702338ec00ceff001093
:10d5b800043086010700401521482901090020117f
:10d5c8000000000020602c7123504c01caff00109d
:10d5d800044889010300201500000000eaff00103c
:10d5e80025100400e8ff0010c0ff023ce6ff001011
:10d5f80025100800c2350400ff00c630ffffc9240b
:10d60800fe00212d0b0020100000000082ffc62420
:10d618007f80013cffff213424208100003f013c32
:10d62800252081000000a6ac251004000800e003b6
:10d63800000000000d00c014000000002148840014
:10d64800f8ff201100000000403a04002040e87074
:10d658002330c800043807010080013c24208100e1
:10d66800024a0700e9ff001025208900c0ff043c9a
:10d67800ecff001000000624c2550400ff004a31e8
:10d68800ffff4c25fe00812d0e0020100000000039
:10d6980021504501ffff4c25fe00812d140020106c
:10d6a800000000007f80013cffff2134242081001e
:10d6b800c0650a0025208c00251004000800e0033e
:10d6c80000000000ff0001240900411500000000cf
:10d6d8007f00013cffff213424608100020080119b
:10d6e80000000000c0ff043cf4ff001025100400f7
:10d6f800c23d0400ff00e7300080083c003204000f
:10d708002530c8000a00e014244004012130c60076
:10d718000500c010000000002058cb702338eb0033
:10d728000300001004306601e4ff00102510040017
:10d738002138e500ffffec24fe00812d190020149c
:10d74800000000000300e0180000000019000010ad
:10d75800807f043c01000b24235867012000612dc1
:10d768000300201400000000070000100200062437
:10d7780025500600063066010460660102008a1121
:10d78800000000000200c6348000c6248000cc2cb3
:10d798002138ec000262060001008c312330cc00f5
:10d7a800000007244020060042220400c06507004c
:10d7b80025208c00c1ff001025108800c23d040000
:10d7c800ff00e7300080083c003204002530c80024
:10d7d80024400401ff0001242800e110000000009b
:10d7e8002548060025500700255808009e000c24ef
:10d7f80023608701060080190000000020008129ad
:10d808001c00201000000000064889010448890116
:10d818004060090042620c00c06d0a0025608d015d
:10d8280025688b010000adac2360ea002000812d43
:10d838000200201400000000000009340648890195
:10d848002330c9000800c010000000002060cc7020
:10d858002338ec00043086014030060042320600ce
:10d86800c06d07002530cd002510c8000800e00372
:10d8780000000000f8ff00100000a8acc0ff043c46
:10d888000000a4acf9ff001025100400e8ffbd2734
:10d898001400bfaf1000beaf21f0a003b48080af6a
:10d8a800b880828f0800401400000000774e400fb7
:10d8b8000000000021204000384e400f000000000a
:10d8c80001000224b88082af955b400f0000000081
:10d8d800bd6e400f00000000b644400f000000007d
:10d8e8005f00400f000000007022400f00000000a1
:10d8f80021e8c0031400bf8f1000be8f1800bd2799
:10d908000800e00300000000d8ffbd272400bfafd7
:10d918002000beaf21f0a0034c0b400f0000000018
:10d928006245400f000000004f76400b00000000e9
:10d93800000000009148400f000000001800c227b6
:10d9480000a0033c5c37642421284000e45d400fbc
:10d958000000000067004010000000001800c2939b
:10d96800080040100000000006000324f0ff4314e4
:10d9780000000000df6e400f00000000bd76400b85
:10d98800000000001400c3271900c22721206000ee
:10d9980000a0033c58376524213040001000c227fe
:10d9a80021384000d677400f0000000003004014e3
:10d9b80000000000bd76400b000000001900c39372
:10d9c800010002242c006214000000001400c38f20
:10d9d80000a0023c003844240300848821288000e9
:10d9e800003845982110a0001b00621000000000bc
:10d9f8001400c38fffff022417006210000000000c
:10da08001400c38f00a0023c00384424030084881b
:10da18000038449800a0023c00384224070045889a
:10da28002130a000040046982110c0002420820064
:10da380000a0023c00384224070045882130a0009d
:10da4800040046982110c00027100200251082000b
:10da580007006214000000001000c29700a0033cf9
:10da680058376424212840005e6b400f00000000f6
:10da7800bd76400b000000001900c3930600022485
:10da88000b006214000000001000c2971400c327a6
:10da980000a0043c5837842421286000213040002d
:10daa800880f400f00000000bd76400b000000000a
:10dab8001900c393110002240b0062140000000037
:10dac8001000c2971400c32700a0043c58378424d0
:10dad8002128600021304000a948400f00000000c4
:10dae8000700401400000000000000004f76400bc3
:10daf8000000000000000000c376400b000000009a
:10db08000000000021e8c0032400bf8f2000be8f62
:10db18002800bd270800e00300000000e0ffbd2743
:10db28001c00bfaf1800beaf21f0a00300a0023c4c
:10db380030194224e90040a01000c0a3ea76400b47
:10db4800000000001000c29300a0043cc0100200b6
:10db58008018020021104300c01802002318620038
:10db6800c002822421106200100142900900401076
:10db78000000000000a0023c30194224e900429055
:10db880001004224ff00433000a0023c3019422427
:10db9800e90043a01000c293010042241000c2a370
:10dba8001000c2930a00422ce6ff40140000000057
:10dbb800bc22400f000000004370400f000000002e
:10dbc8002d73400f000000009569400f0000000011
:10dbd800397b400f0000000021e8c0031c00bf8f04
:10dbe8001800be8f2000bd270800e00300000000d9
:10dbf800f8ffbd270400beaf21f0a00380bf033c9f
:10dc08000006628c030004240429827c000662acae
:10dc180080bf023cffff0334200643ac80bf023cb8
:10dc2800100640ac88bf033ca010628c020004249c
:10dc38008420827ca01062ac88bf023c10000324c0
:10dc4800341043ac88bf023c10000324681043ac76
:10dc580080bf033c0006628c01000424c47b827ce4
:10dc6800000662ac21e8c0030400be8f0800bd278f
:10dc78000800e00300000000f0ffbd270c00beaf65
:10dc880021f0a00388bf023c10000324681043acb5
:10dc98004000000088bf023c10000324641043ac1d
:10dca800c080822780bf033c1006638cffff63306f
:10dcb800000043a4bc80828f0400c2af0400c227c6
:10dcc80000004290c28082a30400c22701004224bf
:10dcd80000004290c38082a30400c22702004224ad
:10dce80000004290c48082a30400c227030042249b
:10dcf80000004290c58082a30000c2970100422420
:10dd08000000c2a70000c2975902422c0300401429
:10dd1800000000004e77400b0000c0a788bf023cff
:10dd28003010428c10004230d6ff40140000000032
:10dd38000000c0a788bf023c10000324681043ac51
:10dd480021e8c0030c00be8f0800e0031000bd27c7
:10dd5800e8ffbd271400bfaf1000beaf21f0a0033d
:10dd68002077400f00000000c08082270000428c0e
:10dd780021e8c0031400bf8f1000be8f1800bd2714
:10dd88000800e00300000000e0ffbd271c00bfaf53
:10dd98001800beaf21f0a0032077400f000000005c
:10dda8001000c227c1808393000043a01000c2273f
:10ddb80001004224c2808393000043a01000c227c0
:10ddc80002004224c3808393000043a01000c227ae
:10ddd80003004224c4808393000043a01000c28f34
:10dde80021e8c0031c00bf8f1800be8f2000bd278c
:10ddf8000800e00300000000e0ffbd271c00bfafe3
:10de08001800beaf21f0a0032077400f00000000eb
:10de18001000c227c2808393000043a01000c227cd
:10de280001004224c3808393000043a01000c2274e
:10de380002004224c4808393000043a01000c2273c
:10de480003004224c5808393000043a01000c28fc2
:10de580021e8c0031c00bf8f1800be8f2000bd271b
:10de68000800e00300000000e8ffbd271400bfaf72
:10de78001000beaf21f0a0031800c4af1800c68f71
:10de8800213800009c000424212800002110c4002f
:10de98002b4046002118e5002120030121188000ad
:10dea8002120400021286000380106242138000084
:10deb8001b72400f0000000021e8c0031400bf8f50
:10dec8001000be8f1800bd270800e0030000000006
:10ded80000e85d4100701a4000601b40e8ffbd2764
:10dee8001400baaf1000bbaf44781b7c00087b3726
:10def80000609b400c00beaf0800a3af0400a2afb7
:10df080021f0a003bc80828f01004224bc8082af34
:10df180088bf023c10000324341043ac21e8c0033e
:10df28000c00be8f0800a38f0400a28f0060604120
:10df3800c00000001400ba8f1000bb8f00709a4018
:10df48001800bd2700e8dd4100609b401800004232
:10df5800d0ffbd272c00bfaf2800beaf21f0a00323
:10df68003000c4af3400c5af3800c6af3c00c7afff
:10df78001400c2272120400014000524995e400f98
:10df8800000000001400c293f00043304000022457
:10df98000400621000000000211000002078400bef
:10dfa800000000001a00c2971fff42300400401012
:10dfb80000000000211000002078400b0000000045
:10dfc8001400c2930f004230ff004230801002005c
:10dfd800ff0042309a8082a39a8082932120000019
:10dfe800212840000e5f400f000000001000c2a76b
:10dff8009a808293212040006f5e400f000000004d
:10e008001000c2970400401000000000211000001a
:10e018002078400b000000001400c2272120400097
:10e028008578400f000000003000c28f04004010c7
:10e03800000000002400c38f3000c28f000043acf2
:10e048002000c38f3400c28f030043a8000043b8e8
:10e058001d00c3933800c28f000043a01600c39769
:10e068009a80829323106200ffff43303c00c28fe6
:10e07800000043a40100022421e8c0032c00bf8f44
:10e088002800be8f3000bd270800e0030000000014
:10e09800d0ffbd272c00bfaf2800beaf21f0a003e2
:10e0a8003000c4af2118a0002110c0003400c3a361
:10e0b8003800c2a7140002249a8082a345000224d3
:10e0c8001000c2a31100c0a33800c2971400422454
:10e0d800ffff42301200c2a79880829701004224b5
:10e0e800ffff4230988082a7988082971400c2a7c9
:10e0f8001600c0a7640002241800c2a33400c2930b
:10e108001900c2a31a00c0a700a0023c003843248b
:10e1180003006388212060000038449821108000a3
:10e128001c00c2af3000c28f03004388212060006a
:10e1380000004498211080002000c2af1000c227c0
:10e14800212040008578400f000000001000c22701
:10e1580021204000140005242352400f0000000035
:10e168001a00c2a73000c28f040043243800c297a7
:10e1780014004224ffff42302120600021280000c3
:10e1880021304000775d400f000000001000c227da
:10e1980021204000140005245f5d400f00000000ae
:10e1a8002110000021e8c0032c00bf8f2800be8f7b
:10e1b8003000bd270800e00300000000e8ffbd278d
:10e1c8001400bfaf1000beaf21f0a00321108000e3
:10e1d8001800c2a79a808293211840001800c2979d
:10e1e80021106200ffff4230212040006f5e400f87
:10e1f8000000000021e8c0031400bf8f1000be8f8c
:10e208001800bd270800e00300000000e8ffbd2754
:10e218001400bfaf1000beaf21f0a0031800c4afb8
:10e228001800c28f0200429421204000d651400fae
:10e2380000000000211840001800c28f020043a40b
:10e248001800c28f0400429421204000d651400f8c
:10e2580000000000211840001800c28f040043a4e9
:10e268001800c28f0a00429421204000d651400f66
:10e2780000000000211840001800c28f0a0043a4c3
:10e2880021e8c0031400bf8f1000be8f1800bd27ff
:08e298000800e0030000000093
:020000040000fa
:020000041d01dc
:10e2a000907801a02800000000000000580000a0a5
:10e2b0000800000000000000680100a0d734000042
:10e2c000000000003c0000a004000000010000006d
:10e2d0009e9ffe41483800a0f8b9000000000000f1
:10e2e000600000a00200000000000000400000a04c
:10e2f0000200000001000000fefe00000c7901a0f9
:10e300000c00000000000000440000a00800000015
:10e3100001000000ff00000007000000640000a0f2
:10e3200018000000000000004c0000a002000000e7
:10e3300001000000ffff00007c0000a008000000ba
:10e3400000000000403600a018010000000000009e
:10e3500040f200a0f884000000000000840000a04b
:10e360004000000000000000f47801a01800000048
:10e3700000000000c40000a0040000000000000035
:10e38000c80000a00400000000000000187901a0ef
:10e390000c00000000000000cc0000a010000000f5
:10e3a00000000000dc0000a00800000000000000e9
:10e3b000e40000a00800000000000000583700a0a2
:10e3c0000a00000000000000ec0000a00c000000ab
:10e3d00000000000643700a09c0000000000000066
:10e3e000f80000a00800000000000000d87701a09d
:10e3f0007800000000000000000100a008000000fc
:10e4000000000000080100a008000000000000005b
:10e41000100100a00400000000000000003800a06f
:10e420003300000000000000000000a028000000f1
:10e43000010000001000000000000000017a5200fe
:10e44000017c1f010b0d1d001000000018000000d2
:10e450006cc8019d4804000000000000b87801a0cd
:10e460002000000000000000d87801a01c0000007f
:10e4700000000000140100a00800000000000000df
:10e480001c0100a00400000000000000387701a07b
:10e49000a000000001000000507801a00000000072
:10e4a000507801a00900000020000000707801a051
:10e4b00000000000707801a00602010000000000ca
:10e4c0000000000000000000000000000602020042
:10e4d000000000000000000000000000000000003c
:10e4e000000000000000000000000000000000002c
:10e4f000000000000000000000000000000000001c
:10e50000000000000000000000000000000000000b
:10e5100000000000000000000000000000000000fb
:10e5200000000000000000000000000000000000eb
:10e530000000000000000000507801a04000000032
:10e5400000000000500000a00400000001000000d6
:10e55000387701a0200100a00100000000000000a9
:10e56000540000a0040000000100000002000000b0
:10e57000240100a02000000000000000280000a0ee
:10e580001400000001000000100000002c0000003a
:10e5900000c4019d6c0400000000000000000000a9
:10e5a000222222222222222222222222222222224b
:04e5b00022222222df
:020000040000fa
:020000041d01dc
:10e5b400c0ffbd273000b6af01a0163cc478c28ea0
:10e5c4003c00bfaf3800beaf3400b7af2c00b5afce
:10e5d4002800b4af2400b3af2000b2af1c00b1af29
:10e5e4007e0040101800b0af01a0103c0f0095242d
:10e5f400c2a81500c0a815008700a226c2110200f7
:10e6040077ff11342b88b102c0110200c078048e48
:10e614000400b326bfffb22601a0173c0a10b102c2
:10e6240040981300213800002879f72601a0033c04
:10e634003f00522e218840000400829001004230a5
:10e64400120040540000948c0000828c0400459019
:10e654000100a5300700a014212895000000428c79
:10e66400040045900100a530fcffa010000082ac1e
:10e67400212895002b3045000400c0540000948ce0
:10e684003400a3062b18a2000000948c2b109400d5
:10e69400e9ff4054212080022b1097020600401409
:10e6a400c478c2262b10820204004010d478628cf5
:10e6b4008f79400b21208002d478628c3800821438
:10e6c400c478de2636009e160100e7240200e22c00
:10e6d400d9ff401421208002212820020b28720235
:10e6e4002120a0001400a3af9e87400f1000a5af07
:10e6f400ffff04241400a38f290044101000a58fe9
:10e70400d478648c0800862430004610000082ac63
:10e71400040086900100c634040086a0f8ffa524f6
:10e72400212845000400a490000045acd47865acd1
:10e73400010084340400a4a0040044900000beac92
:10e7440021380000fe008430040044a08f79400b7f
:10e754002120800214006014c07805ae0400839068
:10e76400000085ac0800822401006334040083a007
:10e774003c00bf8f3800be8f3400b78f3000b68f97
:10e784002c00b58f2800b48f2400b38f2000b28fe3
:10e794001c00b18f1800b08f0800e0034000bd27b3
:10e7a400dd79400b211000000000a88c0400a78c28
:10e7b40001a0033cb8786624b87868ac0400c7ac00
:10e7c4000000a2acd879400b0400a0a004008690fd
:10e7d400fe00c630c879400b040086a0c478c22667
:10e7e400040046900c00459001a0033ccc786324bf
:10e7f40001a0103c0100c6340100a53401a0073c6f
:10e80400c478c3aed478e3ac080042acc07802ae9e
:0ce81400040046a07c79400b0c0045a0dd
:020000040000fa
:020000041d01dc
:10e82000e0ffbd271c00bfaf1800b0af1000a0afc5
:10e830000300a0141400a0afff7f053cffffa53428
:10e840000000838c8000601000a00f3c3401f02594
:10e850003401e28d04000b8e0100cd301000b88f22
:10e860002138000080010e2401000a240200c63075
:10e8700025004b1004000c24260040100000488c9a
:10e8800000e0697c080049ac04004eac0400a01113
:10e89000000000000400498c444a497d040049ac52
:10e8a0000500c010424f03000400498c0463497df9
:10e8b000040049ac424f03003a002c110000000054
:10e8c000660063043401e8ad3c00e010000040ac99
:10e8d0000400432400e0637c040084241400e3acbf
:10e8e0000000838c390060100000e2acffffa5241b
:10e8f0003700a0503401e8ad21384000211000015c
:10e90000ddff4b140000000021580000dcff401424
:10e91000214000003401e8ad04000bae1400a7afa5
:10e920001000b8af04000224510060101000a38f43
:10e930002a00a01021c060001400a78f3401e88dc8
:10e940000d00e3100400048e040065240000668cb2
:10e950000e00601000e0a57c37008010000060ac65
:10e96000000083ac140085ac212060002118c00099
:10e97000f6ffe35404006524040065242130000000
:10e9800021380000f4ff601400e0a57c1c00bf8f5c
:10e99000040004ae3401e8ad1800b08f0800e003b5
:10e9a0002000bd270400438c000040ac8452437d0e
:10e9b000040043acc7ffe014040043240400842493
:10e9c0000000838cc9ff601421c040003401e8ad11
:10e9d00004000bae1400a2af1000b8af1b00001370
:10e9e0001c00bf8f00a0103c3c0104261000a5278e
:10e9f0004581400f0100062489bf023c3090438cc2
:10ea0000060060141c00bf8f3c01038e04006324c9
:10ea100000e0637c309043ac1c00bf8f89bf023c98
:10ea200000010324089043ac1800b08f21100000af
:10ea30000800e0032000bd27214060002120600085
:10ea40005c7a400b2118c0001c00bf8f2110000011
:10ea50001800b08f0800e0032000bd2704000baeb3
:10ea60001400a7af1000b8af4a7a400b050002248b
:10ea70001000b88fdcff001700a0103c937a400b09
:04ea80001c00bf8f28
:020000040000fa
:020000041d01dc
:10ea8400d8ffbd271400b0af2400bfaf2000b3af40
:10ea94001c00b2af1800b1af440080042180800094
:10eaa4006e0082280e0040100b008228690040107e
:10eab400029d023c581c42248080040021800202f2
:10eac4000000028e2400bf8f2000b38f1c00b28f81
:10ead4001800b18f1400b08f0800e0032800bd2790
:10eae400eb51033c1f856334180083006666133cb6
:10eaf400029d113cc397040067667326581c312697
:10eb0400101800004319030023187200801003003a
:10eb14000019030021104300801802002110430053
:10eb2400231002022014027c18005300c3170200b1
:10eb34004c00248e10180000831803002310620078
:10eb44002014027c0900422480100200211051008c
:10eb5400e463400f0000458c18001302212040009c
:10eb64001098000083981300239072024010120042
:10eb7400c090120021905200238012022084107c45
:10eb84008080100021881102e463400f0000258e6c
:10eb94002400bf8f2000b38f1c00b28f1800b18fe8
:10eba4001400b08f0800e0032800bd272380040070
:10ebb4002084107c6e00022a1c0040100b00022ae4
:10ebc40042004054029d023c6666033c676663242f
:10ebd40018000302c32f1000029d043c8c1c8424e3
:10ebe4001018000083180300231865004028030050
:10ebf400c01003002110a20023100202201c037c79
:10ec0400090063242014027c801803008010020091
:10ec140021186400211044000000458ce463400f77
:10ec24000000648cb37a400b2400bf8feb51033c8b
:10ec34001f856334180003026666133c029d113c71
:10ec4400c3971000676673268c1c3126c27a400b6a
:10ec5400101800006666023c6766422418008200b1
:10ec6400c3270400029d033c581c632410100000b9
:10ec7400831002002310440040280200c020020038
:10ec84002120a400238004022014027c09004224d1
:10ec94002084107c801002008080100021800302f8
:10eca400211043000000058ee463400f0000448cf3
:10ecb4002400bf8f2000b38f1c00b28f1800b18fc7
:10ecc4001400b08f0800e0032800bd278c1c4224e8
:10ecd4008080100021800202b27a400b0000028e74
:020000040000fa
:020000041d01dc
:10ece400e8ffbd271400bfaf1000beaf21f0a003a2
:10ecf40000a0023c1c0f4224050042900600401074
:10ed0400000000000100032437004310000000004d
:10ed1400c97b400b0000000000a0023c1c0f4224f1
:10ed24001000429077004010000000005677400f1a
:10ed3400000000002118400000a0023c1c0f4224e7
:10ed44000800428c231862000400023cb4c442341c
:10ed54002b1062006e00401400000000d26c400fc3
:10ed640000000000140040100000000000a0023c5d
:10ed74001c0f428c21204000e96b400f0000000072
:10ed840000a0023c1c0f4224fbff03240c0043acf4
:10ed940000a0023c1c0f42240500429001004224c2
:10eda400ff00433000a0023c1c0f4224050043a096
:10edb400737b400b0000000000a0023c1c0f4224a7
:10edc400fcff03240c0043ac5677400f0000000006
:10edd4002118400000a0023c1c0f4224080043ac50
:10ede400c97b400b00000000186c400f00000000bd
:10edf4002118400000a0023c1c0f42240c0043ac2c
:10ee040000a0023c1c0f42240c00438cfeff022491
:10ee1400420062100000000000a0023c1c0f4224cb
:10ee2400050040a000a0023c1c0f42240c00428cb0
:10ee34000b0040180000000000a0023c1c0f4224fc
:10ee44000c00428c212040009c77400f0000000001
:10ee54002118400000a0023c1c0f42240c0043accb
:10ee640000a0023c1c0f42240400429001004224f2
:10ee7400ff00433000a0023c1c0f4224040043a0c6
:10ee840000a0023c1c0f4224040042900500422cc6
:10ee9400070040100000000000a0023c1c0f4224a8
:10eea4000c00438cffff02241100621400000000d8
:10eeb40000a0023c1c0f4224040040a000a0023c1d
:10eec4001c0f4224100040a000a0023c1c0f42244e
:10eed4000c00438cffff02240500621000000000b8
:10eee40000a0023c1c0f4224faff03240c0043ac94
:10eef400e76c400f0000000000000000c97b400bdd
:10ef04000000000000000000c97b400b000000006e
:10ef140000000000c97b400b00000000000000005e
:10ef240021e8c0031400bf8f1000be8f1800bd2756
:10ef34000800e00300000000f8ffbd270400beaf96
:10ef440021f0a0030800c4af0800c38f2c00629016
:10ef54008431027c2c0062a00800c38f2c006290d4
:10ef640001000424c439827c2c0062a00800c28ff2
:10ef74002d0040a00800c28f040003242e0043a0eb
:10ef84000800c28fa3ff03242f0043a00800c28ff0
:10ef9400300040a00800c28f310040a00800c28f9a
:10efa40001000324320043a00800c28f2f004290c6
:10efb400211840000800c28f300042900012020065
:10efc400251862000800c28f31004290001402002c
:10efd400251862000800c28f320042900016020019
:10efe400251062002118400000a0023c3019422480
:10eff400080043ac0800c28fc0ff0324000043a0f4
:10f004000800c28fa8ff0324010043a00800c28f98
:10f0140012000324020043a00800c28f1600032438
:10f02400030043a00800c28f0300438800004398f4
:10f034000800c28f170043a8140043b80800c28f09
:10f044000000439000a0023c301943a00800c28f86
:10f054000100439000a0023c30194224010043a067
:10f064000800c28f0200439000a0023c30194224e1
:10f07400020043a00800c28f0300439000a0023c9a
:10f0840030194224030043a00800c28fffff032469
:10f09400040043a00800c28fffff0324050043a01f
:10f0a4000800c28fffff0324060043a00800c28f9c
:10f0b400070040a00800c28f07004388040043985b
:10f0c4000800c28f1b0043a8180043b80800c28f71
:10f0d400c0ff0324080043a00800c28fa8ff032434
:10f0e400090043a00800c28f010003240a0043a0c2
:10f0f4000800c28f010003240b0043a00800c28f44
:10f10400080003240c0043a00800c28f0800032455
:10f114000d0043a00800c28f080003240e0043a082
:10f124000800c28f080003240f0043a00800c28f08
:10f1340008000324100043a00800c28f0800032421
:10f14400110043a00800c28f04000324120043a04e
:10f154000800c28f04000324130043a021e8c00365
:10f164000400be8f0800bd270800e0030000000073
:020000040000fa
:020000041d01dc
:10f17400e0ffbd271800b1af1c00bfaf1400b0af53
:10f184007400a010218880007b008010f8ff822486
:10f19400fcff8380f8ff908c010064303e008014f3
:10f1a400feff04246d79400f2120a000340040109c
:10f1b400211800003200511021182002f8ff468c5b
:10f1c40023801102c38010002330c200c330060024
:10f1d4002b1806020a80c300c08010008280100031
:10f1e4000800072a21182002212040002f00e010e7
:10f1f400212800000800072e5200e0500000678c10
:10f20400029d073c20f2e724808010002180f0005a
:10f214000000078e0800e0000000000044f3019d98
:10f224002cf3019d1cf3019d0cf3019dfcf2019d47
:10f23400ecf2019ddcf2019dccf2019d2b205100ea
:10f244000f00801021184000c03006002130460015
:10f254002b1026020a00401001a0023c2330d100ea
:10f26400b8784524b878448cc33006000400a28cd6
:10f27400c0300600213066000000c4ac0400c2acfb
:10f284001c00bf8f211060001800b18f1400b08fd4
:10f294000800e0032000bd272418640001a0043cfa
:10f2a400c07882ac6a7c400bfcff23a2ffff0526da
:10f2b400070010320800072e2100e010c3280500c3
:10f2c400827c400b029d073c0000678c0400632491
:10f2d400000087ac040084240000678c04006324cd
:10f2e400000087ac040084240000678c04006324bd
:10f2f400000087ac040084240000678c04006324ad
:10f30400000087ac040084240000678c040063249c
:10f31400000087ac040084240000678c040063248c
:10f32400000087ac040084240000678cc3ffa01095
:10f33400000087ac0400842404006324ffffa52498
:10f344000000678c04006324000087acb37c400b8e
:10f3540004008424caff801021180000fcff82905e
:10f36400f8ff912401a0043cfe004230c07891ac27
:10f37400a17c400b040022a21c00bf8f1800b18f97
:10f384001400b08f2120a0006d79400b2000bd2710
:020000040000fa
:020000041d01dc
:10f39400251885004400601021100000010002249b
:10f3a40043008210c23f0500ffff02246200821066
:10f3b4000a00022464008210f6ff0224570082101f
:10f3c400ffff02240800e010401905003e008010f1
:10f3d4000080023c232004002b1004002328050095
:10f3e4002328a20040190500c2160400251062005b
:10f3f400c21e050025104300380040148019050082
:10f404008216040025106200821e050025184300a0
:10f41400510060141a000224c21f04004028050091
:10f42400252865004020040080310500821e040068
:10f434002518c3008236050025186600f6ff601003
:10f44400ffff42247f0042244900401801000324a6
:10f45400070083300a006010ff004328c000837c4b
:10f464000300842421208300c21e040004006010d1
:10f47400ff0043284220040001004224ff004328e7
:10f4840037006010c2200400c005837c0200605075
:10f494002110000000b0847c003a070025104700ca
:10f4a400c0150200251044000800e003000000001d
:10f4b400beffa054ffff0224001207007f00423465
:10f4c4000800e003c0150200c3ffa21423200400b7
:10f4d400029d023cfc28458c212000001a000224d5
:10f4e400c0370500421804002518c3000100843009
:10f4f400422805002520830040310500c21e040077
:10f504002518c300c236050025186600f4ff6014f0
:10f5140001004224137d400b7f004224a9ffa21462
:10f524000012070082004234c01502002000033c90
:10f534000800e003251043009effa4540a0002249f
:10f54400307d400b001207009cffa054f6ff0224fc
:10f554004a7d400b00120700157d400b99000224e0
:10f5640000120700ff0042340800e003c015020047
:10f57400231062001b004328080060502120000073
:10f584002318020004186400061044002b20030012
:10f5940025208200157d400b01000224277d400bad
:04f5a4002110000032
:020000040000fa
:020000041d01dc
:10f5a8000000a28cb0ffbd274800beaf3400b3af47
:10f5b8003000b2af219880004c00bfaf4400b7af15
:10f5c8004000b6af3c00b5af3800b4af2c00b1afc7
:10f5d8002800b0af21f0a0002118c0006000b28f51
:10f5e80019004010010004242128000021b800005f
:10f5f800218000000080153c00a0163c0040113c12
:10f6080000e0747e0400448c0700830421804000dd
:10f618001a006012000000000800448c17009410c3
:10f6280000000000218040000000428cf5ff4014db
:10f63800000000000400e01621200000020004245d
:10f64800010002240a2045004c00bf8f21108000d1
:10f658004800be8f4400b78f4000b68f3c00b58f7e
:10f668003800b48f3400b38f3000b28f2c00b18fc4
:10f678002800b08f0800e0035000bd270400448c28
:10f6880080008430ebff801401000524212800004d
:10f698000000488c0400448c80008430fdff8014f6
:10f6a800000000000400648c23008010000040acbf
:10f6b8000400462400e0c67c000082ac140086ac3e
:10f6c800040062ac1400e010000000000400448c48
:10f6d80000048430160080100800448c2520950012
:10f6e8000100a9241000a2af1c00a3af2000a7afff
:10f6f8001400a8af1800a9af09f8e00021304002b3
:10f708001800a98f1400a88f2000a78f1c00a38fb2
:10f718001000a28f212820010400428c24105100df
:10f728000800401421100001a77d400b0000488c00
:10f73800ba7d400b25209600040062acb37d400bd7
:10f74800000062ac09000012000000000900601609
:10f75800000008ae211000010100f726a9ff40149f
:10f76800010005248f7d400b00000000f9ff6012a6
:0cf778000000c8af947d400b2120000071
:020000040000fa
:020000041d01dc
:10f78400d8ffbd271800b2af0055b27cffff422658
:10f79400fe07422c2000b4af1c00b3af21a0c00070
:10f7a4002400bfaf1400b1af1000b0afc29f05007a
:10f7b40021308000490040100098a37c1000023cd6
:10f7c40001fc522625186200ff0394264217060006
:10f7d400c088030021909202258851002b00401a12
:10f7e400c08006000700033217006014c000027ec8
:10f7f400ff07422a42004010c2301100401f11008e
:10f80400c22010000005c27c3b004010252064008b
:10f814000098c67cc09a130025905302001d120064
:10f8240021108000251866002400bf8f2000b48fab
:10f834001c00b38f1800b28f1400b18f1000b08f6a
:10f844000800e0032800bd2703004224211002021f
:10f854002b18500021187100212040002180400005
:10f864000006627ce2ff4010218860004220040010
:10f87400c02f03002528a400422003002180a000fb
:10f8840021888000fd7d400b0100522601000224e6
:10f89400239052003800422a1e00405001001024d8
:10f8a400213040022120000223901200e887400ffb
:10f8b40021282002200046320300c01404205002f4
:10f8c40004905102252050022b2004002580820040
:10f8d40021886000fa7d400b0100122404004016c8
:10f8e40021108000251083000d0040142110800099
:10f8f4000b7e400b2118a000067e400b21900000d7
:10f90400c01a1300ff076334001d03000b7e400b75
:10f914002110000021880000fa7d400b0100122410
:10f9240003006014208871702088917020003126b3
:10f93400f5ff3126a4ff201202fc122421302002fc
:10f94400f987400f2128600021304000f37d400bef
:04f9540023905102a9
:020000040000fa
:020000041d01dc
:10f9580025408500030008310300001121108000b4
:10f96800380000100000aa900000aa8c0101093c90
:10f9780001012935c07909002340490124400f01bc
:10f988000700001124600a0105008811000000002a
:10f998000000a5240000aa902a000010000084247a
:10f9a8000400ab8c00008aac2340690124400f019d
:10f9b8000700001124600b010500881100000000f9
:10f9c8000400a5240000aa901e000010040084244e
:10f9d8000800aa8c04008bac2340490124400f0185
:10f9e8000700001124600a010500881100000000ca
:10f9f8000800a5240000aa90120000100800842422
:10fa08000c00ab8c08008aac2340690124400f012c
:10fa18000700001124600b01050088110000000098
:10fa28000c00a5240000aa90060000100c008424f5
:10fa38001000aa8c0c008bac10008424ceff0010a0
:10fa48001000a5240300401500008aa00800e00368
:10fa5800000000000100ab900300601501008ba0be
:10fa68000800e003000000000200aa90030040150f
:10fa780002008aa00800e003000000000300ab9029
:10fa88000300601503008ba00800e00300000000dd
:10fa98000400aa900300401504008aa00800e003af
:10faa800000000000500ab900300601505008ba066
:10fab8000800e003000000000600aa9003004015bb
:10fac80006008aa00800e003000000000700ab90d1
:10fad8000300601507008ba00800e0030000000089
:10fae8000800aa9008008424d6ff00100800a52466
:020000040000fa
:020000041d01dc
:10faf800d8ffbd271000b0af01a0103cd878028e07
:10fb08002400bfaf2000b4af1c00b3af1800b2afe1
:10fb1800090040101400b1af2400bf8f2000b48f3b
:10fb28001c00b38f1800b28f1400b18f1000b08f73
:10fb38000800e0032800bd2700a0133c1401638ed1
:10fb48004200605001a0033c00a0143c1801828ec2
:10fb5800390040100000043c828f030082970200a5
:10fb680000e0447c00e0657c0200313a0200523a31
:10fb78000a18b1000a109200218860005c89400fc1
:10fb8800219040000000438c0400428c2b2023026b
:10fb9800240080102110620000a0043c3438842422
:10fba80000e0847c2b206400dbff80142188600047
:10fbb8002b185102050060142b1822022b18420240
:10fbc8000500605400a0023c2b182202d2ff6010ee
:10fbd8002190400000a0023c343842244217020021
:10fbe800050003241b0043140400032400a0023c66
:10fbf8002588220225904202140171ae180192aea6
:10fc0800d87811ae2400bf8f2000b48f1c00b38faa
:10fc18001800b28f1400b18f1000b08f0800e003f5
:10fc28002800bd272b202202e2ff80542b18510206
:10fc3800e97e400b00a0043c01a0023c803e8424e5
:10fc480028794224d87e400b21104400d47e400bf2
:10fc580028796324070043140080023c2588220287
:10fc680025104202140171ae180182ae037f400bc9
:10fc7800d87811ae21884002140172ae037f400b80
:04fc8800d87811ae69
:020000040000fa
:020000041d01dc
:10fc8c00c8ffbd273000b0af00a0103c2138a00049
:10fc9c001000a6af3c0105261800a6273400bfaf04
:10fcac001800a0af1c00a0af2000a0af6a7d400fd1
:10fcbc002400a0af1800a38f1c00a88f00a00c3c40
:10fccc0034018f252400a68f2000ab8f0400e58d16
:10fcdc003401988d89bf0e3c01000a242100681064
:10fcec0001000d24220060100000648c0400678c5d
:10fcfc000002e7302f00e010000000000400678cc9
:10fd0c00000060acc45a077c040067ac0400698c2a
:10fd1c000400678cc002297d84f7277d040067ac42
:10fd2c000400698c0400678c8007297dc4ff277d43
:10fd3c00040067ac0400678cc439477d040067acd1
:10fd4c002a00c0100400672400e0e77c0000c3ac6c
:10fd5c001400c7ac2130600021188000e1ff68144a
:10fd6c000000000021400000e0ff60142120000092
:10fd7c002400a6af2000abaf0400e5ad340198ad74
:10fd8c001800a4af070060111c00a8af3c010426aa
:10fd9c002000a527010006244581400f2800a2afb2
:10fdac002800a28f3400bf8f3000b08f0800e00312
:10fdbc003800bd271100a010000060ac04006724bf
:10fdcc0000e0e77c0000a3ac1400a7ac0400678c37
:10fddc00212860000010e330e0ff605421188000ff
:10fdec000890cdad5a7f400b21188000215860003f
:10fdfc00213060005a7f400b21188000767f400b29
:04fe0c0021c06000b1
:020000040000fa
:020000041d01dc
:10fe10000500801000a0023c070080a8040080b804
:10fe2000080080a0090080a03c01438c15006010f0
:10fe3000010002240400678c8000e7300700e01016
:10fe400002000224e27f400b000000000400628cec
:10fe5000800042300b004014020002240400628c37
:10fe6000060043040000638c0400628c00084230ea
:10fe700006004010000000000000638cf3ff6014d7
:10fe8000010002240800e003000000000300c0108d
:10fe9000216860000c0062240000c2ac21308000a8
:10fea000214000002138000000a00c3c00800b3ce9
:10feb0001c00c01000400a3c0400628c0004423068
:10fec0001c0040100800628c25104b000700c2a8df
:10fed0000400c2b80400628c010008250054427c72
:10fee000024a02000800c2a00900c9a00300c2889b
:10fef0000000c298213040000100e7240400628c19
:10ff000080004230fdff4014000000000400628cbd
:10ff100024104a000900401400000000e6ffc0144d
:10ff20000000638cf5ffa0140100e7240800e00343
:10ff300021100000b37f400b25104c000100a0549d
:10ff40000000a7ac0500c010000000000700c0a81a
:10ff50000400c0b80800c0a00900c0a0c9ff8010fc
:10ff600021100000c7ffe814070002240400a38d3d
:10ff70000100042421100000c45a837c0400a3adb6
:10ff80000800e003000000000800e003000000009b
:020000040000fa
:020000041d01dc
:10ff9000211080005600c0100c00ca2c4d004015e6
:10ffa0002618a400030063302338040029006010e1
:10ffb0000300e7300600e0102330c7000000a398dc
:10ffc0000300a3882128a700000083b82120870010
:10ffd0000f00c3302338c3001100e010213060004f
:10ffe0002138e5000000a3980300a3880400a89826
:10fff0000700a8880800a9980b00a9880c00aa98f7
:020000041d02db
:100000000f00aa88000083ac040088ac080089ac0b
:100010001000a52410008424f2ffa714fcff8aac72
:100020000300c3302338c3002a00e01021306000f1
:100030002138e5000000a3980300a3880400a5244c
:1000400004008424fbffa714fcff83ac21000010f4
:10005000000000000500e0102330c7000000a39856
:100060002128a700000083b8212087000f00c3309b
:100070002338c3000d00e010213060002138e50076
:100080000000a38c0400a88c0800a98c0c00aa8c8a
:10009000000083ac040088ac080089ac1000a524e3
:1000a00010008424f6ffa714fcff8aac0300c330c1
:1000b0002338c3000700e010213060002138e5003c
:1000c0000000a38c0400a52404008424fcffa714d2
:1000d000fcff83ac0600c0102138c5000000a390cf
:1000e0000100a52401008424fcffa714ffff83a0c6
:1000f0000800e0030000000000008a90211080004a
:1001000003004015000000000800e0030000022486
:1001100001008a9003004015000000000800e00381
:100120000100022402008a90030040150000000034
:100130000800e0030200022403008a900300401537
:10014000822004000800e00303000224010084244c
:100150008020040000008a8c0101093c010129353e
:10016000c07909002340490124400f010600001115
:1001700024600a01040088110000000000008a9039
:10018000220000100000842404008b8c23406901ad
:1001900024400f010600001124600b0104008811a7
:1001a0000000000004008a9018000010040084245d
:1001b00008008a8c2340490124400f0106000011e9
:1001c00024600a01040088110000000008008a90e1
:1001d0000e000010080084240c008b8c2340690161
:1001e00024400f010600001124600b010400881157
:1001f000000000000c008a90040000100c00842411
:1002000010008a8cd7ff00101000842404004015d1
:1002100000000000000084240800e0032310820096
:1002200001008a90040040150000000001008424b1
:100230000800e0032310820002008a9004004015a9
:1002400000000000020084240800e0032310820064
:1002500003008a90030084240800e0032310820036
:10026000f8ffbd270400beaf21f0a0030800c4af13
:100270000800c28f01004230ff00423004004010ed
:100280000000000021100000a580400b00000000cd
:100290000f00022421e8c0030400be8f0800bd2720
:1002a0000800e00300000000e0ffbd271c00bfaf16
:1002b0001800beaf21f0a0032000c4af1b0004242f
:1002c000212800002a88400f000000009d89400f6f
:1002d00000000000100042301000c2a72000c28fb2
:1002e0000001423006004010000000001000c297dc
:1002f000ff7f42301000c2a7d180400b00000000f9
:100300001000c39700800224251062001000c2a7cd
:100310002000c28f000242300600401000000000a2
:100320001000c297002042341000c2a7d180400bb9
:10033000000000001000c397ffdf022424106200b9
:100340001000c2a71000c2971b000424212800003f
:1003500021304000d188400f000000002110000033
:1003600021e8c0031c00bf8f1800be8f2000bd27ee
:100370000800e00300000000f8ffbd270400beaf46
:1003800021f0a0032110000021e8c0030400be8f6b
:100390000800bd270800e00300000000f8ffbd27ab
:1003a0000400beaf21f0a0032600023ca025423489
:1003b00021e8c0030400be8f0800bd270800e00349
:0403c0000000000039
:020000040000fa
:020000041d02db
:1003c400d8ffbd272000b1af2400bfaf1c00b0afe1
:1003d400218880001000a0af440080101400a0af5a
:1003e400070084880400249a410080101000b0277c
:1003f4000900259208002292002a05002528a2005f
:100404000f00a014000000003c81400b000000001d
:1004140007006488040064980f0080100000000046
:100424000900659008006390002a05002528a300b0
:100434000900a01000000000090040141000a38f60
:100444001885400f213000020300238a0000239afc
:10045400efff601421886000250040101000a38f76
:100464001900601000a0083c1400a78f24010a257d
:100474000400448d0d00e3102401098d040065245b
:100484000000668c0e00601000e0a57c1300801054
:10049400000060ac000083ac140085ac2120600037
:1004a4002118c000f6ffe354040065240400652409
:1004b4002130000021380000f4ff601400e0a57c26
:1004c400040044ad240109ad2400bf8f2000b18f86
:1004d4001c00b08f0800e0032800bd2721486000fd
:1004e400212060002a81400b2118c0001000b02791
:1004f4000886400f212000022400bf8f2110000035
:100504002000b18f1c00b08f0800e0032800bd2735
:020000040000fa
:020000041d02db
:100514000000a38c0400a28c490062100400898ca2
:100524000000678c0000a7ac0400688c89bf0b3cfa
:1005340001000a24c439087c040068ac1700475041
:100544000400a0ac0000e28c1600e0100000a2ac95
:100554000400828c340040100000e0ac0400e82465
:1005640000e0087d000047ac140048ac040087acf0
:100574000600c0500000a78c0400e28c001042303a
:100584000100405008906aad0000a78c0400a28cc2
:10059400edff47540000e28c0400a0acecffe01433
:1005a4000000a0ac04006a8c0800688c0c00678c06
:1005b4001000658c1400228d140062ac04002aad76
:1005c400080028ad0c0027ad100025ad140022ada5
:1005d4000400828c040060ac16004010000060ac83
:1005e4000400652400e0a57c000043ac140045ac85
:1005f400040083ac0400228d01000324c439627c0e
:10060400040022ad0600c010000000000400228d8a
:10061400001042300200401489bf023c089043acf1
:100624000800e00300000000040087ac5d81400b7b
:10063400000087ac040083ac7e81400b000083acd7
:100644000400a0ac0000a0ac211000004b81400bc2
:040654002138000049
:020000040000fa
:020000041d02db
:100658000c00a294e0ffbd271800b1af02004330a0
:100668001400b0af1c00bfaf2180a00019006010bb
:10067800ffff1124000243301c0060100400a38c0b
:10068800000242340c00a2a41d006010ff0091304b
:100698000a00042420002412800042301000028e38
:1006a80036006210010063240000028e040003aecd
:1006b80001004424000051a00100032400a0023cd2
:1006c800000004ae200143a00a00022419002252af
:1006d8000c0002961c00bf8f211020021800b18f59
:1006e8001400b08f0800e0032000bd27f9ff601454
:1006f800000242340c00a2a4ff009130211800002f
:100708000800048e000004ae0a000424e4ff245606
:100718001000028e80004230e1ff40541000028e2b
:100728000d0004249681400f21280002a981400b66
:100738000400038e00014230e7ff40101c00bf8f09
:100748000e0004960800058e2b86400f0400068ec6
:100758000400038e060043500800028e0c00029627
:10076800ffff1124300042340c0002a60800028e5c
:10077800040000aeb781400b000002ae2024117cbb
:100788003382400f21280002b781400b21884000a6
:020000040000fa
:020000041d02db
:10079800d0ffbd272000b3af1c00b2af1800b1af27
:1007a8001400b0af2c00bfaf2800b5af2400b4af21
:1007b8002180c000219080002188e0000600c01040
:1007c80021980000020002242a00a210010002243d
:1007d8000b00a21000a0153c2c00bf8f2110600256
:1007e8002800b58f2400b48f2000b38f1c00b28f6f
:1007f8001800b18f1400b08f0800e0033000bd2747
:1008080000a0143c3c01b526340194260000a28eb9
:100818001d00401001000424090040162198000022
:10082800f981400b2c00bf8f000062ac140064ac4f
:10083800040082ae01007326e8ff53122c00bf8f1c
:10084800010004241800052409f8000221302002c0
:1008580004004324e0ff401000e0647c0400838e21
:10086800f1ff6014000040ac040082ae0f82400b20
:10087800000082ae00a0153c00a0143c2c01b52657
:100888000582400b240194261800052409f800026b
:1008980021302002d0ff4010219800000000a38ed4
:1008a8000400a48e0400652400e0a57c000043ac8d
:1008b800140045acd8ff80140000a2ae0882400b9b
:0408c8000400a2aed8
:020000040000fa
:020000041d02db
:1008cc000c00a294e8ffbd271000b0af40004330ed
:1008dc001400bfaf2180a0001c0060141800a4a35a
:1008ec00020043303d006050300042341000a38cb5
:1008fc001b0060500e00a4940800a58c2d00a05085
:10090c0001a0053c0400068e2b86400f0e000496b9
:10091c00ffff02240800038e040002ae1800a2930d
:10092c00000062a01800a28301006324000003ae43
:10093c000a000324130043500c0003961400bf8fcd
:10094c001000b08f0800e0031800bd271400bf8f03
:10095c002014047c1000b08f0800e0031800bd27a1
:10096c00010006242b86400f1800a5271400bf8f0a
:10097c001800a283040000ae1000b08f0800e00342
:10098c001800bd2700016330edff60101400bf8f0d
:10099c000e0004960800058e2b86400f0400068e70
:1009ac000800038e1800a283040000ae5282400b94
:1009bc00000003ae7078a524200003240800423404
:1009cc00080005ae000005ae100003ae040003ae37
:1009dc000c0002a64582400b200006240c00a2a4a9
:0c09ec000400a0ac5282400bffff02246c
:020000040000fa
:020000041d02db
:1009f800d8ffbd27020002241400b1af1000b0af29
:100a08002400bfaf2000b4af1c00b3af1800b2afd2
:100a1800218880002c00a2102180c000010002243f
:100a28000a00a210219000002400bf8f211040026c
:100a38002000b48f1c00b38f1800b28f1400b18f40
:100a48001000b08f0800e0032800bd2700a0143c68
:100a580000a0133c3c019426340173261f00005269
:100a6800029d103c0000828e1e00401001000424ec
:100a780009002016219000008d82400b2400bf8fb2
:100a8800000062ac140064ac040062ae010052269f
:100a9800e6ff32122400bf8f0100042409f8000287
:100aa8001800052404004324dfff401000e0647ca4
:100ab8000400638ef2ff6014000040ac040062aed4
:100ac800a582400b000062ae00a0143c00a0133cbd
:100ad8002c0194269982400b240173269b82400b9b
:100ae800281e102609f8000218000524ceff401021
:100af800219000000000838e0400848e0400652489
:100b080000e0a57c000043ac140045acd8ff80147d
:0c0b1800000082ae9e82400b040082ae02
:020000040000fa
:020000041d02db
:100b240025408500030008313d0000150101093c02
:100b340001012935c07909000000828c0000a38cd2
:100b4400234049000400431024400f010000842482
:100b5400330000100000a5240500001124600301e7
:100b640003008811000000000800e00321100000c9
:100b74000400828c0400a38c234049000400431029
:100b840024400f0104008424250000100400a5243f
:100b94000500001124600301030088110000000017
:100ba4000800e003211000000800828c0800a38cd8
:100bb400234049000400431024400f01080084240a
:100bc400170000100800a52405000011246003018b
:100bd40003008811000000000800e0032110000059
:100be4000c00828c0c00a38c2340490004004310a9
:100bf40024400f010c008424090000100c00a524db
:100c040010008424ccff00111000a52424600301eb
:100c1400caff88110000828c0800e0032110000044
:100c2400000088900000a9900300001101008424b2
:100c3400fbff09110100a5240800e00323100901aa
:020000040000fa
:020000041d02db
:100c44000020202020202020202028282828282098
:100c54002020202020202020202020202020202090
:100c64002080101010101010101010101010101000
:100c740010040404040404040404041010101010e8
:100c840010104141414141410101010101010101b2
:100c94000101010101010101010101011010101004
:100ca4001010424242424242020202020202020284
:100cb40002020202020202020202020210101010d8
:100cc4002000000000000000000000000000000000
:100cd4000000000000000000000000000000000010
:100ce4000000000000000000000000000000000000
:100cf40000000000000000000000000000000000f0
:100d040000000000000000000000000000000000df
:100d140000000000000000000000000000000000cf
:100d240000000000000000000000000000000000bf
:100d340000000000000000000000000000000000af
:040d440000000000ab
:020000040000fa
:020000041d02db
:100d4800e0ffbd271c00bfaf1800beaf21f0a00315
:100d5800211080002000c2a76983400b000000001a
:100d6800040002241000c2a36183400b00000000ad
:100d7800190004247783400f000000001000c2937c
:100d88002b100200ff0042301000c393ffff6324c2
:100d98001000c3a3f6ff4014000000002000c29713
:100da8002b100200ff0042302000c397ffff63248e
:100db8002000c3a7eaff40140000000021e8c00398
:100dc8001c00bf8f1800be8f2000bd270800e0035d
:100dd80000000000f0ffbd270c00beaf21f0a0030b
:100de8001000c4af1000c28f00110200801802006a
:100df800211043008483400b0000c2af4000000074
:100e080040000000400000000000c28f2b180200c4
:100e1800ff006330ffff4224f8ff60140000c2aff8
:100e280021e8c0030c00be8f0800e0031000bd27b6
:020000040000fa
:020000041d02db
:100e3800286e756c6c290000303132333435363702
:100e480038394142434445460000000030313233ce
:100e580034353637383961626364656600000000ee
:100e680001000000000000000a000000000000006f
:100e78006400000000000000e8030000000000001b
:100e88001027000000000000a086010000000000fc
:100e980040420f000000000080969800000000000b
:100ea80000e1f5050000000000ca9a3b00000000c0
:100eb80000e40b540200000000e876481700000028
:100ec8000010a5d4e800000000a0724e1809000028
:100ed80000407a10f35a00000080c6a47e8d0300fb
:100ee8000000c16ff286230000008a5d7845630127
:100ef800000064a7b3b6e00d0000e8890423c78aa0
:100f08000000803f000020410000003f5f708940e2
:020000040000fa
:020000041d02db
:100f1800e0ffbd271c00bfaf1800b2af1400b1af8f
:100f28001000b0af2700a010211080002020a4706e
:100f380020001124238024024030050027181000c7
:100f480004306600061802022518c30006280502a8
:100f5800200006320a286600042082000100a3341b
:100f68000b286400b287400f2120a0000f00111247
:100f7800219040001f0002240f00021201000424e7
:100f8800dd64400f0420040221284000e463400f80
:100f9800212040021c00bf8f1800b28f1400b18faf
:100fa8001000b08f0800e0032000bd27029d023c1e
:100fb800e583400b1829458c029d023ce583400bd4
:100fc8001c29458cb287400f000000001c00bf8f11
:100fd8001800b28f1400b18f1000b08f0800e00322
:040fe8002000bd2701
:020000040000fa
:020000041d02db
:100fec00a8ffbd270400a1af0800a2af0c00a3af5f
:100ffc001000a4af1400a5af1800a6af1c00a7af3b
:10100c002000a8af2400a9af2800aaaf2c00abafda
:10101c003000acaf3400adaf3800aeaf3c00afaf7a
:10102c004000b8af4400b9af4800bfaf1240000059
:10103c004c00a8af104000005000a8af006804405e
:10104c0000600540f26c400f000000005000a88fbb
:10105c00110000014c00a88f130000010400a18fa7
:10106c000800a28f0c00a38f1000a48f1400a58f72
:10107c001800a68f1c00a78f2000a88f2400a98f12
:10108c002800aa8f2c00ab8f3000ac8f3400ad8fb2
:10109c003800ae8f3c00af8f4000b88f4400b98f42
:1010ac004800bf8f5800bd27c00000001800004248
:020000040000fa
:020000041d02db
:1010bc00e0ffbd271800b0af01a0103cd878028e1d
:1010cc00100040101c00bfaf1b00801821184400fa
:1010dc002b206200110080141c00bf8f00a0043c68
:1010ec001801848c2b2083000d00805400a0023c3e
:1010fc001c00bf8fd87803ae1800b08f0800e00337
:10110c002000bd27be7e400f1000a4afd878028e01
:10111c00edff40141000a48f1c00bf8f00a0023cf8
:10112c000c0003241c0143ac1800b08fffff0224f9
:10113c000800e0032000bd272b204300050080148d
:10114c0000a0043c1401848c2b206400e9ff801067
:10115c001c00bf8f1c00bf8f00a0023c1600032494
:10116c001c0143ac1800b08fffff02240800e00301
:04117c002000bd276b
:020000040000fa
:020000041d02db
:10118000d8ffbd27ffffa5301000a6272400bfaf62
:101190001000a0af1885400f1400a0af220040102f
:1011a0001000a38f1900601000a0083c1400a78f46
:1011b00024010a250400448d0d0067102401098dc7
:1011c000040065240000668c0e00601000e0a57c21
:1011d00011008010000060ac000083ac140085acee
:1011e000212060002118c000f6ff67540400652428
:1011f000040065242130000021380000f4ff601451
:1012000000e0a57c040044ad240109ad2400bf8f9b
:101210000800e0032800bd2721486000212060006d
:101220007a84400b2118c0001000a4270886400fc4
:101230001800a2af2400bf8f1800a28f0800e0039f
:041240002800bd279e
:020000040000fa
:020000041d02db
:1012440000a0023c5400428c070040142024047c7b
:101254000000023c00004224210040100000023c37
:1012640000000008000000000100032414004310e3
:1012740080bf053c80bf053c80bf023c80bf063c6c
:1012840080bf033c2068a524186842240868c6244b
:1012940010686324008007340000c7ac00040624ef
:1012a400000046ac0000628c00014230fdff40109b
:1012b400000000000000a4ac0800e00300000000ef
:1012c40080bf023c80bf063c80bf033c2060a52455
:1012d400186042240860c624a684400b106063246e
:1012e40000004224e4ff401080bf053c00000008d9
:0412f40000000000f6
:020000040000fa
:020000041d02db
:1012f800e8ffbd276c0004241400bfaf5f87400fd0
:101308002128000089bf023c00830334049043acc9
:1013180089bf023ce090438c80006330fdff60147d
:101328000080033489bf043c089083ac89bf033c28
:10133800e2906390ff00633006006010010005240e
:10134800089085ace2904390ff006330fcff601486
:10135800000000006789400f6c000424ffff03248d
:1013680089bf023c89bf053cd49043ac1400bf8fb1
:101378002490a3ac89bf053c3490a3ac89bf043c3e
:1013880000800334009283ac009280ac89bf033c98
:101398000006042421100000509264ac0800e00309
:0413a8001800bd2745
:020000040000fa
:020000041d02db
:1013ac004000863011000224010007240200833023
:1013bc00070060100a10e6000400a6300800433451
:1013cc000b1066000800a530040043340b106500b8
:1013dc000400863020008730b2400324b640052438
:1013ec000a2867000100c72c2528a7001200032437
:1013fc00150007240a18e60089bf073c0092e2acee
:10140c0089bf023c109245ac89bf023c209243ac90
:10141c00120c032489bf023c309243ac000486308a
:10142c000f37032489bf023c409243ac0700c01025
:10143c00080084300001022489bf033c0a10040018
:10144c0000080424609264ac609262ac0800e00373
:04145c00000000008c
:020000040000fa
:020000041d02db
:1014600003008004050002240800e00300000000df
:1014700000a0023c240147242401438c0400e88c92
:101480001d0068500400e0ac0000678c240147acec
:10149000f5ff601004000224002c050000e0877caa
:1014a0008001a53442270400080067ac040065ac45
:1014b0000b008210000000000400c28c10004010dd
:1014c000000060ac0400642400e0847c000043acb5
:1014d000140044ac211000000800e0030400c3ac79
:1014e0000400628c010004248452827c040062acfb
:1014f0002f85400b0400c28c2485400b240140ac96
:0c1500000400c3ac0800e0030000c3ac12
:020000040000fa
:020000041d02db
:10150c00211080002600c0101000ca2c1f004015ae
:10151c00ff00a530005205002528aa000054050044
:10152c002528aa000300833005006010040007245e
:10153c002338e3002330c700000085b82120870042
:10154c000f00c3302338c3000800e01021306000c6
:10155c002138e400000085ac040085ac080085aca3
:10156c0010008424fbff8714fcff85ac0300c33000
:10157c002338c3000500e010213060002138e4005e
:10158c0004008424feff8714fcff85ac0400c0100b
:10159c002138c40001008424feff8714ffff85a0be
:0815ac000800e003000000004c
:020000040000fa
:020000041d02db
:1015b400200002240900052400008380feff6250fd
:1015c40001008424030065542d0002246f85400b20
:1015d4000100842419006250010084242b00022499
:1015e4001900621021380000029d063c440cc624f8
:1015f4002110c300010045900400a5300c00a01088
:101604002110000040280200c01002002110a20096
:101614000100842421104300000083802128c3009a
:101624000100a5900400a530f6ffa014d0ff4224c9
:10163400231802000800e0030b10670000008380f9
:101644007b85400b01000724010083807b85400bd0
:0416540001008424e9
:020000040000fa
:020000041d02db
:10165800200002240900052400008390feff621088
:1016680001008424fdff6550000083902d000224b2
:101678001a006250000083902b0002241a006210a6
:1016880021480000029d083c440c08252110030154
:10169800010045900400a5300d00a01021100000a5
:1016a800d0ff66240000839040380200c01002007a
:1016b800212803010100a5902110e200ff00c63097
:1016c8000400a5302110c200f5ffa01401008424f5
:1016d800231802000800e0030b1069000100092428
:1016e800a385400b0100842400008390a385400b50
:0416f8000100842445
:020000040000fa
:020000041d02db
:1016fc000400c92805002011213886001700c01ce1
:10170c00000000000800e0032110000025408500c7
:10171c00030008310300001100000000100000104d
:10172c00000088900000888c0000a98c04008424a0
:10173c00050009110400a524fcffa524fcff84244a
:10174c000700001000008890fcffc624f5ffc01ca9
:10175c00000000000800e003211000000000889049
:10176c000000a99001008424030009110100a524a4
:10177c000800e00323100901f8ff871400000000a3
:08178c000800e0032110000039
:020000040000fa
:020000041d02db
:1017940070726f7465637400736e6d700000000086
:1017a4004d505400636f6f6b6965732e68746d00e0
:1017b40070726f746563742f627265626f6f742eda
:1017c400636769006367692f70696e2e63676900d8
:1017d40070696e006367692f636d642e63676900c7
:1017e400636d64005661726961626c6520686f6c38
:1017f40064696e67206461746100000056312e379d
:101804002e3100002c00000025750000256c6400ba
:0c181400313233343536373839300000bb
:020000040000fa
:020000041d02db
:101820000000828ce8ffbd271400bfaf1000b0afee
:1018300015004010212880000400438c010007247b
:1018400000a0103cc4ffe37c040043ac0400828c85
:10185000213000002c0104260400438c84f7e37c33
:10186000040043ac4581400f0000000089bf023cea
:101870002090438c080060102c01038e000203248a
:1018800089bf023c089043ac1400bf8f1000b08f9a
:101890000800e0031800bd270400632400e0637c17
:0c18a000209043ac2086400b0002032483
:020000040000fa
:020000041d02db
:1018ac00e0ffbd271c00bfaf1800b0af0600a010b2
:1018bc00211000000400c0100300842c06008014ca
:1018cc000000023c2110c0001c00bf8f1800b08f1c
:1018dc000800e0032000bd27000042240600401051
:1018ec002120a0002128c0000000000c1400a6af8d
:1018fc003486400b1400a68f2180c0000000a48009
:10190c00ffff10260100a5241000a5af9184400f05
:10191c001400a6af1000a58ff8ff00161400a68fb8
:08192c003586400b2110c000bc
:020000040000fa
:020000041d02db
:101934008210040089bf093c008003342b10a200ec
:10194400809223ad04000324809220ad1000401047
:1019540000000000029d023cb2284224010003243e
:1019640008000724000046841b008600f401c00020
:10197400123000002b30a6000800c01002004224e0
:1019840001006324f8ff6754000046842000032408
:10199400809223ad0800e0030000000001006324ee
:1019a40080180300809223ad0800e00300000000cb
:020000040000fa
:020000041d02db
:1019b4008000a23017004010029d023c1c284224e3
:1019c40080200400212082000000828c080044242e
:1019d400180042240200a330040060100400a33065
:1019e40000100324000043ac0400a3300400605042
:1019f4000100a53000040324000043ac0100a5301d
:101a04000200a01000800234000082ac0800e00351
:101a1400000000001c2842248020040021208200b1
:101a24000000828c040044247686400b1400422477
:020000040000fa
:020000041d02db
:101a3400e8ffbd271400bfaf448a400f0000000038
:101a440088bf023c0030438c0003637c08006014b0
:101a540099aa033c0010042488bf033c083064acfa
:101a64000030438c00086330fdff601499aa033ce6
:101a740081bf023c5566632430f240ac30f243ac83
:101a84006655033caa99633430f243ac81bf023cef
:101a94000100032418f643ac81bf023c10f6428ccb
:081aa400a986400b00000000c0
:020000040000fa
:020000041d02db
:101aac000100a0540000a0ac00a0023c2c01438c0f
:101abc0000e0847c0a006010010002240400628ca7
:101acc00050043040000638c0800628c0600821041
:101adc00000000000000638cf8ff60140100022479
:101aec000800e003000000000400648c80008430d7
:101afc00fbff801402000224f9ffa010211000004b
:101b0c000c0063240000a3ac0800e00300000000fc
:020000040000fa
:020000041d02db
:101b1c00000f032489bf023ca49043ac1000a58f96
:101b2c0089bf033c609066ac89bf033c709067ac86
:101b3c0089bf033c909065ac1400a58f89bf033c12
:101b4c00809065ac0700800400100324a49043ac83
:101b5c000022040089bf023ca89044ac0800e003ba
:101b6c000000000089bf023c00220400a89043ac96
:0c1b7c00a89044ac0800e003000000004a
:020000040000fa
:020000041d02db
:101b880021108000e686400b2120a0002110600073
:101b98001b008600f401c00012200000fbff801427
:101ba80001004324000060a01b00a600f401c0004f
:101bb80010280000201c057c0a0064281240000040
:101bc800070067240200801412280000201c077cec
:101bd80030006324000043a0f3ff0015ffff4224f8
:081be8000800e003000000000a
:020000040000fa
:020000041d02db
:101bf000d0ffbd273800a2273800a6af1000a2af43
:101c000021304000ff7f02242800b0af2400a2afa3
:101c100021808000c20002241400a4272c00bfaf42
:101c20001400b0af1c00b0af3c00a7af1800a0afcd
:101c3000ce3f400f2000a2a71400a28f000040a0ba
:101c40001400a28f2c00bf8f231050002800b08feb
:081c50000800e0033000bd278d
:020000040000fa
:020000041d02db
:101c58000000803f000020410000c84200007a4494
:101c680000401c460050c347002474498096184b16
:101c780020bcbe4c286b6e4ef9021550ec78ad6056
:101c8800caf249710000803fcdcccc3d0ad7233c35
:101c98006f12833a17b7d138acc52737bd378635a9
:101ca80095bfd63377cc2b325f708930ffe6db2eb9
:101cb80008e53c1e6042a20d00017d00b004000151
:101cc8007d00b00400017d00b00401015802040148
:101cd80001015802040101015802040101015802de
:101ce8000401010158020401010158020401010123
:101cf80058020401010158020401010158020401bb
:101d080001015802040101015802040108014006ba
:081d1800dc0508014006dc05b2
:020000040000fa
:020000041d02db
:101d2000029d023c1c2842248020040021208200c5
:101d30000000838c42100500c22805000000648c5e
:101d4000080084300a10a4001b004600f401c00003
:101d500042100200122800000100a52442280500bc
:101d60001b004500f401a000ffffa424ffff843006
:0c1d7000400064ac0800e003121000000a
:020000040000fa
:020000041d02db
:101d7c000b00a0148010040000210400232082001a
:101d8c00029d023c809e4224212044000400828c4f
:101d9c000800838c040043ac0800e0030000000042
:101dac000021040023208200029d023c809e4224dc
:101dbc00212044000400828c0800838c080043ac72
:081dcc000800e0030000000024
:020000040000fa
:020000041d02db
:101dd400006088bf0000000000000000406088bf71
:101de400ffff0000609080bf806088bf000000009b
:101df40000000000c06088bf000000000000000078
:101e0400006188bf0000000000000000406188bf3e
:101e14000000000000000000806188bf0000000096
:041e240000000000ba
:020000040000fa
:020000041d02db
:101e2800e8ffbd271000b0af0280a4701400bfaf58
:101e38006d79400f21200002080040102118000091
:101e48000600001221184000ffff1026000060a0c5
:101e5800fdff001601006324211840001400bf8f05
:101e6800211060001000b08f0800e0031800bd27a3
:020000040000fa
:020000041d02db
:101e7800e0ffbd271800b1af1400b0af1c00bfaf22
:101e88002f84400f218880000700201a21804000fd
:101e9800ffff022404000212212000022128000072
:101ea8004385400f213020021c00bf8f2110000203
:101eb8001800b18f1400b08f0800e0032000bd2780
:020000040000fa
:020000041d02db
:101ec800e8ffbd271400bfaf060080042110800082
:101ed800dd64400f000000001400bf8f0800e0031d
:101ee8001800bd270100423042200400dd64400f85
:101ef80025208200212040004963400f212840000e
:0c1f08001400bf8f0800e0031800bd2784
:020000040000fa
:020000041d02db
:101f1400e0ffbd2721288000060006241c00bfaf77
:101f2400e47f400f1000a4271000a5971200a49787
:101f34001400a39789bf023c1c00bf8f209345acbb
:101f440089bf023c109344ac89bf023c009343ac6c
:081f54000800e0032000bd2796
:020000040000fa
:020000041d02db
:101f5c0089bf023c2093478c89bf023c1093438c71
:101f6c0089bf023c0093428ce0ffbd271000a527df
:101f7c00060006241c00bfaf1000a7a71200a3a7e1
:101f8c00e47f400f1400a2a71c00bf8f0800e003e1
:041f9c002000bd273d
:020000040000fa
:020000041d02db
:101fa0000a00c010211080002000032423186600be
:101fb0000800605823100300041865000610c400d0
:101fc0000630c500251062002128c0000800e0038b
:101fd0002118a0002130000006104500f387400bb7
:101fe0002128c0000a00c010211080002000032416
:101ff0002318660008006058232803000428c50041
:10200000061864000430c400252865002110c000b3
:102010000800e0032118a000213000000428a400db
:082020000488400b2110c000f0
:020000040000fa
:020000041d02db
:1020280056312e372e31000020000000253032585e
:10203800000000002d0000002c0000002575640041
:10204800252e326600000000256c6400252e3466bb
:1020580000000000252e33660000000025750000f2
:020000040000fa
:020000041d02db
:10206800e8ffbd271000b0af1400bfaf0500a10402
:10207800218080002d000224000002a20100042615
:1020880023280500e286400f000000001400bf8fdf
:10209800211000021000b08f0800e0031800bd27cf
:020000040000fa
:020000041d02db
:1020a80089bf033cd092628c01004230fdff40148e
:1020b80089bf023c002a05002520a400a09244ac58
:1020c8000100032489bf023c909243ac0000000049
:1020d80000000000000000000800e003000000000d
:020000040000fa
:020000041d02db
:1020e800801004000021040023208200029d023c8d
:1020f800d41d4224212082000000838c0800828c99
:10210800080065ac04004010000000000400838c47
:102118002428a300080045ac0800e00300000000e4
:020000040000fa
:020000041d02db
:10212800801004000021040023208200029d023c4c
:10213800d41d4224212082000000838c0800828c58
:10214800040065ac04004010000000000400838c0b
:102158002428a300080045ac0800e00300000000a4
:020000040000fa
:020000041d02db
:10216800029d023c1c284224802004002120820079
:102178000000838c82200500022905000000628c83
:102188004000638c080042300a20a200010063244a
:102198001b008300f40160000800e0031210000037
:020000040000fa
:020000041d02db
:1021a800d8ffbd272000b0af2130a00021808000db
:1021b8001000a5271400a4272400bfaf847f400f78
:1021c8001400a0af1800a38f2400bf8f000003ae37
:0c21d8002000b08f0800e0032800bd27a5
:020000040000fa
:020000041d02db
:1021e400801004000021040023208200029d023c90
:1021f4009ca34224212082000800838c0000828c4e
:10220400070004240420640004186500040044ac9e
:0c221400080043ac0800e00300000000dc
:020000040000fa
:020000041d02db
:10222000801004000021040023208200029d023c53
:102230009ca34224212082000400838c0000828c15
:10224000030004240420640004186500040044ac66
:0c225000080043ac0800e00300000000a0
:020000040000fa
:020000041d02db
:10225c00029d023c1c284224802004002120820084
:10226c000000828cd83b0424ffffa330040044ac54
:10227c00022c050000200424140044ac080043acdc
:0c228c00180045ac0800e0030000000052
:020000040000fa
:020000041d02db
:10229800029d023c1c284224802004002120820048
:1022a8000000828cff00a530002c0500ff01033cd4
:1022b800140043ac180045ac0200c0100001033cf8
:0c22c800180043ac0800e0030000000018
:020000040000fa
:020000041d02db
:1022d4000000838005006010211080000100842428
:1022e40000008380feff6054010084240000a3806a
:1022f4000100a524000083a0fcff601401008424d5
:082304000800e00300000000e6
:020000040000fa
:020000041d02db
:10230c000000a28c0a00401000e0847c0400438c86
:10231c00050063040000428c0800438c0400641028
:10232c00000000000000428cf8ff40140000000088
:08233c000800e00300000000ae
:020000040000fa
:020000041d02db
:10234400ffffc63089bf033cd092628c010042304b
:10235400fdff401489bf023c002a05002520a4008b
:10236400a09244ac89bf023cb09246ac000000008d
:082374000800e0030000000076
:020000040000fa
:020000041d02db
:10237c00029d023c1c284224802004002120820063
:10238c000500a0140000828c0001033c140043ac37
:10239c000800e003000000000001033c180043acff
:0823ac000800e003000000003e
:020000040000fa
:020000041d02db
:1023b4000d0a444843502f506f7765722065766547
:1023c4006e74206f63637572726564002c20436fb2
:1023d40064652076657273696f6e200056312e37fe
:0423e4002e31000096
:020000040000fa
:020000041d02db
:1023e80089bf033cd092628c01004230fdff40144b
:1023f80089bf023c002a05002520a400a09244ac15
:102408000200032489bf023c909243ac0800e00319
:0424180000000000c0
:020000040000fa
:020000041d02db
:10241c00e8ffbd271400bfaf006803408000023cfa
:10242c0025106200006882400010032488bf023c23
:10243c00428a400f081043ac1400bf8f0800e00321
:04244c001800bd2790
:020000040000fa
:020000041d02db
:10245000e0ffbd271000a6af2138a00000a0063c79
:1024600000a0053c2c01a5241c00bfaf6a7d400fd5
:102470002401c6241c00bf8f0800e0032000bd27f4
:020000040000fa
:020000041d02db
:102480002138a00000a0063c00a0053ce0ffbd27cd
:102490002c01a5242401c6241c00bfaf6a7d400f77
:1024a0001000a0af1c00bf8f0800e0032000bd2774
:020000040000fa
:020000041d02db
:1024b0000f008224000083280b2043000321040026
:1024c000050080100600022489bf023c00210400a0
:1024d000109044ac211000000800e0030000000050
:020000040000fa
:020000041d02db
:1024e000006803408000023c2510620000688240c2
:1024f000040080100010032488bf023c0800e003a1
:10250000041043ac88bf023c0800e003081043ac51
:020000040000fa
:020000041d02db
:10251000801004000021040023208200029d023c60
:102520009ca34224212082000000838c0800828c1e
:102530000000638c061043000800e00307004230ef
:020000040000fa
:020000041d02db
:10254000801004000021040023208200029d023c30
:102550009ca34224212082000000838c0400828cf2
:102560000000638c061043000800e00303004230c3
:020000040000fa
:020000041d02db
:1025700001a0033cdc78622401000424080044ac80
:1025800001a0043c28798424dc7864ac0000033c7e
:0c259000803e63240800e003040043ac1c
:020000040000fa
:020000041d02db
:10259c00801004000021040023208200029d023cd4
:1025ac00809e4224212082000000828c0800838cb3
:0c25bc00040043ac0800e0030000000035
:020000040000fa
:020000041d02db
:1025c800801004000021040023208200029d023ca8
:1025d800809e4224212082000000828c0800838c87
:0c25e800080043ac0800e0030000000005
:020000040000fa
:020000041d02db
:1025f400801004000021040023208200029d023c7c
:10260400809e4224212082000000838c0800828c5a
:0c2614000000638c0800e003241062004a
:020000040000fa
:020000041d02db
:10262000801004000021040023208200029d023c4f
:10263000809e4224212044000400838c0800828c68
:0c2640000000638c0800e003241062001e
:020000040000fa
:020000041d02db
:10264c00e8ffbd271400bfafd389400f212800003d
:10265c0021204000a75a400f212860001400bf8f92
:08266c000800e0031800bd277f
:020000040000fa
:020000041d02db
:1026740089bf033cd092628c01004230fdff4014bc
:1026840089bf023c909240ac89bf023cc092428c0c
:082694000800e003ffff4230e3
:020000040000fa
:020000041d02db
:10269c00029d023c1c284224802004002120820040
:1026ac000000828cc0c00334140043ac180045ac4d
:0826bc000800e003000000002b
:020000040000fa
:020000041d02db
:1026c400029d023c1c284224802004002120820018
:1026d4000000828c07000324040043ac080045acce
:0826e4000800e0030000000003
:020000040000fa
:020000041d02db
:1026ec000600801001a0033cfcff8290f8ff8424bc
:1026fc00fe004230c07864ac040082a00800e00305
:04270c0000000000c9
:020000040000fa
:020000041d02db
:1027100089bf033cd092628c04004230fdff40141c
:1027200089bf023cc092428c0800e003ffff4230a8
:020000040000fa
:020000041d02db
:10273000e8ffbd271400bfaf3274400f0000000057
:0c2740001400bf8f0800e0031800bd2744
:020000040000fa
:020000041d02db
:10274c00e8ffbd271400bfaf3274400f000000003b
:0c275c001400bf8f0800e0031800bd2728
:020000040000fa
:020000041d02db
:10276800e8ffbd271400bfaf237f400f0000000023
:0c2778001400bf8f0800e0031800bd270c
:020000040000fa
:020000041d02db
:10278400e8ffbd271400bfaf237f400f21300000b6
:0c2794001400bf8f0800e0031800bd27f0
:020000040000fa
:020000041d02db
:1027a0000100843003008014000000000800e003f2
:0c27b000006060410800e0032060604110
:020000040000fa
:020000041d02db
:1027bc0000601a40bfff1b3cffff7b3724d05b033c
:0827cc0000609a401800004271
:020000040000fa
:020000041d02db
:1027d40089bf023c409044ac89bf023c509045ac58
:0827e4000800e0030000000002
:020000040000fa
:020000041d02db
:1027ec00f8ff0224008003402410620002004234ef
:0827fc000800e00300808240a8
:020000040000fa
:020000041d02db
:10280400f8ff0224008003402410620003004234d5
:082814000800e003008082408f
:020000040000fa
:020000041d02db
:10281c00006080bf006880bf006480bf006280bf22
:08282c00006a80bf006680bf56
:020000040000fa
:020000041d02db
:10283400ffff843089bf023c509244ac0800e0039f
:042844000000000090
:020000040000fa
:020000041d02db
:10284800000f032489bf023ca49043ac0800e003b6
:04285800000000007c
:020000040000fa
:020000041d02db
:10285c00066d400f00000000ffff0010000000009c
:020000040000fa
:020000041d02db
:10287000000000000000f03f0000000000002440c5
:020000040000fa
:020000041d02db
:1028800089bf023ca89044ac0800e00300000000af
:020000040000fa
:020000041d02db
:1028900089bf023ca49044ac0800e00300000000a3
:020000040000fa
:020000041d02db
:1028a00089bf023ca09044ac0800e0030000000097
:020000040000fa
:020000041d02db
:1028b0000400060008000a000e0014001c00280096
:020000040000fa
:020000041d02db
:0c28c0003f000070318a400b0000000057
:020000040000fa
:020000041d02db
:1028cc000004a300000000004d504653020100001c
:020000040000fa
:020000041d02db
:0828dc000800e0038000022463
:020000040000fa
:020000041d02db
:0828e4000800e0030000000001
:020000040000fa
:020000041d02db
:0828ec000800e00300000000f9
:020000040000fa
:020000041d02db
:0828f800000000000000008058
:020000040000fa
:020000041d02db
:082900000800e003004802405a
:020000040000fa
:020000041d02db
:082908000800e00320606241b9
:020000040000fa
:020000041d02db
:082910000800e00300606241d1
:020000040000fa
:020000041d02db
:082918000000804f0000004f99
:00000001FF
