:020000040000fa
:020000041fc01b
:042ff000ffffffffe1
:020000040000fa
:020000041fc01b
:042ff400fbfff8ffe8
:020000040000fa
:020000041fc01b
:042ff800fbca74ff9d
:020000040000fa
:020000041fc01b
:042ffc00ffffff7f55
:020000040000fa
:020000041fc01b
:100000000200f00f0000000000601a40c0045a7f98
:100010000500401300000000019d1a3c308a5a2759
:10002000080040030000000002a01d3cf8ffbd27af
:1000300000a01c3cf07f9c27026009402058200152
:10004000801e2a7d8449497d02608940c0000000ed
:1000500000e0dc4102608b40c0000000019d083cd4
:10006000988a082509f8000100000000019d083c5d
:100070006482082509f80001000000000000093c26
:100080000000292510002011000000000200093c9a
:100090000000292588bf0a3c10204a25000049adf0
:1000a0000200093c0000292588bf0a3c20204a257f
:1000b000000049ad0200093c0000292588bf0a3c28
:1000c00030204a25000049ad00488040ffff0a2447
:1000d00000588a404000083c00600a4025500a0150
:1000e00000608a40c09f093c00102925c000000024
:1000f000017889400000093c0100292500000a24fc
:1001000044492a7d01608a408000093c006889409a
:10011000008008408005097d404c090000600840cf
:100120005800013c2440010125402801006088401e
:10013000c0000000019d083ca08a082509f80001c4
:100140000000000000600840bfff013cffff2134b9
:100150002440010100608840000084300000a53088
:10016000019d083cf88508250800000100000000fa
:020000040000fa
:020000041fc01b
:10038000019d1a3ce8865a2708004003000000003f
:020000040000fa
:020000041fc01b
:10118000009d1a3c2c7d5a270800400300000000f7
:020000040000fa
:020000041fc01b
:08120000de21400b000000009c
:020000040000fa
:020000041fc01b
:08122000de21400b000000007c
:020000040000fa
:020000041fc01b
:08124000de21400b000000005c
:020000040000fa
:020000041fc01b
:08126000de21400b000000003c
:020000040000fa
:020000041fc01b
:081280000d02400b000000000c
:020000040000fa
:020000041fc01b
:0812a000b80c400b0000000037
:020000040000fa
:020000041fc01b
:0812c000ca12400b00000000ff
:020000040000fa
:020000041fc01b
:0812e000de21400b00000000bc
:020000040000fa
:020000041fc01b
:081300003502400b0000000063
:020000040000fa
:020000041fc01b
:08132000fe0c400b0000000070
:020000040000fa
:020000041fc01b
:08134000f012400b0000000058
:020000040000fa
:020000041fc01b
:08136000de21400b000000003b
:020000040000fa
:020000041fc01b
:081380005d02400b00000000bb
:020000040000fa
:020000041fc01b
:0813a000440d400b00000000a9
:020000040000fa
:020000041fc01b
:0813c0001613400b00000000b1
:020000040000fa
:020000041fc01b
:0813e000de21400b00000000bb
:020000040000fa
:020000041fc01b
:081400008502400b0000000012
:020000040000fa
:020000041fc01b
:081420008a0d400b00000000e2
:020000040000fa
:020000041fc01b
:081440003c13400b000000000a
:020000040000fa
:020000041fc01b
:08146000de21400b000000003a
:020000040000fa
:020000041fc01b
:08148000ad02400b000000006a
:020000040000fa
:020000041fc01b
:0814a000d00d400b000000001c
:020000040000fa
:020000041fc01b
:0814c0006213400b0000000064
:020000040000fa
:020000041fc01b
:0814e0008319400b000000001d
:020000040000fa
:020000041fc01b
:081500002f06400b0000000063
:020000040000fa
:020000041fc01b
:08152000c716400b000000009b
:020000040000fa
:020000041fc01b
:08154000de21400b0000000059
:020000040000fa
:020000041fc01b
:08156000de21400b0000000039
:020000040000fa
:020000041fc01b
:08158000de21400b0000000019
:020000040000fa
:020000041fc01b
:0815a000de21400b00000000f9
:020000040000fa
:020000041fc01b
:0815c000de21400b00000000d9
:020000040000fa
:020000041fc01b
:0815e000de21400b00000000b9
:020000040000fa
:020000041fc01b
:08160000f106400b00000000a0
:020000040000fa
:020000041fc01b
:081620009c17400b00000000c4
:020000040000fa
:020000041fc01b
:08164000de21400b0000000058
:020000040000fa
:020000041fc01b
:081660005e14400b00000000c5
:020000040000fa
:020000041fc01b
:081680008715400b000000007b
:020000040000fa
:020000041fc01b
:0816a000bb15400b0000000027
:020000040000fa
:020000041fc01b
:0816c000ef15400b00000000d3
:020000040000fa
:020000041fc01b
:0816e000de21400b00000000b8
:020000040000fa
:020000041fc01b
:08170000de21400b0000000097
:020000040000fa
:020000041fc01b
:08172000de21400b0000000077
:020000040000fa
:020000041fc01b
:08174000de21400b0000000057
:020000040000fa
:020000041fc01b
:08176000de21400b0000000037
:020000040000fa
:020000041fc01b
:08178000de21400b0000000017
:020000040000fa
:020000041fc01b
:0817a000de21400b00000000f7
:020000040000fa
:020000041fc01b
:0817c000de21400b00000000d7
:020000040000fa
:020000041fc01b
:0817e000de21400b00000000b7
:020000040000fa
:020000041fc01b
:08180000de21400b0000000096
:020000040000fa
:020000041fc01b
:08182000de21400b0000000076
:020000040000fa
:020000041fc01b
:08184000de21400b0000000056
:020000040000fa
:020000041fc01b
:08186000de21400b0000000036
:020000040000fa
:020000041fc01b
:1004800000f89b40c0000000019d1b3cc0877b27fb
:10049000020060130000000000c09b4000f81b40f9
:0c04a000c00000001f000042000000002f
:020000040000fa
:020000041d00dd
:10000000f0ffbd270c00beaf25f0a0031000c4af69
:100010000b000010000000000000c0af0400001042
:10002000000000000000c28f010042240000c2afa7
:100030000000c28f5803422cfaff40140000000059
:100040001000c28fffff43241000c3aff2ff401423
:10005000000000000000000025e8c0030c00be8f77
:100060001000bd270800e00300000000f8ffbd27d6
:100070000400bfaf0000beaf25f0a00380bf033c6b
:10008000000662900421027c000662a080bf033c4f
:10009000000662904429027c000662a080bf033cf7
:1000a00000066294c439027c000662a480bf033c4f
:1000b00000066294c45a027c000662a480bf033c1e
:1000c000000662940463027c000662a480bf033cc5
:1000d00000066294446b027c000662a480bf033c6d
:1000e00000066294c47b027c000662a480bf033ccd
:1000f00000066290010004240421827c000662a0b4
:1001000080bf033c00066290010004244429827ce5
:10011000000662a080bf023cffff0334200643ac10
:1001200080bf023c100640ac80bf033c00066294d6
:100130008410027c000662a488bf033c3010628ced
:100140000421027c301062ac88bf033c6010628cda
:10015000010004240421827c601062ac88bf033c4f
:10016000a010628c070004248420827ca01062ac62
:1001700088bf033ca010628c030004240408827c26
:10018000a01062ac80bf033c000662944408027c6d
:10019000000662a480bf033c00066294c439027c5e
:1001a000000662a480bf033c000662948410027cb7
:1001b000000662a480bf033c000662940100042490
:1001c000c47b827c000662a488bf033c0010628c62
:1001d000010004240463827c001062ac2060624150
:1001e0000000000025e8c0030400bf8f0000be8fa0
:1001f0000800bd270800e00300000000f8ffbd274d
:100200000400bfaf0000beaf25f0a00380bf033cd9
:10021000000862944408027c000862a480bf033c8a
:1002200000086294c418027c000862a480bf033cea
:10023000000862900421027c000862a080bf033c99
:10024000000862904429027c000862a080bf033c41
:10025000000862908431027c000862a080bf033ce9
:1002600000086294c439027c000862a480bf033c89
:1002700000086294446b027c000862a480bf033cc7
:1002800000086294c47b027c000862a480bf033c27
:10029000000862900421027c000862a080bf033c39
:1002a000000862904429027c000862a080bf033ce1
:1002b000000862908431027c000862a080bf023c8a
:1002c000ffff0334200843ac80bf023c100840ac61
:1002d00088bf033c3010628c0442027c301062ac58
:1002e00088bf033c6010628c010004240442827cbd
:1002f000601062ac88bf033cb010628c070004241d
:100300008420827cb01062ac88bf033cb010628c49
:10031000030004240408827cb01062ac80bf033c5c
:10032000000862944408027c000862a480bf033c79
:1003300000086294c439027c000862a480bf033cb8
:1003400000086294c418027c000862a480bf033cc9
:1003500000086294446b027c000862a480bf033ce6
:100360000008629401000424c47b827c000862a41b
:1003700088bf033c0010628c010004240463827c6b
:10038000001062ac206062410000000025e8c0035c
:100390000400bf8f0000be8f0800bd270800e003e7
:1003a00000000000f8ffbd270400bfaf0000beaf93
:1003b00025f0a00380bf033c000a62944408027c3d
:1003c000000a62a480bf033c000a62900421027c00
:1003d000000a62a080bf033c000a62904429027cac
:1003e000000a62a080bf033c000a62908431027c54
:1003f000000a62a080bf033c000a6294c439027cf8
:10040000000a62a480bf033c000a6294446b027c31
:10041000000a62a480bf033c000a6294c47b027c91
:10042000000a62a480bf023cffff0334200a43acf1
:1004300080bf023c100a40ac88bf033c3010628c85
:100440000463027c301062ac88bf033c6010628c95
:10045000010004240463827c601062ac88bf033c0a
:10046000c010628c070004248420827cc01062ac1f
:1004700088bf033cc010628c030004240408827c03
:10048000c01062ac80bf033c000a62944408027c46
:10049000000a62a480bf033c000a62900421027c2f
:1004a000000a62a080bf033c000a62904429027cdb
:1004b000000a62a080bf033c000a62908431027c83
:1004c000000a62a080bf033c000a6294c439027c27
:1004d000000a62a480bf033c000a6294446b027c61
:1004e000000a62a480bf033c000a62940100042455
:1004f000c47b827c000a62a488bf033c0010628c2b
:10050000010004240463827c001062ac206062411c
:100510000000000025e8c0030400bf8f0000be8f6c
:100520000800bd270800e00300000000f8ffbd2719
:100530000400bfaf0000beaf25f0a00380bf033ca6
:10054000000c62944408027c000c62a480bf033c4f
:10055000000c6294c418027c000c62a480bf033caf
:10056000000c62900421027c000c62a080bf033c5e
:10057000000c62904429027c000c62a080bf033c06
:10058000000c62908431027c000c62a080bf033cae
:10059000000c6294c439027c000c62a480bf033c4e
:1005a000000c6294446b027c000c62a480bf033c8c
:1005b000000c6294c47b027c000c62a480bf023ced
:1005c000ffff0334200c43ac80bf023c100c40ac56
:1005d00088bf033c3010628c0484027c301062ac13
:1005e00088bf033c6010628c010004240484827c78
:1005f000601062ac88bf033cd010628c07000424fa
:100600008420827cd01062ac80bf033c000c6294da
:100610004408027c000c62a480bf033c000c62947e
:10062000c418027c000c62a480bf033c000c6290e2
:100630000421027c000c62a080bf033c000c62908d
:100640004429027c000c62a080bf033c000c629035
:100650008431027c000c62a080bf033c000c6294d9
:10066000c439027c000c62a480bf033c000c62947d
:10067000446b027c000c62a480bf033c000c6294bb
:1006800001000424c47b827c000c62a488bf033c6c
:100690000010628c010004240463827c001062acb0
:1006a000206062410000000025e8c0030400bf8f05
:1006b0000000be8f0800bd270800e0030000000016
:1006c000f8ffbd270400bfaf0000beaf25f0a003b8
:1006d00080bf033c000e62944408027c000e62a4ba
:1006e00080bf033c000e62900421027c000e62a0d9
:1006f00080bf033c000e62904429027c000e62a081
:1007000080bf033c000e62908431027c000e62a028
:1007100080bf033c000e6294c439027c000e62a4c8
:1007200080bf033c000e6294446b027c000e62a406
:1007300080bf033c000e6294c47b027c000e62a466
:1007400080bf023cffff0324200e43ac80bf023c6d
:10075000100e40ac88bf033c3010628c04a5027cb4
:10076000301062ac88bf033c6010628c010004242e
:1007700004a5827c601062ac88bf033ce010628cf0
:10078000070004248420827ce01062ac80bf033c1c
:10079000000e62944408027c000e62a480bf033cf9
:1007a000000e62900421027c000e62a080bf033c18
:1007b000000e62904429027c000e62a080bf033cc0
:1007c000000e62908431027c000e62a080bf033c68
:1007d000000e6294c439027c000e62a480bf033c08
:1007e000000e6294446b027c000e62a480bf033c46
:1007f000000e629401000424c47b827c000e62a47b
:1008000088bf033c0010628c010004240463827cd6
:10081000001062ac206062410000000025e8c003c7
:100820000400bf8f0000be8f0800bd270800e00352
:100830000000000000e85d4100701b4002601a40ab
:10084000e0ffbd2700601b401800baaf1c00bbaf23
:1008500044781b7c001c7b3700609b400800a3afe2
:100860000400a2af1800a38f0f0063300c00beafce
:100870000000000025f0a00388bf033c3010628c0c
:100880000421027c301062ac80bf023c100640acf8
:100890000000000025e8c0031800a28f0f004230be
:1008a00004004014000000000c00be8f0800a38f5d
:1008b0000400a28f000000001c00bb8f1800ba8f3c
:1008c0002000bd2702609a4000e8dd4100609b40a7
:1008d0001800004200e85d4100701b4002601a40b1
:1008e000e0ffbd2700601b401800baaf1c00bbaf83
:1008f00044781b7c001c7b3700609b400800a3af42
:100900000400a2af1800a38f0f0063300c00beaf2d
:100910000000000025f0a00388bf033c3010628c6b
:100920000442027c301062ac80bf023c100840ac34
:100930000000000025e8c0031800a28f0f0042301d
:1009400004004014000000000c00be8f0800a38fbc
:100950000400a28f000000001c00bb8f1800ba8f9b
:100960002000bd2702609a4000e8dd4100609b4006
:100970001800004200e85d4100701b4002601a4010
:10098000e0ffbd2700601b401800baaf1c00bbafe2
:1009900044781b7c001c7b3700609b400800a3afa1
:1009a0000400a2af1800a38f0f0063300c00beaf8d
:1009b0000000000025f0a00388bf033c3010628ccb
:1009c0000463027c301062ac80bf023c100a40ac71
:1009d0000000000025e8c0031800a28f0f0042307d
:1009e00004004014000000000c00be8f0800a38f1c
:1009f0000400a28f000000001c00bb8f1800ba8ffb
:100a00002000bd2702609a4000e8dd4100609b4065
:100a10001800004200e85d4100701b4002601a406f
:100a2000e0ffbd2700601b401800baaf1c00bbaf41
:100a300044781b7c001c7b3700609b400800a3af00
:100a40000400a2af1800a38f0f0063300c00beafec
:100a50000000000025f0a00388bf033c3010628c2a
:100a60000484027c301062ac80bf023c100c40acad
:100a70000000000025e8c0031800a28f0f004230dc
:100a800004004014000000000c00be8f0800a38f7b
:100a90000400a28f000000001c00bb8f1800ba8f5a
:100aa0002000bd2702609a4000e8dd4100609b40c5
:100ab0001800004200e85d4100701b4002601a40cf
:100ac000e0ffbd2700601b401800baaf1c00bbafa1
:100ad00044781b7c001c7b3700609b400800a3af60
:100ae0000400a2af1800a38f0f0063300c00beaf4c
:100af0000000000025f0a00388bf033c3010628c8a
:100b000004a5027c301062ac80bf023c100e40ace9
:100b10000000000025e8c0031800a28f0f0042303b
:100b200004004014000000000c00be8f0800a38fda
:100b30000400a28f000000001c00bb8f1800ba8fb9
:100b40002000bd2702609a4000e8dd4100609b4024
:100b500018000042f8ffbd270400bfaf0000beaf81
:100b600025f0a0030800c4af0800c28f00110200e6
:100b700025184000dc02023c006c42341b0043009c
:100b8000f40160001010000012100000ffff432469
:100b900080bf023c406043ac80bf023c006040ac80
:100ba00080bf033c00606294c418027c006062a4b1
:100bb00080bf023c106040ac80bf033c1060628c80
:100bc000010004248452827c106062ac80bf033c2c
:100bd0001060628c010004240463827c106062acab
:100be00088bf033c6010628c01000424c4de827c58
:100bf000601062ac88bf033c6010628c04e7027c2a
:100c0000601062ac88bf033cf010628c02000424c8
:100c10008420827cf01062ac88bf033c3010628c70
:100c2000c4de027c301062ac88bf033c3010628ca2
:100c300004e7027c301062ac80bf033c0060629429
:100c400001000424c47b827c006062a488bf033c52
:100c50000010628c010004240463827c001062acea
:100c600088bf023c00100324081043ac206062419e
:100c70000000000025e8c0030400bf8f0000be8f05
:100c80000800bd270800e00300000000f8ffbd27b2
:100c90000400bfaf0000beaf25f0a0030800c4af42
:100ca0000800c28f0011020025184000dc02023c3f
:100cb000006c42341b004300f4016000101000007f
:100cc00012100000ffff432480bf023c406843ac89
:100cd00080bf023c006840ac80bf033c0068629467
:100ce000c418027c006862a480bf023c106840ac5b
:100cf00080bf033c1068628c010004248452827c13
:100d0000106862ac80bf033c1068628c0100042450
:100d10000463827c106862ac88bf033c7010628cf4
:100d200001000424444a827c701062ac88bf033cfa
:100d30007010628c8452027c701062ac88bf033cdd
:100d40001011628c020004248420827c101162ac99
:100d500088bf033c4010628c444a027c401062ac65
:100d600088bf033c4010628c8452027c401062ac0d
:100d700080bf033c0068629401000424c47b827c31
:100d8000006862a488bf033c0010628c0100042448
:100d90000463827c001062ac88bf023c0010032414
:100da000081043ac206062410000000025e8c00349
:100db0000400bf8f0000be8f0800bd270800e003bd
:100dc00000000000f8ffbd270400bfaf0000beaf69
:100dd00025f0a0030800c4af0800c28f0011020074
:100de00025184000dc02023c006c42341b0043002a
:100df000f40160001010000012100000ffff4324f7
:100e000080bf023c406443ac80bf023c006440ac05
:100e100080bf033c00646294c418027c006462a436
:100e200080bf023c106440ac80bf033c1064628c05
:100e3000010004248452827c106462ac80bf033cb5
:100e40001064628c010004240463827c106462ac30
:100e500088bf033c7010628c010004248431827cc2
:100e6000701062ac88bf033c7010628cc439027c85
:100e7000701062ac88bf033c0011628c0200042435
:100e800084e6827c001162ac88bf033c4010628c17
:100e90008431027c401062ac88bf033c4010628cfd
:100ea000c439027c401062ac80bf033c0064629491
:100eb00001000424c47b827c006462a488bf033cdc
:100ec0000010628c010004240463827c001062ac78
:100ed00088bf023c00100324081043ac206062412c
:100ee0000000000025e8c0030400bf8f0000be8f93
:100ef0000800bd270800e00300000000f8ffbd2740
:100f00000400bfaf0000beaf25f0a0030800c4afcf
:100f10000800c28f0011020025184000dc02023ccc
:100f2000006c42341b004300f4016000101000000c
:100f300012100000ffff432480bf023c406243ac1c
:100f400080bf023c006240ac80bf033c0062629400
:100f5000c418027c006262a480bf023c106240acf4
:100f600080bf033c1062628c010004248452827ca6
:100f7000106262ac80bf033c1062628c01000424ea
:100f80000463827c106262ac88bf033c8010629470
:100f9000010004240421827c801062a488bf033ce9
:100fa000801062944429027c801062a488bf033cb4
:100fb0005011628c020004248462827c501162ac65
:100fc00088bf033c501062940421027c501062a43c
:100fd00088bf033c501062944429027c501062a4e4
:100fe00080bf033c0062629401000424c47b827cc5
:100ff000006262a488bf033c0010628c01000424dc
:101000000463827c001062ac88bf023c00100324a1
:10101000081043ac206062410000000025e8c003d6
:101020000400bf8f0000be8f0800bd270800e0034a
:1010300000000000f8ffbd270400bfaf0000beaff6
:1010400025f0a0030800c4af0800c28f0011020001
:1010500025184000dc02023c006c42341b004300b7
:10106000f40160001010000012100000ffff432484
:1010700080bf023c406a43ac80bf023c006a40ac87
:1010800080bf033c00626294c418027c006262a4c8
:1010900080bf023c106a40ac80bf033c106a628c87
:1010a000010004248452827c106a62ac80bf033c3d
:1010b000106a628c010004240463827c106a62acb2
:1010c00088bf033c80106294010004248452827c17
:1010d000801062a488bf033c80106294c45a027cd2
:1010e000801062a488bf033c5011628c020004246b
:1010f00084e6827c501162ac88bf033c501062943d
:101100008452027c501062a488bf033c5010629449
:10111000c45a027c501062a480bf033c006a6294ef
:1011200001000424c47b827c006a62a488bf033c63
:101130000010628c010004240463827c001062ac05
:1011400088bf023c00100324081043ac20606241b9
:101150000000000025e8c0030400bf8f0000be8f20
:101160000800bd270800e00300000000f8ffbd27cd
:101170000400bfaf0000beaf25f0a0030800c4af5d
:101180000800c28f0011020025184000dc02023c5a
:10119000006c42341b004300f4016000101000009a
:1011a00012100000ffff432480bf023c406643aca6
:1011b00080bf023c006640ac80bf033c0066629486
:1011c000c418027c006662a480bf023c106640ac7a
:1011d00080bf033c1066628c010004248452827c30
:1011e000106662ac80bf033c1066628c0100042470
:1011f0000463827c106662ac88bf033c80106294fa
:1012000001000424c439827c801062a488bf033c9e
:10121000801062940442027c801062a488bf033c68
:101220005011628c0200042484a4827c501162acb0
:1012300088bf033c50106294c439027c501062a4f1
:1012400088bf033c501062940442027c501062a498
:1012500080bf033c0066629401000424c47b827c4e
:10126000006662a488bf033c0010628c0100042465
:101270000463827c001062ac88bf023c001003242f
:10128000081043ac206062410000000025e8c00364
:101290000400bf8f0000be8f0800bd270800e003d8
:1012a00000000000f8ffbd270400beaf25f0a0033a
:1012b000251080000800c2a30000000080bf023c8f
:1012c0001060428c4002427cff004230fbff401421
:1012d000000000000800c38380bf023c206043acd4
:1012e0000000000025e8c0030400be8f0800bd27f1
:1012f0000800e00300000000f8ffbd270400beafb7
:1013000025f0a003251080000800c2a30000000003
:1013100080bf023c1068428c4002427cff00423099
:10132000fbff4014000000000800c38380bf023ca4
:10133000206843ac0000000025e8c0030400be8f15
:101340000800bd270800e00300000000f8ffbd27eb
:101350000400beaf25f0a003251080000800c2a342
:101360000000000080bf023c1064428c4002427cbe
:10137000ff004230fbff4014000000000800c38360
:1013800080bf023c206443ac0000000025e8c0039d
:101390000400be8f0800bd270800e0030000000025
:1013a000f8ffbd270400beaf25f0a0032510800084
:1013b0000800c2a30000000080bf023c1062428c03
:1013c0004002427cff004230fbff4014000000005e
:1013d0000800c38380bf023c206243ac00000000d1
:1013e00025e8c0030400be8f0800bd270800e00305
:1013f00000000000f8ffbd270400beaf25f0a003e9
:10140000251080000800c2a30000000080bf023c3d
:10141000106a428c4002427cff004230fbff4014c5
:10142000000000000800c38380bf023c206a43ac78
:101430000000000025e8c0030400be8f0800bd279f
:101440000800e00300000000f8ffbd270400beaf65
:1014500025f0a003251080000800c2a300000000b2
:1014600080bf023c1066428c4002427cff0042304a
:10147000fbff4014000000000800c38380bf023c53
:10148000206643ac0000000025e8c0030400be8fc6
:101490000800bd270800e00300000000f8ffbd279a
:1014a0000400beaf25f0a0030000000080bf023c96
:1014b0001060428c0000427cff004230fbff401075
:1014c0000000000080bf023c3060428c2014027c8f
:1014d00025e8c0030400be8f0800bd270800e00314
:1014e00000000000f8ffbd270400beaf25f0a003f8
:1014f0000000000080bf023c1068428c0000427c6b
:10150000ff004230fbff40100000000080bf023ca3
:101510003068428c2014027c25e8c0030400be8f92
:101520000800bd270800e00300000000f8ffbd2709
:101530000400beaf25f0a0030000000080bf023c05
:101540001064428c0000427cff004230fbff4010e0
:101550000000000080bf023c3064428c2014027cfa
:1015600025e8c0030400be8f0800bd270800e00383
:1015700000000000f8ffbd270400beaf25f0a00367
:101580000000000080bf023c1062428c0000427ce0
:10159000ff004230fbff40100000000080bf023c13
:1015a0003062428c2014027c25e8c0030400be8f08
:1015b0000800bd270800e00300000000f8ffbd2779
:1015c0000400beaf25f0a0030000000080bf023c75
:1015d000106a428c0000427cff004230fbff40104a
:1015e0000000000080bf023c306a428c2014027c64
:1015f00025e8c0030400be8f0800bd270800e003f3
:1016000000000000f8ffbd270400beaf25f0a003d6
:101610000000000080bf023c1066428c0000427c4b
:10162000ff004230fbff40100000000080bf023c82
:101630003066428c2014027c25e8c0030400be8f73
:101640000800bd270800e00300000000e8ffbd27f8
:101650001400bfaf1000beaf25f0a0031800c4af48
:1016600009000010000000001800c28f0000428036
:1016700025204000a904400f000000001800c28f80
:10168000010042241800c2af1800c28f000042803f
:10169000f5ff4014000000000000000025e8c00332
:1016a0001400bf8f1000be8f1800bd270800e00394
:1016b00000000000e8ffbd271400bfaf1000beaf60
:1016c00025f0a0031800c4af0900001000000000be
:1016d0001800c28f0000428025204000be04400f49
:1016e000000000001800c28f010042241800c2afa1
:1016f0001800c28f00004280f5ff40140000000077
:101700000000000025e8c0031400bf8f1000be8f4a
:101710001800bd270800e00300000000e8ffbd2717
:101720001400bfaf1000beaf25f0a0031800c4af77
:1017300009000010000000001800c28f0000428065
:1017400025204000d304400f000000001800c28f85
:10175000010042241800c2af1800c28f000042806e
:10176000f5ff4014000000000000000025e8c00361
:101770001400bf8f1000be8f1800bd270800e003c3
:1017800000000000e8ffbd271400bfaf1000beaf8f
:1017900025f0a0031800c4af0900001000000000ed
:1017a0001800c28f0000428025204000e804400f4e
:1017b000000000001800c28f010042241800c2afd0
:1017c0001800c28f00004280f5ff401400000000a6
:1017d0000000000025e8c0031400bf8f1000be8f7a
:1017e0001800bd270800e00300000000e8ffbd2747
:1017f0001400bfaf1000beaf25f0a0031800c4afa7
:1018000009000010000000001800c28f0000428094
:1018100025204000fd04400f000000001800c28f8a
:10182000010042241800c2af1800c28f000042809d
:10183000f5ff4014000000000000000025e8c00390
:101840001400bf8f1000be8f1800bd270800e003f2
:1018500000000000e8ffbd271400bfaf1000beafbe
:1018600025f0a0031800c4af09000010000000001c
:101870001800c28f00004280252040001205400f52
:10188000000000001800c28f010042241800c2afff
:101890001800c28f00004280f5ff401400000000d5
:1018a0000000000025e8c0031400bf8f1000be8fa9
:1018b0001800bd270800e0030000000000e85d41bb
:1018c00000701b4002601a40e0ffbd2700601b4013
:1018d0001800baaf1c00bbaf44781b7c001c7b37e0
:1018e00000609b400400a3af0000a2af1800a38fcc
:1018f0000f00633003006014000000000c00beaf56
:101900000800a4af0000000025f0a00388bf023c3f
:101910003010428cc006427cff004230250040104f
:101920000000000080bf023c3060428c2014027c2a
:10193000148082a314808293201c027c0a0002245b
:101940000b006214000000001880838f00a0023c8e
:101950008800422421106200000040a001000224ff
:101960001c8082af188080af0e00001000000000c5
:101970001880828f630042280a0040100000000097
:101980001880828f01004324188083af14808393d2
:10199000201c037c00a0043c880084242110440007
:1019a000000043a088bf033c3010628cc4de027c80
:1019b000301062ac88bf023c3010428c0007427c81
:1019c000ff004230050040100000000088bf033ccb
:1019d0003010628c04e7027c301062ac88bf023c9d
:1019e0004010428c8001427cff00423025004010b4
:1019f0000000000080bf023c3064428c2014027c56
:101a0000148082a314808293201c027c0a0002248a
:101a10000b006214000000001880838f00a0023cbd
:101a20008800422421106200000040a0010002242e
:101a30001c8082af188080af0e00001000000000f4
:101a40001880828f630042280a00401000000000c6
:101a50001880828f01004324188083af1480839301
:101a6000201c037c00a0043c880084242110440036
:101a7000000043a088bf033c4010628c8431027c8c
:101a8000401062ac88bf023c4010428cc001427cd6
:101a9000ff004230050040100000000088bf033cfa
:101aa0004010628cc439027c401062ac88bf023c9a
:101ab0005010428c8002427cff00423025004010d2
:101ac0000000000080bf023c306a428c2014027c7f
:101ad000148082a314808293201c027c0a000224ba
:101ae0000b006214000000001880838f00a0023ced
:101af0008800422421106200000040a0010002245e
:101b00001c8082af188080af0e0000100000000023
:101b10001880828f630042280a00401000000000f5
:101b20001880828f01004324188083af1480839330
:101b3000201c037c00a0043c880084242110440065
:101b4000000043a088bf033c501062948452027c82
:101b5000501062a488bf023c5010428cc002427cec
:101b6000ff004230050040100000000088bf033c29
:101b700050106294c45a027c501062a4000000000d
:101b800025e8c0031800a28f0f0042300500401462
:101b9000000000000c00be8f0800a48f0400a38f7b
:101ba0000000a28f000000001c00bb8f1800ba8f3d
:101bb0002000bd2702609a4000e8dd4100609b40a4
:101bc0001800004200e85d4100701b4002601a40ae
:101bd000e0ffbd2700601b401800baaf1c00bbaf80
:101be00044781b7c001c7b3700609b400400a3af43
:101bf0000000a2af1800a38f0f0063300300601431
:101c0000000000000c00beaf0800a4af0000000000
:101c100025f0a00388bf023c4010428c4002427c69
:101c2000ff004230250040100000000080bf023c51
:101c30003068428c2014027c148082a3148082932a
:101c4000201c027c0a0002240b0062140000000029
:101c50001880838f00a0023c88004224211062007b
:101c6000000040a0010002241c8082af188080afd9
:101c70000e000010000000001880828f63004228d0
:101c80000a004010000000001880828f01004324e9
:101c9000188083af14808393201c037c00a0043c35
:101ca0008800842421104400000043a088bf033c26
:101cb0004010628c444a027c401062ac88bf023cf7
:101cc0004010428c8002427cff00423005004010f0
:101cd0000000000088bf033c4010628c8452027cec
:101ce000401062ac88bf023c5010428c0001427c24
:101cf000ff004230250040100000000080bf023c81
:101d00003062428c2014027c148082a3148082935f
:101d1000201c027c0a0002240b0062140000000058
:101d20001880838f00a0023c8800422421106200aa
:101d3000000040a0010002241c8082af188080af08
:101d40000e000010000000001880828f63004228ff
:101d50000a004010000000001880828f0100432418
:101d6000188083af14808393201c037c00a0043c64
:101d70008800842421104400000043a088bf033c55
:101d8000501062940421027c501062a488bf023c6f
:101d90005010428c4001427cff0042300500401050
:101da0000000000088bf033c501062944429027c6c
:101db000501062a488bf023c5010428cc001427c8b
:101dc000ff004230250040100000000080bf023cb0
:101dd0003066428c2014027c148082a3148082938b
:101de000201c027c0a0002240b0062140000000088
:101df0001880838f00a0023c8800422421106200da
:101e0000000040a0010002241c8082af188080af37
:101e10000e000010000000001880828f630042282e
:101e20000a004010000000001880828f0100432447
:101e3000188083af14808393201c037c00a0043c93
:101e40008800842421104400000043a088bf033c84
:101e500050106294c439027c501062a488bf023cc6
:101e60005010428c0002427cff00423005004010be
:101e70000000000088bf033c501062940442027cc2
:101e8000501062a40000000025e8c0031800a28fd3
:101e90000f00423005004014000000000c00be8f0f
:101ea0000800a48f0400a38f0000a28f0000000090
:101eb0001c00bb8f1800ba8f2000bd2702609a401b
:101ec00000e8dd4100609b4018000042f8ffbd279c
:101ed0000400beaf25f0a0030800c4af81bf023ce0
:101ee000ffff0334609043ac81bf023c009040ace4
:101ef00081bf033c009062940452027c009062a473
:101f000081bf033c00906294070004244439827c22
:101f1000009062a481bf033c0090629401000424fd
:101f20000421827c009062a481bf033c00906294f3
:101f30008410027c009062a481bf033c00906294f4
:101f4000446b027c009062a481bf033c10906294b9
:101f5000447b027c109062a481bf033c1090629489
:101f60008452027c109062a481bf033c1090629462
:101f70000400027c109062a481bf033c1090629424
:101f80004408027c109062a481bf033c10906294cc
:101f90008428027c109062a481bf033c209062944c
:101fa000c47b027c209062a481bf033c2090629499
:101fb000100004240462827c209062a481bf023c51
:101fc00001000324209043a00800c28f1000422c7f
:101fd0001e014010000000000800c28f801802009f
:101fe000009d023cf81f4224211062000000428c38
:101ff00008004000000000003820009d7420009d73
:10200000b420009df420009d3421009d7421009d8a
:10201000b421009df421009d3422009d7422009d76
:10202000b422009df422009d3423009d7423009d62
:10203000b423009df423009d88bf033c406062945c
:10204000010004240400827c406062a481bf033c40
:10205000609062940400027c609062a481bf033ca3
:102060004090628c049c027c409062acf0000010b6
:102070000000000088bf033c40606294010004241b
:102080004408827c406062a481bf033c60906294fb
:102090004408027c609062a481bf033c4090628c43
:1020a00001000424049c827c409062ace00000109b
:1020b0000000000088bf033c4060629401000424db
:1020c0008410827c406062a481bf033c6090629473
:1020d0008410027c609062a481bf033c4090628cbb
:1020e00002000424049c827c409062acd00000106a
:1020f0000000000088bf033c40606294010004249b
:10210000c418827c406062a481bf033c60906294ea
:10211000c418027c609062a481bf033c4090628c32
:1021200003000424049c827c409062acc000001038
:102130000000000088bf033c40606294010004245a
:102140000421827c406062a481bf033c6090629461
:102150000421027c609062a481bf033c4090628ca9
:1021600004000424049c827c409062acb000001007
:102170000000000088bf033c40606294010004241a
:102180004429827c406062a481bf033c60906294d9
:102190004429027c609062a481bf033c4090628c21
:1021a00005000424049c827c409062aca0000010d6
:1021b0000000000088bf033c4060629401000424da
:1021c0008431827c406062a481bf033c6090629451
:1021d0008431027c609062a481bf033c4090628c99
:1021e00006000424049c827c409062ac90000010a5
:1021f0000000000088bf033c40606294010004249a
:10220000c439827c406062a481bf033c60906294c8
:10221000c439027c609062a481bf033c4090628c10
:1022200007000424049c827c409062ac8000001073
:102230000000000088bf033c406062940100042459
:102240000442827c406062a481bf033c609062943f
:102250000442027c609062a481bf033c4090628c87
:1022600008000424049c827c409062ac7000001042
:102270000000000088bf033c406062940100042419
:10228000444a827c406062a481bf033c60906294b7
:10229000444a027c609062a481bf033c4090628cff
:1022a00009000424049c827c409062ac6000001011
:1022b0000000000088bf033c4060629401000424d9
:1022c0008452827c406062a481bf033c609062942f
:1022d0008452027c609062a481bf033c4090628c77
:1022e0000a000424049c827c409062ac50000010e0
:1022f0000000000088bf033c406062940100042499
:10230000c45a827c406062a481bf033c60906294a6
:10231000c45a027c609062a481bf033c4090628cee
:102320000b000424049c827c409062ac40000010ae
:102330000000000088bf033c406062940100042458
:102340000463827c406062a481bf033c609062941d
:102350000463027c609062a481bf033c4090628c65
:102360000c000424049c827c409062ac300000107d
:102370000000000088bf033c406062940100042418
:10238000446b827c406062a481bf033c6090629495
:10239000446b027c609062a481bf033c4090628cdd
:1023a0000d000424049c827c409062ac200000104c
:1023b0000000000088bf033c4060629401000424d8
:1023c0008473827c406062a481bf033c609062940d
:1023d0008473027c609062a481bf033c4090628c55
:1023e0000e000424049c827c409062ac100000101b
:1023f0000000000088bf033c406062940100042498
:10240000c47b827c406062a481bf033c6090629484
:10241000c47b027c609062a481bf033c4090628ccc
:102420000f000424049c827c409062ac00000000f9
:1024300081bf033c0090629401000424c47b827c31
:10244000009062a4020000100000000000000000e4
:1024500025e8c0030400be8f0800bd270800e00384
:1024600000000000f8ffbd270400beaf25f0a00368
:1024700081bf023cff000324609043ac81bf023c5b
:10248000009040ac81bf033c009062940452027cf7
:10249000009062a481bf033c009062940700042472
:1024a0004439827c009062a481bf033c0090629416
:1024b000010004240421827c009062a481bf033cbb
:1024c000009062948410027c009062a481bf033c5f
:1024d00000906294446b027c009062a481bf033c34
:1024e00010906294447b027c109062a481bf033cf4
:1024f00010906294010004248452827c109062a4a3
:1025000081bf033c109062940400027c109062a48e
:1025100081bf033c109062944408027c109062a436
:1025200081bf033c10906294070004248428827cbd
:10253000109062a481bf023cff000324509043ac82
:1025400081bf033c20906294c47b027c209062a4f3
:1025500081bf033c20906294100004240462827cba
:10256000209062a481bf023c01000324209043a07c
:1025700081bf033c0090629401000424c47b827cf0
:10258000009062a40000000025e8c0030400be8f94
:102590000800bd270800e00300000000e0ffbd27a1
:1025a0001c00bfaf1800beaf25f0a0032000c4afd1
:1025b0002000c28f0f004230ff00443081bf033c37
:1025c0004090628c049c827c409062ac81bf033c52
:1025d00000906294010004244408827c009062a46c
:1025e0000a0004240000400f0000000081bf033ceb
:1025f000009062944408027c009062a400000000f5
:1026000081bf023c0090428c0000427cff004230bf
:10261000fbff4010000000002000c28f00110200ec
:102620002518400081bf023c7090428c211062004e
:102630001000c2af81bf033c009062940400027c92
:10264000009062a41000c28f25e8c0031c00bf8f59
:102650001800be8f2000bd270800e0030000000026
:10266000e8ffbd271400bfaf1000beaf25f0a003e8
:102670001800c4af81bf033c0090629401000424a1
:102680004408827c009062a40a0004240000400fe9
:102690000000000081bf033c009062944408027c6b
:1026a000009062a40000000081bf023c0090428cb8
:1026b0000000427cff004230fbff401000000000a1
:1026c00081bf023c7090428c251840001800c28fd8
:1026d000000043ac81bf023c8090438c1800c28f45
:1026e00004004224000043ac81bf023c9090438c24
:1026f0001800c28f08004224000043ac81bf023c96
:10270000a090438c1800c28f0c004224000043ac00
:1027100081bf023cb090438c1800c28f100042244d
:10272000000043ac81bf023cc090438c1800c28fb4
:1027300014004224000043ac81bf023cd090438c83
:102740001800c28f18004224000043ac81bf023c35
:10275000e090438c1800c28f1c004224000043ac60
:1027600081bf033c009062940400027c009062a44c
:102770000000000025e8c0031400bf8f1000be8fca
:102780001800bd270800e00300000000d8ffbd27a7
:102790002400bfaf2000beaf1c00b1af1800b0af27
:1027a00025f0a0032800c4af2c00c5af2510000001
:1027b0001000c2af2c00c48f6709400f000000005a
:1027c00025204000d520400f00000000258040005b
:1027d000258860002800c48fde1f400f0000000025
:1027e0002520400025286000019d023c9885468cec
:1027f0009c85478ced1b400f0000000025304000f9
:102800002538600025200002252820021b1d400fce
:10281000000000002520400025286000d21e400f47
:10282000000000001000c2af1000c28f25e8c003f6
:102830002400bf8f2000be8f1c00b18f1800b08f06
:102840002800bd270800e00300000000e8ffbd27c6
:102850001400bfaf1000beaf25f0a003251080000c
:102860002520a0002518c0001800c2a32510800054
:102870001c00c2a3251060002000c2a31800c28360
:102880000500432c88026010000000008018020040
:10289000009d023ca8284224211062000000428cc6
:1028a0000800400000000000bc28009db82a009de0
:1028b000b42c009db02e009dac30009d88bf033c21
:1028c000c0606294010004240442827cc06062a45f
:1028d00080bf023c002040ac1c00c28301000324e6
:1028e0000f004310000000000200032414004310f6
:1028f0000000000015004014000000007f00400fa1
:102900000000000080bf033c00206294010004240a
:10291000c439827c002062a40d0000100000000079
:10292000e900400f0000000080bf033c00206294db
:10293000c439027c002062a40500001000000000e1
:102940000000000002000010000000000000000075
:102950002000c2830500432c3000601000000000fe
:1029600080180200009d023c7c2942242110620054
:102970000000428c08004000000000009029009deb
:10298000ac29009dc829009de429009d002a009dd6
:1029900080bf033c00206294020004240410827c67
:1029a000002062a4220000100000000080bf033c51
:1029b00000206294030004240410827c002062a49e
:1029c0001b0000100000000080bf033c0020629448
:1029d000040004240410827c002062a4140000106f
:1029e0000000000080bf033c002062940500042426
:1029f0000410827c002062a40d0000100000000082
:102a000080bf033c00206294060004240410827cf2
:102a1000002062a4060000100000000080bf033cfc
:102a2000002062940410027c002062a400000000d8
:102a300080bf033c0020629401000424c47b827c9c
:102a4000002062a480bf033c002062940421027c29
:102a5000002062a480bf033c00206294c418027c62
:102a6000002062a488bf033ca010628c07000424ed
:102a70008462827ca01062ac88bf033ca010628c90
:102a800003000424044a827ca01062ac88bf033c8b
:102a90003010628c4429027c301062ac88bf033c49
:102aa0006010628c010004244429827c601062acb6
:102ab000fe0100100000000088bf033cc06062946b
:102ac00001000424444a827cc06062a480bf023cae
:102ad000002240ac1c00c283010003240f004310fd
:102ae0000000000002000324140043100000000056
:102af00015004014000000007f00400f000000009f
:102b000080bf033c0022629401000424c439827c0b
:102b1000002262a40d00001000000000e900400f38
:102b20000000000080bf033c00226294c439027c94
:102b3000002262a405000010000000000000000058
:102b40000200001000000000000000002000c2830e
:102b50000500432c300060100000000080180200c7
:102b6000009d023c782b4224211062000000428c20
:102b700008004000000000008c2b009da82b009d49
:102b8000c42b009de02b009dfc2b009d80bf033ccf
:102b900000226294020004240410827c002262a4b9
:102ba000220000100000000080bf033c002262945d
:102bb000030004240410827c002262a41b00001085
:102bc0000000000080bf033c002262940400042443
:102bd0000410827c002262a4140000100000000097
:102be00080bf033c00226294050004240410827c10
:102bf000002262a40d0000100000000080bf033c12
:102c000000226294060004240410827c002262a444
:102c1000060000100000000080bf033c0022629408
:102c20000410027c002262a40000000080bf033c6c
:102c30000022629401000424c47b827c002262a4ee
:102c400080bf033c002262940421027c002262a423
:102c500080bf033c00226294c418027c002262a45c
:102c600088bf033cb010628c070004248462827c1d
:102c7000b01062ac88bf033cb010628c0300042427
:102c8000044a827cb01062ac88bf033c3010628c76
:102c9000444a027c301062ac88bf033c6010628cf6
:102ca00001000424444a827c601062ac7f01001061
:102cb0000000000088bf033cc0606294010004244f
:102cc0008452827cc06062a480bf023c002440ac7d
:102cd0001c00c283010003240f0043100000000009
:102ce00002000324140043100000000015004014eb
:102cf000000000007f00400f0000000080bf033c88
:102d00000024629401000424c439827c002462a45b
:102d10000d00001000000000e900400f000000005e
:102d200080bf033c00246294c439027c002462a466
:102d3000050000100000000000000000020000106c
:102d400000000000000000002000c2830500432caa
:102d5000300060100000000080180200009d023c5e
:102d6000742d4224211062000000428c08004000b3
:102d700000000000882d009da42d009dc02d009d09
:102d8000dc2d009df82d009d80bf033c0024629443
:102d9000020004240410827c002462a4220000109b
:102da0000000000080bf033c002462940300042460
:102db0000410827c002462a41b00001000000000ac
:102dc00080bf033c00246294040004240410827c2d
:102dd000002462a4140000100000000080bf033c27
:102de00000246294050004240410827c002462a460
:102df0000d0000100000000080bf033c002462941e
:102e0000060004240410827c002462a40600001042
:102e10000000000080bf033c002462940410027c88
:102e2000002462a40000000080bf033c00246294e0
:102e300001000424c47b827c002462a480bf033c84
:102e4000002462940421027c002462a480bf033c1d
:102e500000246294c418027c002462a488bf033c4e
:102e6000c010628c070004248462827cc01062acb3
:102e700088bf033cc010628c03000424044a827c97
:102e8000c01062ac88bf033c3010628c446b027c83
:102e9000301062ac88bf033c6010628c01000424d7
:102ea000446b827c601062ac0001001000000000e6
:102eb00088bf033cc060629401000424c45a827c31
:102ec000c06062a480bf023c002640ac1c00c283ec
:102ed000010003240f00431000000000020003243f
:102ee0001400431000000000150040140000000012
:102ef0007f00400f0000000080bf033c002662946a
:102f000001000424c439827c002662a40d00001054
:102f100000000000e900400f0000000080bf033cfb
:102f200000266294c439027c002662a405000010c9
:102f3000000000000000000002000010000000007f
:102f4000000000002000c2830500432c3000601008
:102f50000000000080180200009d023c702f4224f7
:102f6000211062000000428c0800400000000000b8
:102f7000842f009da02f009dbc2f009dd82f009d69
:102f8000f42f009d80bf033c0026629402000424bd
:102f90000410827c002662a42200001000000000c1
:102fa00080bf033c00266294030004240410827c4a
:102fb000002662a41b0000100000000080bf033c3c
:102fc00000266294040004240410827c002662a47b
:102fd000140000100000000080bf033c0026629433
:102fe000050004240410827c002662a40d00001059
:102ff0000000000080bf033c002662940600042409
:103000000410827c002662a406000010000000006c
:1030100080bf033c002662940410027c002662a458
:103020000000000080bf033c0026629401000424dd
:10303000c47b827c002662a480bf033c002662948d
:103040000421027c002662a480bf033c0026629417
:10305000c418027c002662a488bf033cd010628c96
:10306000070004248462827cd01062ac88bf033cd9
:10307000d010628c03000424044a827cd01062ac1d
:1030800088bf033c3010628c448c027c301062acf0
:1030900088bf033c6010628c01000424448c827c55
:1030a000601062ac810000100000000088bf033c8b
:1030b000c0606294010004240463827cc06062a446
:1030c00080bf023c002840ac1c00c28301000324e6
:1030d0000f004310000000000200032414004310fe
:1030e0000000000015004014000000007f00400fa9
:1030f0000000000080bf033c00286294010004240b
:10310000c439827c002862a40d0000100000000079
:10311000e900400f0000000080bf033c00286294db
:10312000c439027c002862a40500001000000000e1
:10313000000000000200001000000000000000007d
:103140002000c2830500432c300060100000000006
:1031500080180200009d023c6c3142242110620064
:103160000000428c08004000000000008031009dfb
:103170009c31009db831009dd431009df031009dff
:1031800080bf033c00286294020004240410827c67
:10319000002862a4220000100000000080bf033c51
:1031a00000286294030004240410827c002862a496
:1031b0001b0000100000000080bf033c0028629448
:1031c000040004240410827c002862a4140000106f
:1031d0000000000080bf033c002862940500042426
:1031e0000410827c002862a40d0000100000000082
:1031f00080bf033c00286294060004240410827cf3
:10320000002862a4060000100000000080bf033cfc
:10321000002862940410027c002862a400000000d0
:1032200080bf033c0028629401000424c47b827c9c
:10323000002862a480bf033c002862940421027c21
:10324000002862a480bf033c00286294c418027c5a
:10325000002862a488bf033ce010628c07000424ad
:103260008462827ce01062ac88bf033ce010628c18
:1032700003000424044a827ce01062ac88bf033c53
:103280003010628c44ad027c301062ac88bf033ccd
:103290006010628c0100042444ad827c601062ac3a
:1032a00002000010000000000000000088bf033c86
:1032b0000010628c010004240463827c001062ac64
:1032c000206062410000000025e8c0031400bf8fa9
:1032d0001000be8f1800bd270800e00300000000aa
:1032e00000e85d4100701b4002601a40e0ffbd270e
:1032f00000601b401800baaf1c00bbaf44781b7cb9
:10330000001c7b3700609b400400a3af0000a2af0d
:103310001800a38f0f00633003006014000000004a
:103320000c00beaf0800a4af0000000025f0a00311
:1033300088bf033c3010628c4429027c301062aca0
:1033400080bf023c0020428c0001427cff004230e2
:10335000050040100000000080bf033c0020629484
:103360000421027c002062a480bf023c0020428c29
:10337000c000427cff0042300d0040100000000001
:1033800080bf023c1020428c88bf023ce060428c2f
:103390004000427cff00423001004238ff004430d0
:1033a00088bf033ce06062944408827ce06062a4d1
:1033b0000000000025e8c0031800a28f0f00423073
:1033c00005004014000000000c00be8f0800a48f10
:1033d0000400a38f0000a28f000000001c00bb8f20
:1033e0001800ba8f2000bd2702609a4000e8dd4136
:1033f00000609b401800004200e85d4100701b40e7
:1034000002601a40e0ffbd2700601b401800baaf01
:103410001c00bbaf44781b7c001c7b3700609b40ca
:103420000400a3af0000a2af1800a38f0f00633009
:1034300003006014000000000c00beaf0800a4af41
:103440000000000025f0a00388bf033c3010628c10
:10345000444a027c301062ac80bf023c0022428ca5
:103460000001427cff0042300500401000000000d7
:1034700080bf033c002262940421027c002262a4eb
:1034800080bf023c0022428cc000427cff004230e0
:103490000d0040100000000080bf023c1020428c54
:1034a00088bf023ce060428c4000427cff0042301a
:1034b00001004238ff00443088bf033ce060629462
:1034c0004408827ce06062a40000000025e8c0039c
:1034d0001800a28f0f0042300500401400000000c9
:1034e0000c00be8f0800a48f0400a38f0000a28fe1
:1034f000000000001c00bb8f1800ba8f2000bd2701
:1035000002609a4000e8dd4100609b4018000042e4
:1035100000e85d4100701b4002601a40e0ffbd27db
:1035200000601b401800baaf1c00bbaf44781b7c86
:10353000001c7b3700609b400400a3af0000a2afdb
:103540001800a38f0f006330030060140000000018
:103550000c00beaf0800a4af0000000025f0a003df
:1035600088bf033c3010628c446b027c301062ac2c
:1035700080bf023c0024428c0001427cff004230ac
:10358000050040100000000080bf033c002462944e
:103590000421027c002462a480bf023c0024428cef
:1035a000c000427cff0042300d00401000000000cf
:1035b00080bf023c1020428c88bf023ce060428cfd
:1035c0004000427cff00423001004238ff0044309e
:1035d00088bf033ce06062944408827ce06062a49f
:1035e0000000000025e8c0031800a28f0f00423041
:1035f00005004014000000000c00be8f0800a48fde
:103600000400a38f0000a28f000000001c00bb8fed
:103610001800ba8f2000bd2702609a4000e8dd4103
:1036200000609b401800004200e85d4100701b40b4
:1036300002601a40e0ffbd2700601b401800baafcf
:103640001c00bbaf44781b7c001c7b3700609b4098
:103650000400a3af0000a2af1800a38f0f006330d7
:1036600003006014000000000c00beaf0800a4af0f
:103670000000000025f0a00388bf033c3010628cde
:10368000448c027c301062ac80bf023c0026428c2d
:103690000001427cff0042300500401000000000a5
:1036a00080bf033c002662940421027c002662a4b1
:1036b00080bf023c0026428cc000427cff004230aa
:1036c0000d0040100000000080bf023c1020428c22
:1036d00088bf023ce060428c4000427cff004230e8
:1036e00001004238ff00443088bf033ce060629430
:1036f0004408827ce06062a40000000025e8c0036a
:103700001800a28f0f004230050040140000000096
:103710000c00be8f0800a48f0400a38f0000a28fae
:10372000000000001c00bb8f1800ba8f2000bd27ce
:1037300002609a4000e8dd4100609b4018000042b2
:1037400000e85d4100701b4002601a40e0ffbd27a9
:1037500000601b401800baaf1c00bbaf44781b7c54
:10376000001c7b3700609b400400a3af0000a2afa9
:103770001800a38f0f0063300300601400000000e6
:103780000c00beaf0800a4af0000000025f0a003ad
:1037900088bf033c3010628c44ad027c301062acb8
:1037a00080bf023c0028428c0001427cff00423076
:1037b000050040100000000080bf033c0028629418
:1037c0000421027c002862a480bf023c0028428cb5
:1037d000c000427cff0042300d004010000000009d
:1037e00080bf023c1020428c88bf023ce060428ccb
:1037f0004000427cff00423001004238ff0044306c
:1038000088bf033ce06062944408827ce06062a46c
:103810000000000025e8c0031800a28f0f0042300e
:1038200005004014000000000c00be8f0800a48fab
:103830000400a38f0000a28f000000001c00bb8fbb
:103840001800ba8f2000bd2702609a4000e8dd41d1
:1038500000609b4018000042e8ffbd271400bfaf86
:103860001000beaf25f0a0031800c4af1c00c5af08
:103870002000c6af1800c28f0600422c390340104a
:10388000000000001800c28f80180200009d023c5a
:10389000a4384224211062000000428c080040003d
:1038a000000000006445009dbc38009d443b009d25
:1038b000cc3d009d5440009ddc42009d88bf033cf0
:1038c000c06062940400027cc06062a480bf023cbd
:1038d000003040ac2000c28f0900422c490040104b
:1038e000000000002000c28f80180200009d023cf2
:1038f00004394224211062000000428c080040007c
:1039000000000000043a009d2839009d4439009dc4
:103910006039009d7c39009d9839009db439009d27
:10392000d039009dec39009d80bf033c003062948b
:10393000070004240410827c003062a432000010ce
:103940000000000080bf033c0030629406000424a5
:103950000410827c003062a42b00001000000000e4
:1039600080bf033c00306294050004240410827c74
:10397000003062a4240000100000000080bf033c5f
:1039800000306294040004240410827c003062a49d
:103990001d0000100000000080bf033c0030629456
:1039a000030004240410827c003062a4160000107e
:1039b0000000000080bf033c003062940200042439
:1039c0000410827c003062a40f0000100000000090
:1039d00080bf033c00306294010004240410827c08
:1039e000003062a4080000100000000080bf033c0b
:1039f000003062940410027c003062a402000010c7
:103a000000000000000000001c00c28f07004010f2
:103a1000000000001c00c38f01000224150062108a
:103a200000000000250000100000000080bf023ce4
:103a30002008428c4218020080bf023c103043ac88
:103a400080bf023c2008428c4218020080bf023c2a
:103a5000203043ac7f00400f0000000080bf033cdb
:103a600000306294c418027c003062a4130000107d
:103a70000000000080bf023c200a428c4218020075
:103a800080bf023c103043ac80bf023c200a428c15
:103a90004218020080bf023c203043ace900400fd6
:103aa0000000000080bf033c003062940100042449
:103ab000c418827c003062a40000000088bf033c70
:103ac0003010628c8431027c301062ac88bf033cc1
:103ad000a010628c0700042484a4827ca01062ac35
:103ae00088bf033ca010628c03000424048c827cf9
:103af000a01062ac88bf033c6010628c01000424fb
:103b00008431827c601062ac80bf033c00306294e0
:103b10004429027c003062a480bf033c00306294e0
:103b2000446b027c003062a480bf033c003062948e
:103b300001000424c47b827c003062a48a0200104d
:103b40000000000088bf033cc06062944408027c0f
:103b5000c06062a480bf023c003240ac2000c28f33
:103b60000900422c49004010000000002000c28fd4
:103b700080180200009d023c8c3b42242110620010
:103b80000000428c08004000000000008c3c009dba
:103b9000b03b009dcc3b009de83b009d043c009d5c
:103ba000203c009d3c3c009d583c009d743c009d89
:103bb00080bf033c00326294070004240410827c1e
:103bc000003262a4320000100000000080bf033cfd
:103bd00000326294060004240410827c003262a445
:103be0002b0000100000000080bf033c00326294f4
:103bf000050004240410827c003262a4240000101a
:103c00000000000080bf033c0032629404000424e2
:103c10000410827c003262a41d000010000000002d
:103c200080bf033c00326294030004240410827cb1
:103c3000003262a4160000100000000080bf033ca8
:103c400000326294020004240410827c003262a4d8
:103c50000f0000100000000080bf033c003262949f
:103c6000010004240410827c003262a408000010c9
:103c70000000000080bf033c003262940410027c0c
:103c8000003262a4020000100000000000000000ea
:103c90001c00c28f07004010000000001c00c38ff2
:103ca0000100022415006210000000002500001031
:103cb0000000000080bf023c2008428c4218020035
:103cc00080bf023c103243ac80bf023c2008428cd3
:103cd0004218020080bf023c203243ac7f00400ffc
:103ce0000000000080bf033c00326294c418027cd4
:103cf000003262a4130000100000000080bf023cec
:103d0000200a428c4218020080bf023c103243acb1
:103d100080bf023c200a428c4218020080bf023c55
:103d2000203243ace900400f0000000080bf033c9c
:103d30000032629401000424c418827c003262a420
:103d40000000000088bf033c3010628c8452027c6b
:103d5000301062ac88bf033cb010628c07000424b2
:103d600084a4827cb01062ac88bf033cb010628c2b
:103d700003000424048c827cb01062ac88bf033c36
:103d80006010628c010004248452827c601062ac5a
:103d900080bf033c003262944429027c003262a45a
:103da00080bf033c00326294446b027c003262a408
:103db00080bf033c0032629401000424c47b827cf7
:103dc000003262a4e80100100000000088bf033c3c
:103dd000c06062948410027cc06062a480bf023c18
:103de000003440ac2000c28f0900422c4900401032
:103df000000000002000c28f80180200009d023cdd
:103e0000143e4224211062000000428c0800400051
:103e100000000000143f009d383e009d543e009d70
:103e2000703e009d8c3e009da83e009dc43e009dbe
:103e3000e03e009dfc3e009d80bf033c0034629448
:103e4000070004240410827c003462a432000010b5
:103e50000000000080bf033c00346294060004248c
:103e60000410827c003462a42b00001000000000cb
:103e700080bf033c00346294050004240410827c5b
:103e8000003462a4240000100000000080bf033c46
:103e900000346294040004240410827c003462a480
:103ea0001d0000100000000080bf033c003462943d
:103eb000030004240410827c003462a41600001065
:103ec0000000000080bf033c003462940200042420
:103ed0000410827c003462a40f0000100000000077
:103ee00080bf033c00346294010004240410827cef
:103ef000003462a4080000100000000080bf033cf2
:103f0000003462940410027c003462a402000010a9
:103f100000000000000000001c00c28f07004010dd
:103f2000000000001c00c38f010002241500621075
:103f300000000000250000100000000080bf023ccf
:103f40002008428c4218020080bf023c103443ac6f
:103f500080bf023c2008428c4218020080bf023c15
:103f6000203443ac7f00400f0000000080bf033cc2
:103f700000346294c418027c003462a41300001060
:103f80000000000080bf023c200a428c4218020060
:103f900080bf023c103443ac80bf023c200a428cfc
:103fa0004218020080bf023c203443ace900400fbd
:103fb0000000000080bf033c003462940100042430
:103fc000c418827c003462a40000000088bf033c57
:103fd0003010628c8473027c301062ac88bf033c6a
:103fe000c010628c0700042484a4827cc01062ace0
:103ff00088bf033cc010628c03000424048c827cc4
:10400000c01062ac88bf033c6010628c01000424c5
:104010008473827c601062ac80bf033c0034629485
:104020004429027c003462a480bf033c00346294c3
:10403000446b027c003462a480bf033c0034629471
:1040400001000424c47b827c003462a44601001079
:104050000000000088bf033cc0606294c418027c6a
:10406000c06062a480bf023c003640ac2000c28f1a
:104070000900422c49004010000000002000c28fbf
:1040800080180200009d023c9c40422421106200e6
:104090000000428c08004000000000009c41009d90
:1040a000c040009ddc40009df840009d1441009df3
:1040b0003041009d4c41009d6841009d8441009d20
:1040c00080bf033c00366294070004240410827c05
:1040d000003662a4320000100000000080bf033ce4
:1040e00000366294060004240410827c003662a428
:1040f0002b0000100000000080bf033c00366294db
:10410000050004240410827c003662a42400001000
:104110000000000080bf033c0036629404000424c9
:104120000410827c003662a41d0000100000000014
:1041300080bf033c00366294030004240410827c98
:10414000003662a4160000100000000080bf033c8f
:1041500000366294020004240410827c003662a4bb
:104160000f0000100000000080bf033c0036629486
:10417000010004240410827c003662a408000010b0
:104180000000000080bf033c003662940410027cf3
:10419000003662a4020000100000000000000000d1
:1041a0001c00c28f07004010000000001c00c38fdd
:1041b000010002241500621000000000250000101c
:1041c0000000000080bf023c2008428c4218020020
:1041d00080bf023c103643ac80bf023c2008428cba
:1041e0004218020080bf023c203643ac7f00400fe3
:1041f0000000000080bf033c00366294c418027cbb
:10420000003662a4130000100000000080bf023cd2
:10421000200a428c4218020080bf023c103643ac98
:1042200080bf023c200a428c4218020080bf023c40
:10423000203643ace900400f0000000080bf033c83
:104240000036629401000424c418827c003662a403
:104250000000000088bf033c3010628c8494027c14
:10426000301062ac88bf033cd010628c070004247d
:1042700084a4827cd01062ac88bf033cd010628cd6
:1042800003000424048c827cd01062ac88bf033c01
:104290006010628c010004248494827c601062ac03
:1042a00080bf033c003662944429027c003662a43d
:1042b00080bf033c00366294446b027c003662a4eb
:1042c00080bf033c0036629401000424c47b827cde
:1042d000003662a4a40000100000000088bf033c68
:1042e000c06062940421027cc06062a480bf023c72
:1042f000003840ac2000c28f0900422c4900401019
:10430000000000002000c28f80180200009d023cc7
:1043100024434224211062000000428c0800400027
:10432000000000002444009d4843009d6443009d1c
:104330008043009d9c43009db843009dd443009d55
:10434000f043009d0c44009d80bf033c0038629404
:10435000070004240410827c003862a4320000109c
:104360000000000080bf033c003862940600042473
:104370000410827c003862a42b00001000000000b2
:1043800080bf033c00386294050004240410827c42
:10439000003862a4240000100000000080bf033c2d
:1043a00000386294040004240410827c003862a463
:1043b0001d0000100000000080bf033c0038629424
:1043c000030004240410827c003862a4160000104c
:1043d0000000000080bf033c003862940200042407
:1043e0000410827c003862a40f000010000000005e
:1043f00080bf033c00386294010004240410827cd6
:10440000003862a4080000100000000080bf033cd8
:10441000003862940410027c003862a4020000108c
:1044200000000000000000001c00c28f07004010c8
:10443000000000001c00c38f010002241500621060
:1044400000000000250000100000000080bf023cba
:104450002008428c4218020080bf023c103843ac56
:1044600080bf023c2008428c4218020080bf023c00
:10447000203843ac7f00400f0000000080bf033ca9
:1044800000386294c418027c003862a41300001043
:104490000000000080bf023c200a428c421802004b
:1044a00080bf023c103843ac80bf023c200a428ce3
:1044b0004218020080bf023c203843ace900400fa4
:1044c0000000000080bf033c003862940100042417
:1044d000c418827c003862a40000000088bf033c3e
:1044e0003010628c84b5027c301062ac88bf033c13
:1044f000e010628c0700042484a4827ce01062ac8b
:1045000088bf033ce010628c03000424048c827c8e
:10451000e01062ac88bf033c6010628c0100042490
:1045200084b5827c601062ac80bf033c003862942a
:104530004429027c003862a480bf033c00386294a6
:10454000446b027c003862a480bf033c0038629454
:1045500001000424c47b827c003862a402000010a5
:1045600000000000000000000000000025e8c0037b
:104570001400bf8f1000be8f1800bd270800e00395
:1045800000000000f8ffbd270400beaf25f0a00327
:104590000800c4af0c00c5af0800c28f2200400461
:1045a000000000000800c28f650042281e00401075
:1045b000000000000c00c28f0e004014000000003c
:1045c00080bf023c2008438c0800c28f0218627032
:1045d000eb51023c1f8542341900620010100000ac
:1045e0004219020080bf023c203043ac0f00001093
:1045f0000000000080bf023c200a438c0800c28fec
:1046000002186270eb51023c1f85423419006200af
:10461000101000004219020080bf023c203043ac61
:1046200002000010000000000000000025e8c003a8
:104630000400be8f0800bd270800e0030000000052
:10464000f8ffbd270400beaf25f0a0030800c4afeb
:104650000c00c5af0800c28f22004004000000001b
:104660000800c28f650042281e00401000000000b4
:104670000c00c28f0e0040140000000080bf023cfe
:104680002008438c0800c28f02186270eb51023c74
:104690001f85423419006200101000004219020008
:1046a00080bf023c203243ac0f000010000000002d
:1046b00080bf023c200a438c0800c28f021862703f
:1046c000eb51023c1f8542341900620010100000bb
:1046d0004219020080bf023c203243ac02000010ad
:1046e000000000000000000025e8c0030400be8fa9
:1046f0000800bd270800e00300000000f8ffbd2708
:104700000400beaf25f0a0030800c4af0c00c5af85
:104710000800c28f22004004000000000800c28f81
:10472000650042281e004010000000000c00c28fef
:104730000e0040140000000080bf023c2008438ca3
:104740000800c28f02186270eb51023c1f85423490
:1047500019006200101000004219020080bf023ce4
:10476000203443ac0f0000100000000080bf023c6a
:10477000200a438c0800c28f02186270eb51023c81
:104780001f85423419006200101000004219020017
:1047900080bf023c203443ac020000100000000047
:1047a0000000000025e8c0030400be8f0800bd27fc
:1047b0000800e00300000000f8ffbd270400beafc2
:1047c00025f0a0030800c4af0c00c5af0800c28fdd
:1047d00022004004000000000800c28f650042284b
:1047e0001e004010000000000c00c28f0e0040149c
:1047f0000000000080bf023c2008438c0800c28fec
:1048000002186270eb51023c1f85423419006200ad
:10481000101000004219020080bf023c203643ac59
:104820000f0000100000000080bf023c200a438cf3
:104830000800c28f02186270eb51023c1f8542349f
:1048400019006200101000004219020080bf023cf3
:10485000203643ac02000010000000000000000001
:1048600025e8c0030400be8f0800bd270800e00350
:1048700000000000f8ffbd270400beaf25f0a00334
:104880000800c4af0c00c5af0800c28f220040046e
:10489000000000000800c28f650042281e00401082
:1048a000000000000c00c28f0e0040140000000049
:1048b00080bf023c2008438c0800c28f021862703f
:1048c000eb51023c1f8542341900620010100000b9
:1048d0004219020080bf023c203843ac0f00001098
:1048e0000000000080bf023c200a438c0800c28ff9
:1048f00002186270eb51023c1f85423419006200bd
:10490000101000004219020080bf023c203843ac66
:1049100002000010000000000000000025e8c003b5
:104920000400be8f0800bd270800e003000000005f
:10493000d0ffbd272c00beaf25f0a0033000c4afd0
:104940003400c5af3400c28f6e0040180000000074
:10495000010002240800c2af020002240c00c2af12
:10496000040002241000c2af080002241400c2afe9
:10497000100002241800c2af200002241c00c2afa5
:10498000400002242000c2af000102242400c2af74
:104990000000c0af0400c0af0000c0af180000109e
:1049a000000000000000c28f801002002110c2032e
:1049b0000800438c3400c28f02106270251840003a
:1049c000dc02023c006c42341b004300f401600036
:1049d0001010000012100000ffff42240400c2afbc
:1049e0000400c38f0100023c2a1062000a00401438
:1049f000000000000000c28f010042240000c2af8e
:104a00000000c28f08004228e6ff401400000000aa
:104a10000200001000000000000000000400c38f2e
:104a20000100023c2a106200390040100000000022
:104a30003000c28f180040140000000080bf033c0b
:104a400000086294c47b027c000862a40000c28f4c
:104a500007004230ff00443080bf033c00086294ee
:104a60000431827c000862a40400c38f80bf023c32
:104a7000200843ac80bf023c100840ac80bf033c20
:104a80000008629401000424c47b827c000862a4b4
:104a900020000010000000003000c38f010002243d
:104aa0001c0062140000000080bf033c000a6294f6
:104ab000c47b027c000a62a40000c28f070042305f
:104ac000ff00443080bf033c000a62940431827cc2
:104ad000000a62a40400c38f80bf023c200a43acda
:104ae00080bf023c100a40ac80bf033c000a6294c5
:104af00001000424c47b827c000a62a4050000102b
:104b00000000000000000000020000100000000093
:104b10000000000025e8c0032c00be8f3000bd2738
:104b20000800e0030000000000e85d4100701b4049
:104b300002601a40e0ffbd2700601b401800baafba
:104b40001c00bbaf44781b7c001c7b3700609b4083
:104b50000800a3af0400a2af1800a38f0f006330ba
:104b60000c00beaf0000000025f0a00388bf033c8e
:104b70003010628c8431027c301062ac0000000086
:104b800025e8c0031800a28f0f0042300400401433
:104b9000000000000c00be8f0800a38f0400a28f4d
:104ba000000000001c00bb8f1800ba8f2000bd273a
:104bb00002609a4000e8dd4100609b40180000421e
:104bc00000e85d4100701b4002601a40e0ffbd2715
:104bd00000601b401800baaf1c00bbaf44781b7cc0
:104be000001c7b3700609b400800a3af0400a2af0d
:104bf0001800a38f0f0063300c00beaf0000000050
:104c000025f0a00388bf033c3010628c8452027ce4
:104c1000301062ac0000000025e8c0031800a28f2d
:104c20000f00423004004014000000000c00be8f52
:104c30000800a38f0400a28f000000001c00bb8f9f
:104c40001800ba8f2000bd2702609a4000e8dd41bd
:104c500000609b401800004200e85d4100701b406e
:104c600002601a40e0ffbd2700601b401800baaf89
:104c70001c00bbaf44781b7c001c7b3700609b4052
:104c80000800a3af0400a2af1800a38f0f00633089
:104c90000c00beaf0000000025f0a00388bf033c5d
:104ca0003010628c8473027c301062ac0000000013
:104cb00025e8c0031800a28f0f0042300400401402
:104cc000000000000c00be8f0800a38f0400a28f1c
:104cd000000000001c00bb8f1800ba8f2000bd2709
:104ce00002609a4000e8dd4100609b4018000042ed
:104cf00000e85d4100701b4002601a40e0ffbd27e4
:104d000000601b401800baaf1c00bbaf44781b7c8e
:104d1000001c7b3700609b400800a3af0400a2afdb
:104d20001800a38f0f0063300c00beaf000000001e
:104d300025f0a00388bf033c3010628c8494027c71
:104d4000301062ac0000000025e8c0031800a28ffc
:104d50000f00423004004014000000000c00be8f21
:104d60000800a38f0400a28f000000001c00bb8f6e
:104d70001800ba8f2000bd2702609a4000e8dd418c
:104d800000609b401800004200e85d4100701b403d
:104d900002601a40e0ffbd2700601b401800baaf58
:104da0001c00bbaf44781b7c001c7b3700609b4021
:104db0000800a3af0400a2af1800a38f0f00633058
:104dc0000c00beaf0000000025f0a00388bf033c2c
:104dd0003010628c84b5027c301062ac00000000a0
:104de00025e8c0031800a28f0f00423004004014d1
:104df000000000000c00be8f0800a38f0400a28feb
:104e0000000000001c00bb8f1800ba8f2000bd27d7
:104e100002609a4000e8dd4100609b4018000042bb
:104e2000f8ffbd270400beaf25f0a00381bf023c00
:104e300099aa033c5566633430f243ac81bf023c0f
:104e40006655033caa99633430f243ac80bf033cff
:104e50000002628c010004240400827c000262ac27
:104e600080bf033c0002628c4408027c000262acfa
:104e700080bf033c0002628c010004248410827c09
:104e8000000262ac80bf033c0002628c010004247b
:104e9000c418827c000262ac80bf033c0002628cba
:104ea000c47b027c000262ac0000000080bf023cb8
:104eb0000002428c8000427cff004230fbff401425
:104ec0000000000080bf033c0002628c010004244b
:104ed000c439827c000262ac80bf033c0002628c59
:104ee000446b027c000262ac80bf033c0002628c17
:104ef00001000424c47b827c000262ac000000003c
:104f000080bf023c0002428c8000427cff004230a5
:104f1000fbff40100000000080bf033c0002628cd9
:104f2000c418027c000262ac88bf033c1011628c82
:104f30000300042484e6827c101162ac88bf033c29
:104f40001011628c0100042404ce827c101162ac2a
:104f500088bf033c4010628cc47b027c401062ac72
:104f600088bf033c7010628c01000424c47b827ce7
:104f7000701062ac0000000025e8c0030400be8f82
:104f80000800bd270800e00300000000f8ffbd276f
:104f90000400beaf25f0a0030800c4af0c00c5afed
:104fa00081bf023c99aa033c5566633430f243ac9e
:104fb00081bf023c6655033caa99633430f243ac8e
:104fc00080bf033c0002628c01000424c418827c70
:104fd000000262ac80bf033c0002628cc47b027c96
:104fe000000262ac0000000080bf023c0002428c64
:104ff0008000427cff004230fbff401400000000b4
:1050000080bf023c0800c38f200243ac80bf023c3b
:105010000c00c38f300243ac80bf033c0002628ca3
:1050200001000424c47b827c000262ac000000000a
:1050300080bf023c0002428c8000427cff00423074
:10504000fbff40100000000080bf033c0002628ca8
:10505000c418027c000262ac0000000025e8c00316
:105060000400be8f0800bd270800e0030000000018
:10507000f8ffbd270400beaf25f0a0030800c4afb1
:105080000c00c5af80bf023c2002438c0800c28fd9
:10509000000043ac80bf023c3002438c0c00c28f46
:1050a000000043ac0000000025e8c0030400be8ff0
:1050b0000800bd270800e00300000000f8ffbd273e
:1050c0000400beaf25f0a0030800c4af0c00c5afbc
:1050d00088bf033c7010628cc47b027c701062ac91
:1050e0000000000080bf023c1002428c0003427ca2
:1050f000ff004230fbff40140000000080bf033c73
:1051000010026294c47b027c100262a480bf023c45
:105110000800c38f400243ac80bf023c0c00c38f29
:10512000500243ac80bf033c10026294060004248a
:10513000045a827c100262a480bf033c1002629475
:1051400001000424c47b827c100262a488bf033c5b
:105150007010628c01000424c47b827c701062aced
:105160000000000025e8c0030400be8f0800bd2732
:105170000800e0030000000000e85d4100701a40f4
:1051800000601b4088ffbd277400baaf02601a4060
:105190007000bbaf6c00baaf44781b7c000c7b374f
:1051a00000609b405c00bfaf5800beaf5400b9af79
:1051b0005000b8af4c00afaf4800aeaf4400adaf49
:1051c0004000acaf3c00abaf3800aaaf3400a9af91
:1051d0003000a8af2c00a7af2800a6af2400a5afd1
:1051e0002000a4af1c00a3af1800a2af1400a1af11
:1051f000121000006400a2af101800006000a3affe
:1052000025f0a00388bf033c4010628cc47b027c65
:10521000401062ac019d023c48854424a721400f08
:10522000000000000000000025e8c0036400a28f19
:10523000130040006000a38f110060005c00bf8f6e
:105240005800be8f5400b98f5000b88f4c00af8ffc
:105250004800ae8f4400ad8f4000ac8f3c00ab8f58
:105260003800aa8f3400a98f3000a88f2c00a78f98
:105270002800a68f2400a58f2000a48f1c00a38fd8
:105280001800a28f1400a18f00606041c0000000d0
:105290007400ba8f7000bb8f00709a406c00ba8f98
:1052a0007800bd2702609a4000e8dd4100609b4025
:1052b00018000042f8ffbd270400beaf25f0a00390
:1052c00088bf033c0030629401000424c47b827ccc
:1052d000003062a488bf023c603040ac88bf023c12
:1052e000203140ac88bf023ce03140ac88bf023c7a
:1052f000ff000324441043ac88bf023cff0003249a
:10530000741043ac0000000025e8c0030400be8f09
:105310000800bd270800e00300000000e8ffbd27eb
:105320001400beaf25f0a0030000c2930400027c6d
:105330000000c2a30000c2934408027c0000c2a384
:105340000000c293030003248418627c0000c2a3ff
:105350002d0002240400c2a30400c297010003240c
:105360000442627c0400c2a781bf023c70904224c8
:1053700000e0437c88bf023c903043ac00a0023c7c
:10538000ec00422400e0437c88bf023ca03043ace8
:1053900088bf023c02000324b03043ac88bf023c0b
:1053a00000010324c03043ac88bf023c0200032448
:1053b000f03043ac88bf023cff00033cff00633485
:1053c000843043ac88bf023c0900033c883043acc6
:1053d00088bf023c1f000324241143ac88bf023c59
:1053e00016000324281143ac88bf023c0100033c93
:1053f000781043ac0000c293010003240400627cd7
:105400000000c2a30000000025e8c0031400be8f06
:105410001800bd270800e00300000000e8ffbd27da
:105420001400beaf25f0a0030000c2930400027c6c
:105430000000c2a30000c2934408027c0000c2a383
:105440000000c293020003248418627c0000c2a3ff
:105450001c0002240400c2a30400c297010003241c
:105460000442627c0400c2a700a0023cec0142247a
:1054700000e0437c88bf023c503143ac80bf023c1b
:105480002060422400e0437c88bf023c603143ac92
:1054900088bf023c00010324703143ac88bf023c4a
:1054a00001000324803143ac88bf023c0100032487
:1054b000b03143ac88bf023cff00033cff006334c3
:1054c000443143ac88bf023c0900033c483143ac43
:1054d00088bf023c001f0324241143ac88bf023c58
:1054e00000160324281143ac88bf023c0200033c91
:1054f000781043ac0000c293010003240400627cd6
:105500000000c2a30000000025e8c0031400be8f05
:105510001800bd270800e00300000000e8ffbd27d9
:105520001400beaf25f0a0030000c2930400027c6b
:105530000000c2a30000c2934408027c0000c2a382
:105540000000c293010003248418627c0000c2a3ff
:10555000190002240400c2a30400c297010003241e
:105560000442627c0400c2a700a0023cec02422478
:1055700000e0437c88bf023c103243ac80bf023c59
:10558000205e422400e0437c88bf023c203243acd2
:1055900088bf023c00010324303243ac88bf023c88
:1055a00001000324403243ac88bf023c01000324c5
:1055b000703243ac88bf023cff00033cff00633401
:1055c000043243ac88bf023c0900033c083243acc0
:1055d00088bf023c1f00033c241143ac88bf023c3f
:1055e0001600033c281143ac88bf023c0400033c76
:1055f000781043ac0000c293010003240400627cd5
:105600000000c2a30000000025e8c0031400be8f04
:105610001800bd270800e0030000000000e85d411d
:1056200000701a4000601b40e0ffbd271c00baafad
:1056300002601a401800bbaf1400baaf44781b7c5c
:1056400000147b3700609b400c00beaf0800a3af86
:105650000400a2af25f0a00388bf023c8030428c3a
:10566000c000427cff0042300400401000000000f7
:1056700088bf023c08000324843043ac88bf023c4e
:105680008030428c0000427cff0042300400401019
:105690000000000088bf023c01000324843043acba
:1056a00088bf023c0100033c441043ac00000000f2
:1056b00025e8c0030c00be8f0800a38f0400a28f52
:1056c00000606041c00000001c00ba8f1800bb8f52
:1056d00000709a401400ba8f2000bd2702609a40e3
:1056e00000e8dd4100609b401800004200e85d4199
:1056f00000701a4000601b40e0ffbd271c00baafdd
:1057000002601a401800bbaf1400baaf44781b7c8b
:1057100000147b3700609b400c00beaf0800a3afb5
:105720000400a2af25f0a00388bf023c4031428ca8
:10573000c000427cff004230040040100000000026
:1057400088bf023c08000324443143ac88bf023cbc
:105750004031428c0000427cff0042300400401087
:105760000000000088bf023c01000324443143ac28
:1057700088bf023c0200033c441043ac0000000020
:1057800025e8c0030c00be8f0800a38f0400a28f81
:1057900000606041c00000001c00ba8f1800bb8f81
:1057a00000709a401400ba8f2000bd2702609a4012
:1057b00000e8dd4100609b401800004200e85d41c8
:1057c00000701a4000601b40e0ffbd271c00baaf0c
:1057d00002601a401800bbaf1400baaf44781b7cbb
:1057e00000147b3700609b400c00beaf0800a3afe5
:1057f0000400a2af25f0a00388bf023c0032428c17
:10580000c000427cff004230040040100000000055
:1058100088bf023c08000324043243ac88bf023c2a
:105820000032428c0000427cff00423004004010f5
:105830000000000088bf023c01000324043243ac96
:1058400088bf023c0400033c441043ac000000004d
:1058500025e8c0030c00be8f0800a38f0400a28fb0
:1058600000606041c00000001c00ba8f1800bb8fb0
:1058700000709a401400ba8f2000bd2702609a4041
:1058800000e8dd4100609b4018000042f8ffbd27a2
:105890000400beaf25f0a00380bf023c005340ac23
:1058a00080bf023cee000324405343ac80bf033c66
:1058b0000053629401000424c47b827c005362a4e0
:1058c00088bf033c3010628cc4ff027c301062ac95
:1058d00088bf033c6010628c01000424c4ff827cfa
:1058e000601062ac88bf033cf010628c020004249c
:1058f0008462827cf01062ac88bf033cf010628c42
:10590000044a027cf01062ac0000000025e8c003ed
:105910000400be8f0800bd270800e003000000005f
:10592000f0ffbd270c00beaf25f0a003e803022462
:105930000000c2af07000010000000000000c28f8e
:10594000ffff42240000c2af0000c28f0e004010d3
:105950000000000080bf023c0053428c1f00423018
:10596000f6ff40140000000080bf023c1053428c40
:105970008003427cff004230f0ff40140000000032
:1059800002000010000000000000000025e8c00335
:105990000c00be8f1000bd270800e00300000000cf
:1059a000e8ffbd271400bfaf1000beaf25f0a00375
:1059b00080bf033c00536294010004240400827cf5
:1059c000005362a44816400f0000000000000000d1
:1059d00025e8c0031400bf8f1000be8f1800bd273c
:1059e0000800e00300000000e8ffbd271400bfaf7f
:1059f0001000beaf25f0a00380bf033c00536294ab
:105a0000010004248410827c005362a44816400fd5
:105a1000000000000000000025e8c0031400bf8f54
:105a20001000be8f1800bd270800e0030000000032
:105a3000e8ffbd271400bfaf1000beaf25f0a003e4
:105a4000251080001800c2a31800c39380bf023c39
:105a5000505343ac4816400f0000000080bf023c8a
:105a60001053428cc003427c0000000025e8c003b4
:105a70001400bf8f1000be8f1800bd270800e00380
:105a800000000000e8ffbd271400bfaf1000beaf4c
:105a900025f0a003251080001c00c5af1800c2a38c
:105aa0006816400f000000001800c293401002006a
:105ab000ff004230252040008c16400f00000000ff
:105ac00009000010000000001c00c28f01004324e8
:105ad0001c00c3af00004280ff0042302520400080
:105ae0008c16400f000000001c00c28f0000428096
:105af000f5ff4014000000007a16400f000000007f
:105b00000000000025e8c0031400bf8f1000be8f06
:105b10001800bd270800e0030000000000e85d4118
:105b200000701b4002601a40e0ffbd271c00bbafa5
:105b300000601b401400baaf1800bbaf44781b7c58
:105b400000087b3700609b400800a3af0400a2afb1
:105b50001400a38f0f0063300c00beaf00000000e4
:105b600025f0a00388bf023c3010428cc007427c65
:105b7000ff004230050040100000000088bf033cd9
:105b80003010628cc4ff027c301062ac0000000058
:105b900025e8c0031400a28f0f0042300400401417
:105ba000000000000c00be8f0800a38f0400a28f2d
:105bb0000000000000606041c00000001c00ba8fbf
:105bc0001800bb8f00709a401400ba8f2000bd27c8
:105bd00002609a4000e8dd4100609b4018000042ee
:105be000f8ffbd270400beaf25f0a00380bf023c34
:105bf000005440ac80bf023cee000324405443ac50
:105c000080bf033c0054629401000424c47b827c66
:105c1000005462a488bf033c4010628c446b027c39
:105c2000401062ac88bf033c7010628c01000424f9
:105c3000446b827c701062ac88bf033c1011628c94
:105c4000020004248462827c101162ac88bf033c91
:105c50001011628c044a027c101162ac000000003a
:105c600025e8c0030400be8f0800bd270800e0033c
:105c700000000000f0ffbd270c00beaf25f0a00320
:105c8000e80302240000c2af07000010000000007b
:105c90000000c28fffff42240000c2af0000c28f8d
:105ca0000e0040100000000080bf023c0054428cf7
:105cb0001f004230f6ff40140000000080bf023c8d
:105cc0001054428c8003427cff004230f0ff4014ad
:105cd00000000000020000100000000000000000b2
:105ce00025e8c0030c00be8f1000bd270800e003ac
:105cf00000000000e8ffbd271400bfaf1000beafda
:105d000025f0a00380bf033c0054629401000424ea
:105d10000400827c005462a41d17400f00000000a4
:105d20000000000025e8c0031400bf8f1000be8fe4
:105d30001800bd270800e00300000000e8ffbd27b1
:105d40001400bfaf1000beaf25f0a00380bf033c1e
:105d500000546294010004248410827c005462a4e4
:105d60001d17400f000000000000000025e8c003e0
:105d70001400bf8f1000be8f1800bd270800e0037d
:105d800000000000e8ffbd271400bfaf1000beaf49
:105d900025f0a003251080001800c2a31800c393ab
:105da00080bf023c505443ac1d17400f0000000060
:105db00080bf023c1054428cc003427c00000000b3
:105dc00025e8c0031400bf8f1000be8f1800bd2748
:105dd0000800e00300000000e8ffbd271400bfaf8b
:105de0001000beaf25f0a003251080001c00c5af39
:105df0001800c2a33d17400f000000001800c29316
:105e000040100200ff004230252040006117400f83
:105e10000000000009000010000000001c00c28ffc
:105e2000010043241c00c3af00004280ff00423049
:105e3000252040006117400f000000001c00c28fa9
:105e400000004280f5ff4014000000004f17400f93
:105e5000000000000000000025e8c0031400bf8f10
:105e60001000be8f1800bd270800e00300000000ee
:105e700000e85d4100701b4002601a40e0ffbd2752
:105e80001c00bbaf00601b401400baaf1800bbafd2
:105e900044781b7c00087b3700609b400800a3af60
:105ea0000400a2af1400a38f0f0063300c00beaf3c
:105eb0000000000025f0a00388bf023c4010428c87
:105ec0004003427cff00423005004010000000000b
:105ed00088bf033c4010628c446b027c401062ac73
:105ee0000000000025e8c0031400a28f0f0042301c
:105ef00004004014000000000c00be8f0800a38fb7
:105f00000400a28f0000000000606041c00000009b
:105f10001c00ba8f1800bb8f00709a401400ba8f13
:105f20002000bd2702609a4000e8dd4100609b40f0
:105f300018000042f8ffbd270400beaf25f0a00303
:105f400080bf023c005040ac80bf023cee00032406
:105f5000405043ac80bf033c0050629401000424d5
:105f6000c47b827c005062a40000000025e8c003ce
:105f70000400be8f0800bd270800e00300000000f9
:105f8000f0ffbd270c00beaf25f0a003e8030224fc
:105f90000000c2af07000010000000000000c28f28
:105fa000ffff42240000c2af0000c28f0e0040106d
:105fb0000000000080bf023c0050428c1f004230b5
:105fc000f6ff40140000000080bf023c1050428cdd
:105fd0008003427cff004230f0ff401400000000cc
:105fe00002000010000000000000000025e8c003cf
:105ff0000c00be8f1000bd270800e0030000000069
:10600000e8ffbd271400bfaf1000beaf25f0a0030e
:1060100080bf033c00506294010004240400827c91
:10602000005062a4e017400f0000000000000000d4
:1060300025e8c0031400bf8f1000be8f1800bd27d5
:106040000800e00300000000e8ffbd271400bfaf18
:106050001000beaf25f0a00380bf033c0050629447
:10606000010004248410827c005062a4e017400fd9
:10607000000000000000000025e8c0031400bf8fee
:106080001000be8f1800bd270800e00300000000cc
:10609000e8ffbd271400bfaf1000beaf25f0a0037e
:1060a000251080001800c2a31800c39380bf023cd3
:1060b000505043ace017400f0000000080bf023c8e
:1060c0001050428cc003427c0000000025e8c00351
:1060d0001400bf8f1000be8f1800bd270800e0031a
:1060e00000000000e8ffbd271400bfaf1000beafe6
:1060f00025f0a003251080001c00c5af1800c2a326
:106100000018400f000000001800c2934010020069
:10611000ff004230252040002418400f00000000fe
:1061200009000010000000001c00c28f0100432481
:106130001c00c3af00004280ff0042302520400019
:106140002418400f000000001c00c28f0000428095
:10615000f5ff4014000000001218400f000000007e
:106160000000000025e8c0031400bf8f1000be8fa0
:106170001800bd270800e00300000000f8ffbd275d
:106180000400beaf25f0a00380bf023c005140ac2c
:1061900080bf023cee000324405143ac80bf033c6f
:1061a0000051629401000424c47b827c005162a4eb
:1061b0000000000025e8c0030400be8f0800bd27d2
:1061c0000800e00300000000f0ffbd270c00beaf98
:1061d00025f0a003e80302240000c2af070000106e
:1061e000000000000000c28fffff42240000c2af89
:1061f0000000c28f0e0040100000000080bf023c73
:106200000051428c1f004230f6ff40140000000095
:1062100080bf023c1051428c8003427cff00423020
:10622000f0ff401400000000020000100000000019
:106230000000000025e8c0030c00be8f1000bd2741
:106240000800e00300000000e8ffbd271400bfaf16
:106250001000beaf25f0a00380bf033c0051629444
:10626000010004240400827c005162a47218400fd3
:10627000000000000000000025e8c0031400bf8fec
:106280001000be8f1800bd270800e00300000000ca
:10629000e8ffbd271400bfaf1000beaf25f0a0037c
:1062a00080bf033c00516294010004248410827c6e
:1062b000005162a47218400f0000000000000000ae
:1062c00025e8c0031400bf8f1000be8f1800bd2743
:1062d0000800e00300000000e8ffbd271400bfaf86
:1062e0001000beaf25f0a003251080001800c2a347
:1062f0001800c39380bf023c505143ac7218400f4a
:106300000000000080bf023c1051428cc003427c60
:106310000000000025e8c0031400bf8f1000be8fee
:106320001800bd270800e00300000000e8ffbd27bb
:106330001400bfaf1000beaf25f0a00325108000f1
:106340001c00c5af1800c2a39218400f0000000047
:106350001800c29340100200ff0042302520400088
:10636000b618400f000000000900001000000000f7
:106370001c00c28f010043241c00c3af00004280f8
:10638000ff00423025204000b618400f00000000fa
:106390001c00c28f00004280f5ff40140000000086
:1063a000a418400f000000000000000025e8c00312
:1063b0001400bf8f1000be8f1800bd270800e00337
:1063c00000000000f8ffbd270400beaf25f0a003c9
:1063d00080bf023c005240ac80bf023cee00032470
:1063e000405243ac80bf033c00526294010004243d
:1063f000c47b827c005262a40000000025e8c00338
:106400000400be8f0800bd270800e0030000000064
:10641000f0ffbd270c00beaf25f0a003e803022467
:106420000000c2af07000010000000000000c28f93
:10643000ffff42240000c2af0000c28f0e004010d8
:106440000000000080bf023c0052428c1f0042301e
:10645000f6ff40140000000080bf023c1052428c46
:106460008003427cff004230f0ff40140000000037
:1064700002000010000000000000000025e8c0033a
:106480000c00be8f1000bd270800e00300000000d4
:10649000e8ffbd271400bfaf1000beaf25f0a0037a
:1064a00080bf033c00526294010004240400827cfb
:1064b000005262a40419400f000000000000000018
:1064c00025e8c0031400bf8f1000be8f1800bd2741
:1064d0000800e00300000000e8ffbd271400bfaf84
:1064e0001000beaf25f0a00380bf033c00526294b1
:1064f000010004248410827c005262a40419400f1d
:10650000000000000000000025e8c0031400bf8f59
:106510001000be8f1800bd270800e0030000000037
:10652000e8ffbd271400bfaf1000beaf25f0a003e9
:10653000251080001800c2a31800c39380bf023c3e
:10654000505243ac0419400f0000000080bf023cd1
:106550001052428cc003427c0000000025e8c003ba
:106560001400bf8f1000be8f1800bd270800e00385
:1065700000000000e8ffbd271400bfaf1000beaf51
:1065800025f0a003251080001c00c5af1800c2a391
:106590002419400f000000001800c29340100200b0
:1065a000ff004230252040004819400f0000000045
:1065b00009000010000000001c00c28f01004324ed
:1065c0001c00c3af00004280ff0042302520400085
:1065d0004819400f000000001c00c28f00004280dc
:1065e000f5ff4014000000003619400f00000000c5
:1065f0000000000025e8c0031400bf8f1000be8f0c
:106600001800bd270800e0030000000000e85d411d
:1066100000701b4002601a40e0ffbd271c00bbafaa
:1066200000601b401400baaf1800bbaf44781b7c5d
:10663000000c7b3700609b400800a3af0400a2afb2
:106640001400a38f0f0063300c00beaf00000000e9
:1066500025f0a00388bf023c3010428c4006427ceb
:10666000ff0042301b0040100000000088bf023cc9
:106670000002033c341043ac2480828f1000401091
:10668000000000002480828f000042902014027cd1
:106690000b004010000000002480828f0100432482
:1066a000248083af000042902014027c2518400013
:1066b00080bf023c205e43ac0600001000000000da
:1066c00088bf033c6010628c44ce027c601062acd8
:1066d000288080a30000000025e8c0031400a28fda
:1066e0000f00423004004014000000000c00be8f78
:1066f0000800a38f0400a28f00000000006060412a
:10670000c00000001c00ba8f1800bb8f00709a40b8
:106710001400ba8f2000bd2702609a4000e8dd41d6
:1067200000609b4018000042f8ffbd270400bfaf87
:106730000000beaf25f0a00388bf033cc060629498
:106740008452027cc06062a488bf033cc060629433
:106750000400027cc06062a488bf033c8060629435
:10676000010004240421827c806062a488bf033c71
:10677000c0606294444a027cc06062a480bf033c53
:10678000005e628cc47b027c005e62ac88bf023c0f
:106790000002033c341043ac88bf023c0002033cbf
:1067a000641043ac88bf023c001f033ce41043acc0
:1067b00088bf033ce010628c0300042484e6827ce2
:1067c000e01062ac80bf023c17000324305e43ac93
:1067d00080bf033c105e628c8431027c105e62ac30
:1067e00080bf033c005e628c010004244429827c4b
:1067f000005e62ac80bf033c005e628c010004243a
:106800000442827c005e62ac80bf033c005e628c0e
:1068100001000424444a827c005e62ac80bf033cd9
:10682000005e628cc45a027c005e62ac80bf033c96
:10683000005e628c8452027c005e62ac88bf033cc6
:106840006010628c0100042444ce827c601062ac33
:1068500088bf033c0010628c010004240463827c26
:10686000001062ac2060624180bf033c005e628c1d
:1068700001000424c47b827c005e62ac0000000046
:1068800025e8c0030400bf8f0000be8f0800bd27ad
:106890000800e00300000000f8ffbd270400beafc1
:1068a00025f0a003251080000800c2a3208080a34b
:1068b0000000000080bf023c105e428c4000427c21
:1068c000ff004230fbff4014000000000800c383bb
:1068d00080bf023c205e43ac000000002080829319
:1068e000ff00423001004238ff004230fbff4014fd
:1068f000000000000000000025e8c0030400be8f77
:106900000800bd270800e00300000000e8ffbd27e5
:106910001400bfaf1000beaf25f0a0031800c4af35
:1069200008000010000000001800c28f010043247e
:106930001800c3af0000428025204000261a400ff7
:10694000000000001800c28f00004280f6ff4014d3
:10695000000000000000000025e8c0031400bf8f05
:106960001000be8f1800bd270800e00300000000e3
:10697000d0ffbd272c00bfaf2800beaf25f0a0037d
:106980000f000424b307400f000000000100023c88
:1069900000c24434d502400f00000000f816400f3a
:1069a00000000000ca19400f000000002060624192
:1069b000019d023c5c854524080004247617400fa5
:1069c00000000000019d023c708545241000c22794
:1069d000252040003222400f000000001000c22796
:1069e000252040009305400f00000000019d023c5f
:1069f00088854424431a400f00000000e803042463
:106a00000000400f00000000e9ff0010000000003f
:020000040000fa
:020000041d00dd
:106a100018ffbd27dc00b4afd800b3afd400b2afcd
:106a2000d000b1afe400bfafe000b5afcc00b0af75
:106a3000259080002588c000b800a5af25980000eb
:106a4000019d143cb800a58f0000a280e400401016
:106a5000ffff02249c00a2af1800a227a400a2af4f
:106a6000800002249800a0afa000a0afa800a2afb1
:106a700025800000250003242110b0000000428082
:106a80000300401000000000fbff435401001026eb
:106a900006000012253000023120400f2520400260
:106aa000b800a28f21105000b800a2afb800b58f77
:106ab000250002240000a382c20062140100b52652
:106ac000b800b5af2b0005242d00062430000324a8
:106ad0002000072423000824b800a48f000082802f
:106ae0001b0045509800a28f2c0049281e00201141
:106af00000000000180047509800a28f180048506e
:106b00009800a28f2a0003241e0043500000228e0a
:106b1000b620400f00000000a000a2afb800a38f75
:106b200000006280d0ff42240a00422c2100401065
:106b300001006324f9ff0010b800a3af0100423444
:106b4000010084249800a2afe3ff0010b800a4afb6
:106b5000fbff001004004234f9ff0010080042342b
:106b6000f7ff001010004234f4ff46509800a28f47
:106b7000e5ff43542a0003249800a28ff0ff001081
:106b80000200423401008424b800a4af040043246e
:106b90000000428c000023ae06004104a000a2af1a
:106ba0009800a38f23100200a000a2af0100633859
:106bb0009800a3af9800a28f01004330020060103c
:106bc0004408027c9800a2afb800a28f2e000324d4
:106bd000000044800d008314010044249c00a0aff9
:106be000b800a4af010045802a0003242300a314a9
:106bf00002004224b800a2af0000228e0400432409
:106c00000000428c000023ae9c00a2af6821400f20
:106c1000b800a427c000a2afb800a28f7722400f0f
:106c2000000044806900032477004310c000a58f52
:106c30006a0043282f00601063000324be00431045
:106c4000640043281800601025000324cb00431083
:106c5000610003244f00435025302002ffff02242f
:106c6000b800b5af9800a0afa000a0af9c00a2af45
:106c70001000a0afc900001025380000b620400f5a
:106c8000000000009c00a2afb800a38f000062804b
:106c9000d0ff42240a00422cdcff40100100632494
:106ca000f9ff0010b800a3af64000324560043109e
:106cb00068004228eaff4010ffff0224253020022e
:106cc0009321400fb000a42797004010b800a28f76
:106cd000b000a6279800a52701004324b800a3af61
:106ce00000004780b222400f2520400235000010ee
:106cf00021800202700003246e00431071004328bb
:106d0000130060106e000324830043106f000324ff
:106d1000d3ff4314ffff0224253820022530000052
:106d2000e61d400fb000a4277f004010b800a28fde
:106d3000b000a6279800a527010042242520400284
:106d4000b022400fb800a2af1e0000102180020246
:106d5000750003243a0043107800032446004310d2
:106d600073000324bdff4314800002246e00a214ac
:106d7000b800a28f2538000001004224b800a2af5d
:106d80000000228e04004324000023ae7600001091
:106d90000000468c9321400fb000a42762004010f1
:106da000b800a28fb000a6279800a52701004324b1
:106db000b800a3af00004780b222400f2520400258
:106dc00021800202218070022a981302770060124b
:106dd00000a0023c4f000324ec0343acffff13244c
:106de000e400bf8f25106002e000b58fdc00b48f97
:106df000d800b38fd400b28fd000b18fcc00b08f49
:106e00000800e003e800bd27253820020100062421
:106e1000e61d400fb000a42743004010b800a28f29
:106e2000b000a6279800a527010042242520400293
:106e3000b022400fb800a2afe2ff00102180020292
:106e40002538200225300000e61d400fb000a427a1
:106e500035004010b800a28fb000a6279800a527e3
:106e60000100422425204002b022400fb800a2af0a
:106e7000d4ff0010218002022538200225300000b6
:106e8000e61d400fb000a42727004010b800a28fd5
:106e900001004324b800a3af00004780b000a6273c
:106ea0009800a527b222400f25204002c5ff001000
:106eb000218002022538200225300000f000052440
:106ec000e61d400fb000a42717004010b800a28fa5
:106ed000b400a38f01004224b800a2afb000a28f7b
:106ee00025104300edff4014780007241022400fc6
:106ef0008c8a84269800a38fa000a78f253040009d
:106f00001000a3af8c8a8526921e400f25204002d8
:106f1000acff0010218002022538200221307002cf
:106f2000121f400fb000a427b800a28f0100422416
:106f3000a4ff0010b800a2af80000224faffa21440
:106f4000b800a28f01000724b000a6270100422448
:106f5000b800a2af0000228e040043240000428c3f
:106f6000000023aeb000a2a39800a527b422400fd2
:106f70002520400293ff001021800202800002249d
:106f8000e9ffa214b800a28fa000a78f010042243d
:106f9000b800a2af9800a28f1000a2af019d053cdf
:106fa00001000624d8ff0010948aa524a5fe001035
:046fb000259800021e
:020000040000fa
:020000041d00dd
:106fb4004050050042550a00c04a0500427d0400c5
:106fc40025482f01c042040000800e3c25482e01b4
:106fd40040680700426d0d00c0620700427d060054
:106fe40025608f01c05a060025608e012628a7005f
:106ff4002428ae00ffff4f25fe07e12dcb00201013
:1070040000000000ffffaf25fe07e12df400201073
:107014000000000023504d01ff034a2542400800b0
:10702400c07f090025400f0142480900023c0c00c2
:10703400f401e0001b00270112700000104800005a
:10704400ffff86311900ce0012200000004c090019
:10705400027c080025482f012b7824010600e0114a
:1070640023482401ffffce2521482c012b082c01a5
:10707400fcff201000000000f401e0001b002701c9
:1070840012380000104800001900c7001220000048
:10709400004c0900ffff0f3125482f012b782401f4
:1070a4000600e01123482401ffffe72421482c01b6
:1070b4002b082c01fcff20100000000000740e00bf
:1070c4002170c7011900cb01123800001020000004
:1070d400000008242b780701234007012b102f01ff
:1070e40023482f012b7824012578e2010b00e011bd
:1070f40023482401ffffce2521400b012b780b01ef
:1071040021482c0121482f0102002c11000000000d
:107114002b782c01f7ffe0110000000006002c156d
:107124000000000025200b002548080000000d2465
:107134002a00001025380d00023c0c00f401e00088
:107144001b0027011268000010480000ffff863171
:107154001900cd0012200000004c0900027c080038
:1071640025482f012b7824010600e011234824012f
:10717400ffffad2521482c012b082c01fcff20101a
:1071840000000000f401e0001b0027011238000099
:10719400104800001900c70012200000004c09002c
:1071a400ffff0f3125482f012b7824010600e01141
:1071b40023482401ffffe72421482c012b082c013c
:1071c400fcff201000000000006c0d002168a701e6
:1071d4001900ab0112380000102000000000082440
:1071e4002b780701234007012b102f0123482f017f
:1071f4002b7824012578e2010b00e01123482401b7
:10720400ffffad2521400b012b780b0121482c01f8
:1072140021482f0102002c11000000002b782c01c2
:10722400f7ffe011000000000600c00500000000a8
:107234002a78a0012168ad012170ce012170cf010f
:10724400ffff4a25257828010200e0110000000014
:107254000100ad3525480e0025400d00ffff4f25e8
:10726400fe07e12d15002010000000000004082591
:1072740000040f2d21482f012b782f0121504f019d
:10728400c27a08000100ef3123400f01c222080036
:10729400407d090025208f0040780900027b0f0003
:1072a4002528af00007d0a002528af002510040022
:1072b400251805000800e003000000004400401dfc
:1072c4000000000001000e242370ca012000c12d1b
:1072d4000700201400000000e0ffce212b2008004e
:1072e4000d00091025402401f8ff001000000934a6
:1072f4000900c0110000000022300e000420c80064
:107304000430c9000640c8010648c90102008010c3
:107314002540c800020008350004082500040f2d8c
:1073240021482f01d6ff0010c25709002a78000116
:1073340021400801214829011700401521482f0147
:10734400257828011400e011000000000800201531
:1073540000000000030000150000000029ff0010d9
:1073640000000a242548000100000824e0ff4a2503
:1073740020702e7123ffc0110000000023504e0125
:1073840022300e000630c8000440c8010448c90178
:107394001cff00102548260105004d1500000000c3
:1073a40040780c002578eb012b00e0110000000070
:1073b400ff0701240a00a11100000000bbff4011d7
:1073c40000000000257828012300e01500000000db
:1073d400f07f013c2528a100b4ff00100000042424
:1073e4002a78600121586b0121608c011700a015d7
:1073f40021608f0125788b01f5ffe011000000006a
:107404000800801500000000030060150000000063
:1074140000ff001000000d242560600100000b2413
:10742400e0ffad2520708e71fafec011000000004f
:107434002368ae0122300e000630cb000458cb0185
:107444000460cc01f3fe00102560860125788b01d1
:107454000200e01100000000f8ff053c93ff00105b
:1074640000000424000000004050050042550a00ba
:10747400c04a0500427d040025482f01c042040093
:1074840000800e3c25482e0140680700426d0d0027
:10749400c0620700427d060025608f01c05a0600c5
:1074a40025608e012628a7002428ae00ffff4f2563
:1074b400fe07e12d4700201000000000ffffaf256c
:1074c400fe07e12d6f0020100000000002fcaf2534
:1074d40021504f0119002c011238000010700000d7
:1074e40019000b01122000001030000019002b01bc
:1074f40012580000106800002130cb002b78cb001c
:107504002138ed002138ef000200ed1000000000ea
:107514002b78ed002170cf0119000c0112400000fe
:10752400104800002130c8002b78c8002138e90039
:107534002138ef000200e910000000002b78e90078
:107544002170cf01257886000200e01100000000c0
:107554000100e73425480e000600200525400700f9
:107564002a780001214008012148290121482f01de
:10757400ffff4a25ffff4f25fe07e12d680020107d
:10758400000000000004082500040f2d21482f01ed
:107594002b782f0121504f01c27a08000100ef31ee
:1075a40023400f01c2220800407d090025208f00de
:1075b40040780900027b0f002528af00007d0a00f7
:1075c4002528af0025100400251805000800e00355
:1075d400000000002a780001214008012148290107
:1075e4001c00401521482f01257828011400e011c2
:1075f4000000000008002015000000000300001532
:1076040000000000adff001000000a24254800011e
:1076140000000824e0ff4a2520702e71a7ffc01146
:107624000000000023504e0122380e000638e80006
:107634000440c8010448c901a0ff001025482701df
:10764400ff0701243300a11100000000ddff00103a
:1076540000000000257828012e00e015000000003d
:107664000500a0150000000040780c002578eb010f
:107674002800e01100000000ff0701242100a115eb
:10768400000000002a78600121586b0121608c0100
:107694001900a01521608f0125788b011400e011d9
:1076a40000000000080080150000000003006015c1
:1076b4000000000085ff001000000d24256060011b
:1076c40000000b24e0ffad25203086717fffc01041
:1076d400000000002368a601227006000670cb019a
:1076e4000458cb000460cc0078ff001025608e01a4
:1076f400b4ff00100000042425788b010500e01578
:1077040000000000f07f013c2528a100adff00101f
:1077140000000424f8ff053caaff00100000042424
:10772400f8ff401d0000000001000e242370ca0170
:107734002000c12d0700201400000000e0ffce212e
:107744002b3008000d00091025402601f8ff001019
:10775400000009340900c0110000000022380e00a6
:107764000430e8000438e9000640c8010648c901ad
:107774000200c0102540e800020008350004082576
:1077840000040f2d21482f0183ff0010c257090068
:0477940000000000f1
:020000040000fa
:020000041d00dd
:10779800880002243f00a2108900a2281a00401085
:1077a800810002245400a2108200a2280500401083
:1077b800800002245100a2500000e28c0800e0037f
:1077c80025100000820002243b00a2500000e28c39
:1077d80084000224f9ffa214000000000000e28cdb
:1077e800040043240000428c2700c0100000e3acd2
:1077f8002016027c000082acc3170200040082ac91
:107808000800e00301000224a00002243600a25070
:107818000000e28ca100a228100040109000022471
:10782800e6ffa214000000000000e28c07004224da
:107838000410027c0000488c0400498c0800422493
:107848000000e2ac000088ac040089ac0100c01064
:10785800010002240800e00300000000c000022428
:107868000500a2500000e28cf0000224d3ffa2140d
:10787800000000000000e28c040043240000e3ac98
:10788800020000100000428cffff42302000001070
:10789800000082ac0000e28c040043240000428c0b
:1078a8000300c0100000e3acd2ff00102014027cdb
:1078b800f6ff0010ff004230070042240410027c4b
:1078c8000000488c0400498c080042240000e2ac07
:1078d800000088ac040089acdeffc010010002245f
:1078e8000800e00300000000040043240000e3acab
:1078f800c0ff00100000428c0000e28c040043240a
:107908000000e3ac0000428cbbffc014000082ac56
:08791800bbff0010040080ac6d
:020000040000fa
:020000041d00dd
:1079200000a0023c0000438c13006014253080004e
:107930000000023ce8ffbd27000042240600401082
:107940001400bfaf0000000c000000001400bf8f47
:107950000800e0031800bd270000023c000042249c
:107960002500401080bf053c0000000c0000000016
:10797000f7ff00101400bf8f80bf023c106042244c
:107980002f004010000000000100042412006414c5
:1079900080bf033c80bf033c80bf043c80bf053cec
:1079a00020606324186084240860a52400800734c4
:1079b0000000a7ac00040524000085ac0000448c46
:1079c00000018430fdff801000000000000066ac64
:1079d0000800e0030000000080bf043c80bf053cbd
:1079e00080bf023c20686324186884240868a524aa
:1079f000eeff0010106842240868a52480bf043cf4
:107a0000008007340000a7ac80bf033c18688424c2
:107a100080bf023c000405242068632410684224cf
:107a2000000085ac0000448c00018430fdff801014
:107a300000000000000066acc5ff00101400bf8ffe
:087a40000800e0030000000053
:020000040000fa
:020000041d00dd
:107a4800c0ffbd272c00b3af5000b38f3800b6afce
:107a58003000b4af010073322800b2af2400b1afd8
:107a68002000b0af3c00bfaf3400b5af2590800018
:107a780025b0a0002580c0002588e000030060161e
:107a88002ba0c7001300805623a030022530000227
:107a98002528c0023120400f252040020d00801605
:107aa80023a03002258800023c00bf8f2510200249
:107ab8003800b68f3400b58f3000b48f2c00b38fe8
:107ac8002800b28f2400b18f2000b08f0800e00397
:107ad8004000bd271100862e100002240b108602dc
:107ae80025304000200005241000a4274622400f1e
:107af80025a880021000a22e0b0040100f0086322d
:107b08001000a5273120400f25204002e6ff60160f
:107b1800253000022528c0023120400f25204002d0
:107b2800e2ff00103c00bf8f100006241000a527bc
:107b38003120400f25204002eeff0010f0ffb5264f
:020000040000fa
:020000041d00dd
:107b4800c03a0500425d04002538eb00c03204004d
:107b58000080013c2538e1000080013c2448a10058
:107b6800404005004245080080fc0825ffff0b2522
:107b7800fe00612d12002010000000000200c0105d
:107b8800000000000100e7348000e7248000eb2caf
:107b980021400b01025a070001006b312338eb002a
:107ba80040380700423a0700c05d08002538eb005e
:107bb8002510e9000800e0030000000000000000b4
:107bc8007f04012407000115000000004058070049
:107bd800255866010300601100000000f5ff001041
:107be800c0ff023cff00012904002014000000002f
:107bf800807f013cefff00102510210101000a24bd
:107c0800235048012000412d0300201400000000eb
:107c1800e8ff00102510090020000c2423608a01c9
:107c2800045887012530cb00063847010000082496
:107c38000080013cd1ff00102538e1000000000061
:020000040000fa
:020000041d00dd
:107c4800840002242200a2500000e28c8500a228b1
:107c580010004010810002240800a2500000e28cad
:107c6800820002242700a2500000e28c8000022437
:107c78001000a214000000000000e28c040043245d
:107c88000000e3ac0000428c000082ac150000103c
:107c9800000046ac900002241a00a2500000e28cba
:107ca8009100a22805004010880002240f00a2506d
:107cb8000000e28c0800e00325100000a000022468
:107cc800eeffa2500000e28ce9ff0010c000022481
:107cd800040043240000e3ac0000428c000082aca6
:107ce800000046a40800e003010002240400432425
:107cf8000000e3ac0000428c000082acf9ff0010e9
:107d0800000046a0040043240000e3ac0000428cbd
:107d1800000082ac000046acc3370600f1ff00103b
:047d2800040046ac61
:020000040000fa
:020000041d00dd
:107d2c00a8ffbd270400a1af0800a2af0c00a3afb1
:107d3c001000a4af1400a5af1800a6af1c00a7af8d
:107d4c002000a8af2400a9af2800aaaf2c00abaf2d
:107d5c003000acaf3400adaf3800aeaf3c00afafcd
:107d6c004000b8af4400b9af4800bfaf12400000ac
:107d7c004c00a8af104000005000a8af019d1a3c69
:107d8c0030875a270000000000680440006005405e
:107d9c0009f84003000000005000a88f11000001fa
:107dac004c00a88f130000010400a18f0800a28fc3
:107dbc000c00a38f1000a48f1400a58f1800a68fa1
:107dcc001c00a78f2000a88f2400a98f2800aa8f41
:107ddc002c00ab8f3000ac8f3400ad8f3800ae8fe1
:107dec003c00af8f4000b88f4400b98f4800bf8f64
:0c7dfc005800bd27c00000001800004225
:020000040000fa
:020000041d00dd
:107e080003008014251000000800e00300000000b3
:107e18000400828ce0ffbd271800b1af200042307b
:107e28001400b0af1c00bfaf2580800009004010cf
:107e38002588a0001400828c1800838c2b10620007
:107e4800140040542c00828c280000ae180000aeac
:107e5800140000ae3c00058e4000028e2b18a200d4
:107e680004006010010006240000048eb622400fb2
:107e78002328a200400000ae3c0000ae0b002012f8
:107e880025100000b822400f0000048e08000010e2
:107e98001c00bf8f2530000009f84000252800008d
:107ea8001400038ee8ff6014ffff02241c00bf8f3c
:107eb8001800b18f1400b08f0800e0032000bd2720
:020000040000fa
:020000041d00dd
:107ec800880000a06403000000000000040000a077
:107ed80015000000000000001c0000a06c0000005d
:107ee80001000000240000a0240000a00100000000
:107ef8000300000000000000000000000000000077
:107f08000000000000000000087e009d0000000046
:107f180000000000000000008089009db08a009ddc
:107f28000000000000000000000000000000000049
:107f38000000000000000000000000000000000039
:107f4800000000000000000000000000200000a069
:107f5800ec0300a00400000000000000000000a0e6
:107f68000400000001000000020000000000000002
:020000040000fa
:020000041d00dd
:107f7800c23d0400ff00e7300080013c243081004e
:107f8800ffffe924fe00212d0d0020100000000055
:107f98008003e724404a0400024b09002530c90049
:107fa800402f0400004d07002530c90025100500aa
:107fb800251806000800e00300000000000000008b
:107fc8000000052421208400f6ff80100000000036
:107fd8000900e01400000000ffffe72421208400ce
:107fe8008000013c2b088100fbff201400000000ea
:107ff800e7ff001000000000ff07072400ff013c16
:10800800010021342b088100e6ff20140000000045
:0c801800e4ff0010f8ff063c0000000030
:020000040000fa
:020000041d00dd
:1080240003008014251000000800e0030000000095
:108034000400828ce0ffbd271800b1af200042305d
:108044001400b0af1c00bfaf258080000b004014ab
:108054002588a000280000ae180000ae14002016e9
:10806400140000ae251000001c00bf8f1800b18f53
:108074001400b08f0800e0032000bd271400828c98
:108084001800838c2b106200f2ff40102530000092
:108094002c00828c09f84000252800001400038e6f
:1080a400f1ff6010ffff0224ebff0010280000ae78
:1080b400b822400f0000048eecff00101c00bf8f9c
:020000040000fa
:020000041d00dd
:1080c4000400828ce0ffbd271c00bfaf00014730d5
:1080d4001800b1af1700e0101400b0af1000828c8c
:1080e4002518c0002b88c2000a1851000c0060102b
:1080f40025886000258080001400848c2722400f8e
:10810400253060001400028e1000038e21105100ef
:1081140023887100140002ae100011ae000040a0cc
:108124001c00bf8f1800b18f1400b08f0800e0034b
:108134002000bd2710004230faff40541c00bf8fbe
:108144005022400f00000000f6ff00101c00bf8ffb
:020000040000fa
:020000041d00dd
:10815400e0ffbd271400b1af1c00bfaf1800b2afe1
:108164001000b0af0d00a010258800000c00c05016
:108174001c00bf8f0300842c080080102588c000d9
:108184000000023c000042240b0040102580a000a7
:108194002528c0000000000c252000021c00bf8f11
:1081a400251020021800b28f1400b18f1000b08f78
:1081b4000800e0032000bd272190a60000000482ef
:1081c400481e400f01001026fcff50161c00bf8ff4
:0881d400f4ff00102510200249
:020000040000fa
:020000041d00dd
:1081dc00c8ffbd27ffff03241000a3af0201032437
:1081ec002510a0003400bfaf2528c0001400a3af99
:1081fc00020080142530e0002c00a4271800a4af46
:10820c001c00a2af0200401025180000ffff432401
:10821c00080041042000a3af00a0023c4f0003243f
:10822c00ec0343acffff02243400bf8f0800e003d3
:10823c003800bd272800a4af2400a4af000080a004
:10824c000122400f1000a427f8ff00103400bf8f4c
:020000040000fa
:020000041d00dd
:10825c000800e003000000002518e003009d043c2a
:10826c00c87e842416008010000000000000858c5d
:10827c001300a010040084240000868c04008424c5
:10828c0000008b8404008424019d0c3c788a8c258e
:10829c0080580b0021606c0100008c8d09f8800166
:1082ac00000000002520400003008424fcff06246d
:1082bc002420c4000000858cecffa01400000000fa
:0c82cc0025f860000800e003000000003e
:020000040000fa
:020000041d00dd
:1082d80020000524000082800d004510f7ff43248c
:1082e8000500632c0a0060142b0003240a004310c5
:1082f8002d00032403004314252800000100052451
:108308000100842425100000070000100a0007243b
:10831800f0ff001001008424f9ff00102528000058
:10832800010084242310430000008380d0ff6324cd
:108338000a00662cfaffc054021047700100a050d2
:0c834800231002000800e0030000000009
:020000040000fa
:020000041d00dd
:1083540000000524254805002538050025300400c3
:108364000c00c010000000000600c1040000000062
:108374000080093c2b50050023280500233006000b
:108384002330ca001e0407242040c8702338e800a4
:1083940004300601c24205004055060025400a018a
:1083a4004050060002530a0025482a0100550700e0
:1083b40025482a0125100800251809000800e003b3
:0883c4000000000000000000b1
:020000040000fa
:020000041d00dd
:1083cc00e0ffbd271000b0af0280a6701800b2af5e
:1083dc002590c0001400b1af0a9005002588a000bc
:1083ec00252880002520e0001c00bfaf5022400f44
:1083fc0025300002040002121c00bf8f1b0051002c
:10840c00f401200212900000251040021400b18fdc
:10841c001800b28f1000b08f0800e0032000bd27b9
:020000040000fa
:020000041d00dd
:10842c000400a28ce0ffbd27ff0083300001423026
:10843c001c00bfaf0a0040101000a3a31400a28cb4
:10844c00ff008430010046241400a6ac000043a0b9
:10845c001c00bf8f251080000800e0032000bd2702
:10846c002520a000010006245022400f1000a52753
:10847c00f7ff4010ffff0424f5ff00101000a49339
:020000040000fa
:020000041d00dd
:10848c001000828ce0ffbd271800b1af2b88c20012
:10849c000a3051001c00bfaf0c00c0101400b0af6c
:1084ac00258080001400848c2722400f2588c00072
:1084bc001400028e1000068e211051002388d1006a
:1084cc00140002ae100011ae000040a01c00bf8fc3
:1084dc001800b18f1400b08f0800e0032000bd27f6
:020000040000fa
:020000041d00dd
:1084ec00e0ffbd271c00bfaf1800b2af1400b1af46
:1084fc001000b0af2590a0001022400f25888000fe
:10850c00253040002538400225202002010005249a
:10851c00f320400f258040001c00bf8f2610500018
:10852c002b100200231002001800b28f1400b18f20
:0c853c001000b08f0800e0032000bd27f5
:020000040000fa
:020000041d00dd
:10854800416c61726d205472696767657265642158
:108558000000000048656c6c6f20576f726c6420d7
:108568004932432d3200000048656c6c6f20576f0c
:10857800726c6420554152542d310d0a0a000000d6
:1085880048656c6c6f20576f726c640000000000c7
:088598000000000000f88f4014
:020000040000fa
:020000041d00dd
:1085a000019d063c25100000488ac62440180200a0
:1085b00021186600000067800300e0540000858ced
:1085c0000800e00301006290010042240000a8803e
:1085d00004000715ff004230010062900100a5244d
:1085e000000085ac0b00432cf1ff60144018020022
:0885f0000800e0030000000098
:020000040000fa
:020000041d00dd
:1085f8000000043ce8ffbd2700008424030080102d
:108608001400bfaf09f880000000000000008430ab
:108618000000a530009d083c7069082509f8000194
:10862800000000000000023c00004224030040104b
:108638000000000009f8400000000000f9ff0010e9
:04864800000000002e
:020000040000fa
:020000041d00dd
:10864c008000a32810006014251000008200a328cd
:10865c0003006014830003240b00a314000000002b
:10866c000000c28c070042240410027c0800432442
:10867c000000c3ac0400438c0000428c040083acab
:10868c00000082ac010002240800e003000000009e
:020000040000fa
:020000041d00dd
:10869c00e8ffbd271000b0af00a0103c8400028e94
:1086ac001400bfaf3b21400f0000458c0600400476
:1086bc00010003248400028e0a0004247022400f5f
:1086cc000000458cc21f02001400bf8f2310030052
:0c86dc001000b08f0800e0031800bd275c
:020000040000fa
:020000041d00dd
:1086e8000000023c00004224050040100000023c4b
:1086f8000000422403004010019d023c3f0000702e
:10870800019d023cc0874224050040100000000083
:10871800e8ffbd271400bfaf09f8400000000000c3
:08872800ffff0010000000003b
:020000040000fa
:020000041d00dd
:108730000000023c00004224050040100000023c02
:108740000000422403004010019d023c3f000070e5
:10875000019d023cc087422405004010000000003b
:10876000e8ffbd271400bfaf09f84000000000007b
:08877000ffff001000000000f3
:020000040000fa
:020000041d00dd
:108778000000023c00004224070040100000023cb8
:108788000000422405004050019d023c3f0000705b
:108798000800e00300000000019d023cc08742245d
:1087a800030040100000000009f84000000000002d
:0887b8000800e00300000000ce
:020000040000fa
:020000041d00dd
:1087c00000606041c000000099aa033c81bf023ce8
:1087d0005566632430f240ac30f243ac6655033c3e
:1087e000aa99633430f243ac81bf023c01000324f8
:1087f00018f643ac81bf023c10f6428cf221400bcc
:048800000000000074
:020000040000fa
:020000041d00dd
:10880400e0ffbd271800b0af1000a6af25808000a0
:108814001c00bfaf841a400f1000a6270400038e6b
:108824001c00bf8fffff0424100063300b10830073
:0c8834001800b08f0800e0032000bd27f2
:020000040000fa
:020000041d00dd
:108840000000828008004010000000002510800019
:108850000100422400004380feff605401004224d6
:108860000800e003231044000800e0032510000086
:020000040000fa
:020000041d00dd
:10887000e8ffbd271400bfaf5822400f00000000e2
:10888000ae22400f00000000ae22400f00000000aa
:0c8890001400bf8f0800e0031800bd2793
:020000040000fa
:020000041d00dd
:10889c000800c010251080002130860025188000ab
:1088ac000100a524ffffa79001006324fcff6614c0
:0c88bc00ffff67a00800e00300000000c0
:020000040000fa
:020000041d00dd
:1088c800e0ffbd272800a6af2800a6271c00bfafe1
:1088d8002c00a7af3c22400f1000a6af1c00bf8f92
:0888e8000800e0032000bd2799
:020000040000fa
:020000041d00dd
:1088f0002538c0002530a000ff7f053ce8ffbd27dc
:108900001400bfaf7720400fffffa5341400bf8fc6
:088910000800e0031800bd2778
:020000040000fa
:020000041d00dd
:108918000700c01025108000202c057c213086001f
:108928002518800001006324feff6614ffff65a080
:088938000800e003000000004c
:020000040000fa
:020000041d00dd
:108940000000848ce8ffbd271400bfaf5520400f06
:10895000000000001400bf8f0800e0031800bd27ce
:020000040000fa
:020000041d00dd
:1089600000a0023c2400422400a0033c200062ac92
:1089700000a0033c1c0062ac0800e0030000000003
:020000040000fa
:020000041d00dd
:108980000000848ce8ffbd271400bfaf5520400fc6
:10899000000000001400bf8f0800e0031800bd278e
:020000040000fa
:020000041d00dd
:1089a00000008c90ffffc624010084240000aca0ce
:1089b000fbffc0140100a5240800e003251080007f
:020000040000fa
:020000041d00dd
:1089c000e8ffbd271400bfaf0b21400f00000000df
:0c89d0001400bf8f0800e0031800bd2752
:020000040000fa
:020000041d00dd
:1089dc00bfff83241a00632c020060102510800056
:0c89ec00200082340800e00300000000be
:020000040000fa
:020000041d00dd
:1089f800e8ffbd271400bfaf7722400f000000003a
:0c8a08001400bf8f0800e0031800bd2719
:020000040000fa
:020000041d00dd
:108a18000000200201000003000000000b0000001d
:088a2800010000000000000045
:020000040000fa
:020000041d00dd
:108a300000601a40bfff1b3cffff7b3724d05b0365
:088a400000609a40180000429a
:020000040000fa
:020000041d00dd
:108a480068076c094c836a9074a07ac000806888b3
:088a580000846c820081000023
:020000040000fa
:020000041d00dd
:108a6000ffffc6240000a0a0fdffc0140100a52444
:088a70000800e003251080005e
:020000040000fa
:020000041d00dd
:108a7800608a009da089009d5c82009d5c82009dab
:048a88005c82009d6f
:020000040000fa
:020000041d00dd
:0c8a8c00286e696c290000002500000025
:020000040000fa
:020000041d00dd
:088a98000800e00300000000eb
:020000040000fa
:020000041d00dd
:088aa0000800e00300000000e3
:020000040000fa
:020000041d00dd
:088aa8000800e00300000000db
:020000040000fa
:020000041d00dd
:108ab0000800e003251000000800e00300000000ab
:020000040000fa
:020000041d00dd
:088ac0000800e003251000008e
:020000040000fa
:020000041d00dd
:088ac8000800e0032510000086
:020000040000fa
:020000041d00dd
:088ad0000800e003251000007e
:020000040000fa
:020000041d00dd
:088ad8000800e0032510000076
:020000040000fa
:020000041d00dd
:088ae0000800e003251000006e
:00000001FF
